pl_name,hostname,hostname_canon,discoverymethod,discoverymethod_canon,disc_year,disc_year_int,disc_year_bad,disc_era,pl_orbper,pl_rade,pl_bmasse,pl_eqt,sy_dist,ra,dec
Kepler-1167 b,Kepler-1167,kepler-1167,Transit,transit,2016,2016,false,2010s,1.003933739,1.71,3.57,1419.0,820.905,298.3026595,47.6939654
Kepler-1581 b,Kepler-1581,kepler-1581,Transit,transit,2016,2016,false,2010s,6.28385491,0.8,0.437,1108.0,493.175,287.3713199,39.6036225
Kepler-644 b,Kepler-644,kepler-644,Transit,transit,2016,2016,false,2010s,3.173917103,3.15,10.1,1655.0,1318.05,295.4757022,43.4931119
Kepler-280 c,Kepler-280,kepler-280,Transit,transit,2014,2014,false,2010s,4.807091,2.01,4.7,1088.0,780.361,291.3905325,42.1804735
Kepler-1208 b,Kepler-1208,kepler-1208,Transit,transit,2016,2016,false,2010s,11.08507637,2.32,5.99,665.0,825.176,291.8812445,44.5557587
Kepler-263 c,Kepler-263,kepler-263,Transit,transit,2014,2014,false,2010s,47.332773,2.47,6.66,386.0,754.747,292.4698022,37.5677941
Kepler-1101 b,Kepler-1101,kepler-1101,Transit,transit,2016,2016,false,2010s,81.3151059,2.47,6.66,393.0,742.473,294.5693544,45.6711623
K2-19 b,K2-19,k2-19,Transit,transit,2015,2015,false,2010s,7.9222,7.0,32.4,779.0,289.827,174.9602543,0.603596
Kepler-560 b,Kepler-560,kepler-560,Transit,transit,2016,2016,false,2010s,18.47764449,1.72,3.61,298.0,109.308,300.2066441,45.0182402
Kepler-150 d,Kepler-150,kepler-150,Transit,transit,2014,2014,false,2010s,12.56093,2.79,8.2,734.0,891.092,288.2341025,40.520897
Kepler-498 b,Kepler-498,kepler-498,Transit,transit,2016,2016,false,2010s,9.61375356,3.03,9.43,931.0,938.844,290.3581592,44.5187225
Kepler-817 b,Kepler-817,kepler-817,Transit,transit,2016,2016,false,2010s,3.990106229,9.03,60.2,1124.0,1484.46,296.0818498,39.161614
Kepler-937 b,Kepler-937,kepler-937,Transit,transit,2016,2016,false,2010s,67.668827,3.72,13.4,495.0,1571.46,294.1688142,46.7146161
K2-10 b,K2-10,k2-10,Transit,transit,2015,2015,false,2010s,19.30553,3.773,25.2,649.0,272.36,172.1216476,1.6906217
Kepler-571 b,Kepler-571,kepler-571,Transit,transit,2016,2016,false,2010s,4.798599388,2.64,7.46,978.0,723.875,286.5510448,49.418731
Kepler-1458 b,Kepler-1458,kepler-1458,Transit,transit,2016,2016,false,2010s,47.9872764,2.76,8.05,493.0,544.45,283.2115971,41.0380135
Kepler-221 d,Kepler-221,kepler-221,Transit,transit,2014,2014,false,2010s,10.04156,2.73,3.61,712.0,385.231,296.6547477,46.8352242
Kepler-626 b,Kepler-626,kepler-626,Transit,transit,2016,2016,false,2010s,14.48585199,2.29,5.86,784.0,635.643,288.6986828,39.7082044
Kepler-1549 b,Kepler-1549,kepler-1549,Transit,transit,2016,2016,false,2010s,214.886545,2.57,7.13,286.0,803.052,286.0524399,39.0960281
K2-62 c,K2-62,k2-62,Transit,transit,2016,2016,false,2010s,16.19697,1.99,4.62,495.0,112.467,334.3645089,-12.1874776
Kepler-1149 b,Kepler-1149,kepler-1149,Transit,transit,2016,2016,false,2010s,3.73089898,1.44,2.67,1128.0,1217.73,294.1891824,45.1515263
Kepler-1288 b,Kepler-1288,kepler-1288,Transit,transit,2016,2016,false,2010s,2.76122421,1.12,1.46,2017.0,814.078,285.7135,41.6058799
Kepler-128 b,Kepler-128,kepler-128,Transit,transit,2013,2013,false,2010s,15.0,1.421,3.79,968.0,396.379,282.4922622,43.9802442
Kepler-1245 b,Kepler-1245,kepler-1245,Transit,transit,2016,2016,false,2010s,4.35409304,1.44,2.67,1043.0,805.936,290.7443078,43.260753
Kepler-1068 b,Kepler-1068,kepler-1068,Transit,transit,2016,2016,false,2010s,16.92344113,3.63,12.8,702.0,1473.61,294.6481708,46.3923173
Kepler-311 c,Kepler-311,kepler-311,Transit,transit,2014,2014,false,2010s,19.738286,1.43,2.63,744.0,778.654,282.0612731,47.0854984
Kepler-150 e,Kepler-150,kepler-150,Transit,transit,2014,2014,false,2010s,30.826557,3.12,9.91,544.0,891.092,288.2341025,40.520897
Kepler-272 c,Kepler-272,kepler-272,Transit,transit,2014,2014,false,2010s,6.057342,1.79,97.8,947.0,889.608,299.1275257,47.5938319
Kepler-152 c,Kepler-152,kepler-152,Transit,transit,2014,2014,false,2010s,88.255055,2.39,6.3,326.0,441.09,286.8653826,41.9889571
Kepler-1506 b,Kepler-1506,kepler-1506,Transit,transit,2016,2016,false,2010s,14.0329154,1.32,2.3,783.0,2366.02,290.1498822,41.4645625
HD 156279 b,HD 156279,hd 156279,Radial Velocity,radial velocity,2011,2011,false,2010s,133.40355,12.5,2997.75753482,,36.1945,258.0966686,63.3527828
HD 156279 c,HD 156279,hd 156279,Radial Velocity,radial velocity,2018,2018,false,2010s,4818.25358,12.5,3098.82696825,,36.1945,258.0966686,63.3527828
HD 79498 b,HD 79498,hd 79498,Radial Velocity,radial velocity,2011,2011,false,2010s,1807.0,13.6,425.8922,,48.9489,138.7885794,23.3748792
HD 3167 b,HD 3167,hd 3167,Transit,transit,2016,2016,false,2010s,0.959641,1.67,4.97,1774.0,47.2899,8.7401487,4.3807215
HD 114783 c,HD 114783,hd 114783,Radial Velocity,radial velocity,2018,2018,false,2010s,4352.0,13.4,603.8739733,,21.0628,198.1818436,-2.2649921
GJ 876 e,GJ 876,gj 876,Radial Velocity,radial velocity,2010,2010,false,2010s,124.26,3.92,14.6,,4.67517,343.3239737,-14.2665958
HD 8535 b,HD 8535,hd 8535,Radial Velocity,radial velocity,2010,2010,false,2010s,1313.0,14.0,216.1244,,55.4401,20.9054804,-41.2701007
HD 37605 c,HD 37605,hd 37605,Radial Velocity,radial velocity,2012,2012,false,2010s,2720.0,13.1,1013.8777,,46.7864,85.0074276,6.0595116
HD 1605 c,HD 1605,hd 1605,Radial Velocity,radial velocity,2015,2015,false,2010s,2149.0,13.0,1150.5446,,88.8047,5.1317548,30.9750611
CoRoT-17 b,CoRoT-17,corot-17,Transit,transit,2011,2011,false,2010s,3.7681,11.43,772.29,1626.0,1176.12,278.699236,-6.612288
HD 132563 b,HD 132563,hd 132563,Radial Velocity,radial velocity,2011,2011,false,2010s,1544.0,13.6,473.547,,105.155,224.5892892,44.0428571
HD 55696 b,HD 55696,hd 55696,Radial Velocity,radial velocity,2018,2018,false,2010s,1827.0,12.9,1357.12729789,,77.9693,108.0622029,-38.174639
HD 148164 b,HD 148164,hd 148164,Radial Velocity,radial velocity,2018,2018,false,2010s,328.55,13.7,390.9309,,77.1971,246.4351678,11.9190729
24 Sex c,24 Sex,24 sex,Radial Velocity,radial velocity,2010,2010,false,2010s,883.0,13.9,273.32,,72.0691,155.8684866,-0.9023998
HD 22781 b,HD 22781,hd 22781,Radial Velocity,radial velocity,2011,2011,false,2010s,528.07,12.3,4338.2,,32.6034,55.2065581,31.8258855
HD 148164 c,HD 148164,hd 148164,Radial Velocity,radial velocity,2018,2018,false,2010s,5062.0,12.8,1640.0028,,77.1971,246.4351678,11.9190729
HD 3167 c,HD 3167,hd 3167,Transit,transit,2016,2016,false,2010s,29.8454,3.0,11.13,564.0,47.2899,8.7401487,4.3807215
MOA-2009-BLG-266L b,MOA-2009-BLG-266L,moa-2009-blg-266l,Microlensing,microlensing,2011,2011,false,2010s,2800.0,3.21,10.4,,3040.0,267.008125,-35.0054111
Kepler-595 b,Kepler-595,kepler-595,Transit,transit,2016,2016,false,2010s,25.3029092,3.708,17.4,535.0,643.009,294.5703593,50.6730147
HD 177830 c,HD 177830,hd 177830,Radial Velocity,radial velocity,2010,2010,false,2010s,110.9,7.87,47.6725,,62.7674,286.3363574,25.9204327
CoRoT-18 b,CoRoT-18,corot-18,Transit,transit,2011,2011,false,2010s,1.9000693,14.68,1102.82,1550.0,764.889,98.1724172,-0.0316045
Kepler-45 b,Kepler-45,kepler-45,Transit,transit,2011,2011,false,2010s,2.455239,10.76,160.497,1000.0,381.949,292.8729292,41.0641727
WASP-23 b,WASP-23,wasp-23,Transit,transit,2010,2010,false,2010s,2.9444256,10.783,280.95,1076.55,207.49,101.1275033,-42.7622296
MOA-2009-BLG-387L b,MOA-2009-BLG-387L,moa-2009-blg-387l,Microlensing,microlensing,2010,2010,false,2010s,1980.0,13.2,830.0,,5690.0,268.461625,-33.9903333
CoRoT-11 b,CoRoT-11,corot-11,Transit,transit,2010,2010,false,2010s,2.99433,16.03,740.51,1657.0,655.037,280.6872998,5.9376586
2MASS J04414489+2301513 b,2MASS J04414489+2301513,2mass j04414489+2301513,Imaging,imaging,2010,2010,false,2010s,,12.6,2383.6,,120.42398696,70.4371079,23.0308544
GJ 3634 b,GJ 3634,gj 3634,Radial Velocity,radial velocity,2010,2010,false,2010s,2.64561,2.83,8.4,,20.3779,164.6433493,-31.1443383
CoRoT-13 b,CoRoT-13,corot-13,Transit,transit,2010,2010,false,2010s,4.03519,9.92,415.704,1700.0,1148.93,102.7211432,-5.0864557
HD 221416 b,HD 221416,hd 221416,Transit,transit,2019,2019,false,2010s,14.2767,9.17,60.5,789.15,95.5483,353.0331863,-21.8012007
CoRoT-8 b,CoRoT-8,corot-8,Transit,transit,2010,2010,false,2010s,6.21229,6.39,69.92,870.0,322.037,291.5885696,1.4262972
Kepler-18 c,Kepler-18,kepler-18,Transit,transit,2011,2011,false,2010s,7.64159,5.49,17.3,899.0,433.047,298.0794448,44.746248
Kepler-18 b,Kepler-18,kepler-18,Transit,transit,2011,2011,false,2010s,3.504725,2.0,6.9,1165.0,433.047,298.0794448,44.746248
WASP-38 b,WASP-38,wasp-38,Transit,transit,2010,2010,false,2010s,6.87188,13.78707,1093.3352,1250.0,136.24,243.9597194,10.0324103
Kepler-18 d,Kepler-18,kepler-18,Transit,transit,2011,2011,false,2010s,14.85888,6.98,16.4,720.0,433.047,298.0794448,44.746248
HAT-P-37 b,HAT-P-37,hat-p-37,Transit,transit,2011,2011,false,2010s,2.797436,13.204,371.528,1271.0,390.594,284.2960393,51.2691212
Kepler-419 c,Kepler-419,kepler-419,Transit Timing Variations,transit timing variations,2014,2014,false,2010s,675.47,12.6,2320.1,,1011.36,295.4179125,51.1847629
51 Eri b,51 Eri,51 eri,Imaging,imaging,2015,2015,false,2010s,9100.0,,3464.3296363,700.0,29.7575,69.4007424,-2.4738245
WASP-67 b,WASP-67,wasp-67,Transit,transit,2012,2012,false,2010s,4.61442,12.89035,136.6669,1003.0,189.469,295.7438485,-19.9497314
CoRoT-14 b,CoRoT-14,corot-14,Transit,transit,2010,2010,false,2010s,1.51214,12.22,2415.4,1952.0,1744.6,103.4242023,-5.5360385
Kepler-419 b,Kepler-419,kepler-419,Transit,transit,2014,2014,false,2010s,69.7546,10.8,794.5,613.0,1011.36,295.4179125,51.1847629
WASP-31 b,WASP-31,wasp-31,Transit,transit,2010,2010,false,2010s,3.4059096,17.363,151.916,1423.7,383.829,169.4388603,-19.0547781
Kepler-59 c,Kepler-59,kepler-59,Transit,transit,2012,2012,false,2010s,17.9801235,1.98,3.81,752.0,1163.22,287.0394932,46.6401677
Kepler-58 c,Kepler-58,kepler-58,Transit,transit,2012,2012,false,2010s,15.5741568,2.86,53.0,799.0,969.252,296.3586251,39.1152033
HD 154857 c,HD 154857,hd 154857,Radial Velocity,radial velocity,2014,2014,false,2010s,3452.0,13.2,819.97,,63.4482,257.816194,-56.681038
KOI-217 b,KOI-217,koi-217,Transit,transit,2010,2010,false,2010s,3.90512,12.442,,1046.0,914.699,294.8654667,46.2858128
Kepler-51 c,Kepler-51,kepler-51,Transit,transit,2012,2012,false,2010s,85.312,9.0,4.0,439.0,783.831,296.4797624,49.9376486
Kepler-62 c,Kepler-62,kepler-62,Transit,transit,2013,2013,false,2010s,12.4417,0.54,4.0,578.0,300.874,283.2125621,45.3496992
Kepler-62 b,Kepler-62,kepler-62,Transit,transit,2013,2013,false,2010s,5.714932,1.31,9.0,750.0,300.874,283.2125621,45.3496992
GJ 667 C b,GJ 667 C,gj 667 c,Radial Velocity,radial velocity,2012,2012,false,2010s,7.203,2.25,5.68,,7.24396,259.7510609,-34.9977651
Kepler-59 b,Kepler-59,kepler-59,Transit,transit,2012,2012,false,2010s,11.8681707,1.1,4.1,864.0,1163.22,287.0394932,46.6401677
Kepler-53 b,Kepler-53,kepler-53,Transit,transit,2012,2012,false,2010s,18.6489525,2.89,111.0,701.0,1366.07,290.4617926,40.5624966
UZ For b,UZ For,uz for,Eclipse Timing Variations,eclipse timing variations,2011,2011,false,2010s,5840.0,,2002.2,,239.60387482,53.8694682,-25.7393857
Kepler-69 b,Kepler-69,kepler-69,Transit,transit,2013,2013,false,2010s,13.722341,2.24,5.65,779.0,730.625,293.2609013,44.8688656
HIP 5158 c,HIP 5158,hip 5158,Radial Velocity,radial velocity,2011,2011,false,2010s,9017.76,12.2,4780.1632,,51.6026,16.5094891,-22.4536134
HU Aqr AB b,HU Aqr,hu aqr,Eclipse Timing Variations,eclipse timing variations,2011,2011,false,2010s,2390.0,12.8,1875.197,,192.19807871,316.9921976,-5.2948694
Kepler-37 e,Kepler-37,kepler-37,Transit Timing Variations,transit timing variations,2014,2014,false,2010s,51.196,0.37,8.1,401.0,63.9207,284.0592503,44.5183733
Kepler-65 d,Kepler-65,kepler-65,Transit,transit,2012,2012,false,2010s,8.13123,1.52,4.14,1117.0,303.728,288.6887221,41.1511076
Kepler-52 c,Kepler-52,kepler-52,Transit,transit,2012,2012,false,2010s,16.3850021,1.84,45.4,433.0,321.542,286.7380152,49.9757383
Kepler-55 b,Kepler-55,kepler-55,Transit,transit,2012,2012,false,2010s,27.9481449,2.43,43.0,400.0,578.796,285.1683291,44.0264898
UZ For c,UZ For,uz for,Eclipse Timing Variations,eclipse timing variations,2011,2011,false,2010s,1916.25,,2447.2,,239.60387482,53.8694682,-25.7393857
Kepler-413 b,Kepler-413,kepler-413,Transit,transit,2014,2014,false,2010s,66.262,4.347,67.0,,847.536,288.5106679,51.1624235
HAT-P-42 b,HAT-P-42,hat-p-42,Transit,transit,2012,2012,false,2010s,4.641878,14.348,331.801,1428.0,405.238,135.3443583,6.0970828
WASP-59 b,WASP-59,wasp-59,Transit,transit,2012,2012,false,2010s,7.919585,8.687,274.276,670.0,115.936,349.6229547,24.889277
HAT-P-39 b,HAT-P-39,hat-p-39,Transit,transit,2012,2012,false,2010s,3.54387,17.609,190.372,1752.0,697.004,113.7582526,17.8300283
alf Ari b,alf Ari,alf ari,Radial Velocity,radial velocity,2010,2010,false,2010s,380.8,13.4,572.07,,20.21019,31.793286,23.462421
KOI-55 b,KOI-55,koi-55,Orbital Brightness Modulation,orbital brightness modulation,2011,2011,false,2010s,0.240104,0.759,0.44,,1231.02,296.3561853,41.0927315
GJ 536 b,GJ 536,gj 536,Radial Velocity,radial velocity,2016,2016,false,2010s,8.70874,2.41,6.37,451.0,10.4092,210.2597264,-2.6522901
WTS-2 b,WTS-2,wts-2,Transit,transit,2014,2014,false,2010s,1.0187068,15.277867,355.9696,2000.0,1030.76834437,293.7327826,36.8154936
WASP-100 b,WASP-100,wasp-100,Transit,transit,2014,2014,false,2010s,2.84938,14.90797,400.4658,2190.0,364.411,68.9598159,-64.027039
KELT-6 c,KELT-6,kelt-6,Radial Velocity,radial velocity,2015,2015,false,2010s,1276.0,13.0,1179.1493,,240.726,195.9818362,30.640145
KOI-55 c,KOI-55,koi-55,Orbital Brightness Modulation,orbital brightness modulation,2011,2011,false,2010s,0.342887,0.867,0.655,,1231.02,296.3561853,41.0927315
Ross 458 c,Ross 458,ross 458,Imaging,imaging,2010,2010,false,2010s,,14.01125,1906.98,,11.5094,195.1912147,12.3755996
Kepler-38 b,Kepler-38,kepler-38,Transit,transit,2012,2012,false,2010s,105.599,4.3,122.0,475.0,1174.59,286.830312,42.2791434
Kepler-30 d,Kepler-30,kepler-30,Transit,transit,2012,2012,false,2010s,143.34394,8.8,23.1,308.0,914.221,285.2836483,38.9472625
ROXs 42 B b,ROXs 42 B,roxs 42 b,Imaging,imaging,2013,2013,false,2010s,,12.5,2860.0,1975.0,143.59,247.8125493,-24.545577
Kepler-50 c,Kepler-50,kepler-50,Transit,transit,2012,2012,false,2010s,9.37647,2.17,8.2,1125.0,250.11,288.1009312,50.0336844
HD 233604 b,HD 233604,hd 233604,Radial Velocity,radial velocity,2013,2013,false,2010s,192.0,12.7,2089.644,,847.058,137.4535054,53.5682016
WD 0806-661 b,WD 0806-661,wd 0806-661,Imaging,imaging,2011,2011,false,2010s,,12.6,2542.627256,340.0,19.2444,121.7275683,-66.3058835
Kepler-63 b,Kepler-63,kepler-63,Transit,transit,2013,2013,false,2010s,9.4341505,6.11,120.0,791.0,194.033,289.2262876,49.5482814
Kepler-77 b,Kepler-77,kepler-77,Transit,transit,2013,2013,false,2010s,3.57878087,10.761,136.661,1440.0,639.411,289.6079433,44.3454347
HAT-P-44 c,HAT-P-44,hat-p-44,Radial Velocity,radial velocity,2014,2014,false,2010s,872.2,13.0,1271.3,,347.85,213.1438604,47.0147826
HATS-5 b,HATS-5,hats-5,Transit,transit,2014,2014,false,2010s,4.763387,10.223,75.323,1025.0,246.384,67.2228465,-21.4820568
HD 10180 d,HD 10180,hd 10180,Radial Velocity,radial velocity,2010,2010,false,2010s,16.357,,3295.88058059,,38.9607,24.4731133,-60.5114881
WTS-1 b,WTS-1,wts-1,Transit,transit,2012,2012,false,2010s,3.352057,16.7,1274.44,1500.0,2346.01,293.9850284,36.2962939
CoRoT-26 b,CoRoT-26,corot-26,Transit,transit,2013,2013,false,2010s,4.20474,14.12,165.26,1600.0,1045.18,279.7504991,6.9697828
CoRoT-25 b,CoRoT-25,corot-25,Transit,transit,2013,2013,false,2010s,4.86069,12.11,85.81,1330.0,1103.48,280.6296561,6.5138223
Kepler-186 b,Kepler-186,kepler-186,Transit,transit,2014,2014,false,2010s,3.8867907,1.07,1.24,571.0,177.594,298.652736,43.9549884
91 Aqr b,91 Aqr,91 aqr,Radial Velocity,radial velocity,2013,2013,false,2010s,181.4,13.1,1017.0,,44.0304,348.9745031,-9.0878076
GJ 163 b,GJ 163,gj 163,Radial Velocity,radial velocity,2013,2013,false,2010s,8.63182,3.25,10.6,,15.1285,62.3228353,-53.3711768
Kepler-27 c,Kepler-27,kepler-27,Transit,transit,2011,2011,false,2010s,31.3309,4.9,4385.87,481.0,1044.36,292.2367608,41.085871
Kepler-27 b,Kepler-27,kepler-27,Transit,transit,2011,2011,false,2010s,15.3348,4.0,2895.31,610.0,1044.36,292.2367608,41.085871
BD-06 1339 b,BD-06 1339,bd-06 1339,Radial Velocity,radial velocity,2013,2013,false,2010s,3.8728,,1523.03372634,,20.2695,88.2511811,-5.9963378
Kepler-186 d,Kepler-186,kepler-186,Transit,transit,2014,2014,false,2010s,13.342996,1.4,2.54,379.0,177.594,298.652736,43.9549884
Kepler-11 d,Kepler-11,kepler-11,Transit,transit,2010,2010,false,2010s,22.6845,3.12,7.3,653.0,646.346,297.1150949,41.9091092
Kepler-11 b,Kepler-11,kepler-11,Transit,transit,2010,2010,false,2010s,10.3039,1.8,1.9,849.0,646.346,297.1150949,41.9091092
Kepler-31 c,Kepler-31,kepler-31,Transit,transit,2011,2011,false,2010s,42.6318,5.3,1493.7,615.0,1664.64,294.0230229,45.8530535
Kepler-32 c,Kepler-32,kepler-32,Transit,transit,2011,2011,false,2010s,8.7522,2.0,158.9,451.0,323.847,297.8423073,46.5743595
HD 66141 b,HD 66141,hd 66141,Radial Velocity,radial velocity,2012,2012,false,2010s,480.5,12.8,1906.9,,68.1509,120.5662825,2.3350265
HD 208527 b,HD 208527,hd 208527,Radial Velocity,radial velocity,2012,2012,false,2010s,875.5,12.5,3146.4,,312.202,329.0999413,21.239922
MOA-bin-1L b,MOA-bin-1L,moa-bin-1l,Microlensing,microlensing,2012,2012,false,2010s,,13.0,1200.0,,5100.0,261.7925,-29.7939722
GU Psc b,GU Psc,gu psc,Imaging,imaging,2014,2014,false,2010s,,14.179,3591.3,1050.0,47.5501,18.146485,17.0650029
GJ 163 c,GJ 163,gj 163,Radial Velocity,radial velocity,2013,2013,false,2010s,25.63058,2.5,6.8,,15.1285,62.3228353,-53.3711768
GJ 163 d,GJ 163,gj 163,Radial Velocity,radial velocity,2013,2013,false,2010s,603.95116,5.92,29.4,,15.1285,62.3228353,-53.3711768
Kepler-32 d,Kepler-32,kepler-32,Transit,transit,2012,2012,false,2010s,22.7802,2.7,39.9089,328.0,323.847,297.8423073,46.5743595
Kepler-31 d,Kepler-31,kepler-31,Transit,transit,2014,2014,false,2010s,87.6451,3.9,2161.244,484.0,1664.64,294.0230229,45.8530535
HAT-P-45 b,HAT-P-45,hat-p-45,Transit,transit,2014,2014,false,2010s,3.128992,15.984,283.492,1652.0,298.64,274.3732697,-3.3810594
HAT-P-44 b,HAT-P-44,hat-p-44,Transit,transit,2014,2014,false,2010s,4.301219,13.922,111.871,1108.0,347.85,213.1438604,47.0147826
MOA-2010-BLG-073L b,MOA-2010-BLG-073L,moa-2010-blg-073l,Microlensing,microlensing,2012,2012,false,2010s,,12.4,3500.0,,2800.0,272.547258,-26.5229319
HAT-P-27 b,HAT-P-27,hat-p-27,Transit,transit,2011,2011,false,2010s,3.039577,11.43,197.05,1091.99,199.173,222.7673221,5.9473626
DENIS-P J082303.1-491201 b,DENIS-P J082303.1-491201,denis-p j082303.1-491201,Astrometry,astrometry,2013,2013,false,2010s,246.36,11.9,9057.77,,20.77,125.7620668,-49.2003008
HIP 63242 b,HIP 63242,hip 63242,Radial Velocity,radial velocity,2013,2013,false,2010s,124.6,12.5,2917.56,,156.456,194.3824825,-65.6463263
Kepler-31 b,Kepler-31,kepler-31,Transit,transit,2011,2011,false,2010s,20.8613,5.5,36.7418,781.0,1664.64,294.0230229,45.8530535
Kepler-32 f,Kepler-32,kepler-32,Transit,transit,2012,2012,false,2010s,0.74296,0.82,969.228,1026.0,323.847,297.8423073,46.5743595
Kepler-424 c,Kepler-424,kepler-424,Radial Velocity,radial velocity,2014,2014,false,2010s,223.3,12.7,2215.18,,698.646,298.6249797,48.57745
Kepler-134 c,Kepler-134,kepler-134,Transit,transit,2014,2014,false,2010s,10.105785,1.26,2.13,892.0,334.797,284.7391156,49.5984448
Kepler-210 b,Kepler-210,kepler-210,Transit,transit,2014,2014,false,2010s,2.453234,2.94,8.96,737.0,232.75,292.5034196,43.0832188
Kepler-422 b,Kepler-422,kepler-422,Transit,transit,2014,2014,false,2010s,7.8914483,12.89,136.66,1028.0,722.795,282.6296334,46.3232807
Kepler-426 b,Kepler-426,kepler-426,Transit,transit,2014,2014,false,2010s,3.21751883,12.22,108.06,1300.0,843.695,289.4346668,49.473455
Kepler-16 b,Kepler-16,kepler-16,Transit,transit,2011,2011,false,2010s,228.776,8.4493,105.833,,75.0852,289.0758307,51.757229
KOI-94 d,KOI-94,koi-94,Transit,transit,2013,2013,false,2010s,22.342989,11.27,106.0,806.0,477.052,297.3330716,41.8911186
KOI-94 b,KOI-94,koi-94,Transit,transit,2013,2013,false,2010s,3.743208,1.71,10.5,1486.0,477.052,297.3330716,41.8911186
Kepler-35 b,Kepler-35,kepler-35,Transit,transit,2011,2011,false,2010s,131.458,8.16,40.363,,1819.17,294.496955,46.6896733
HD 103774 b,HD 103774,hd 103774,Radial Velocity,radial velocity,2013,2013,false,2010s,5.8881,13.3,116.0,,56.4089,179.2310729,-12.1079951
HD 109271 b,HD 109271,hd 109271,Radial Velocity,radial velocity,2013,2013,false,2010s,7.8543,4.31,17.162,,55.8716,188.397397,-11.6215204
Kepler-415 c,Kepler-415,kepler-415,Transit Timing Variations,transit timing variations,2014,2014,false,2010s,8.708,2.01,4.7,543.0,530.487,293.8045041,38.6390517
Kepler-428 b,Kepler-428,kepler-428,Transit,transit,2014,2014,false,2010s,3.52563254,12.11,403.63,1070.0,686.284,290.5817432,40.5773106
Kepler-425 b,Kepler-425,kepler-425,Transit,transit,2014,2014,false,2010s,3.79701816,10.962,79.45,1070.0,646.647,290.3579781,40.5676965
WASP-70 A b,WASP-70 A,wasp-70 a,Transit,transit,2014,2014,false,2010s,3.7130203,13.047,187.512,1387.0,222.355,315.4771912,-13.4333821
KOI-94 e,KOI-94,koi-94,Transit,transit,2013,2013,false,2010s,54.32031,6.56,35.0,584.0,477.052,297.3330716,41.8911186
Kepler-396 c,Kepler-396,kepler-396,Transit,transit,2013,2013,false,2010s,88.505,5.3,17.9,390.0,223.757,296.1328135,48.9773095
MOA-2010-BLG-477L b,MOA-2010-BLG-477L,moa-2010-blg-477l,Microlensing,microlensing,2012,2012,false,2010s,,13.6,480.0,,2300.0,271.531006,-31.4544773
HD 166724 b,HD 166724,hd 166724,Radial Velocity,radial velocity,2012,2012,false,2010s,5144.0,13.0,1207.7479466,,45.1342,273.4988604,-42.5757218
Kepler-122 f,Kepler-122,kepler-122,Transit Timing Variations,transit timing variations,2014,2014,false,2010s,56.268,1.75,36.0,543.0,1027.45,291.1118647,39.9490248
Kepler-96 b,Kepler-96,kepler-96,Transit,transit,2014,2014,false,2010s,16.2385,2.67,8.46,711.0,122.881,297.0698263,40.5252039
KOI-13 b,KOI-13,koi-13,Transit,transit,2011,2011,false,2010s,1.763588,16.948008,2949.4624,2550.0,519.096,286.9713876,46.8682463
Kepler-17 b,Kepler-17,kepler-17,Transit,transit,2011,2011,false,2010s,1.4857108,14.68,778.65,1570.0,720.753,298.3952437,47.8149865
CoRoT-23 b,CoRoT-23,corot-23,Transit,transit,2011,2011,false,2010s,3.6313,11.77,889.9,1660.0,1060.97,279.7826586,4.3577516
BD+20 274 b,BD+20 274,bd+20 274,Radial Velocity,radial velocity,2012,2012,false,2010s,578.2,13.0,1334.886,,1322.51,25.9203179,21.0052692
HD 219415 b,HD 219415,hd 219415,Radial Velocity,radial velocity,2012,2012,false,2010s,2093.3,13.8,317.83,,165.184,348.7243579,56.7303001
HD 150706 b,HD 150706,hd 150706,Radial Velocity,radial velocity,2012,2012,false,2010s,5894.0,13.3,772.32302901,,28.2697,247.8255687,79.7894032
OGLE-2011-BLG-0251L b,OGLE-2011-BLG-0251L,ogle-2011-blg-0251l,Microlensing,microlensing,2012,2012,false,2010s,,14.2,170.0,,2570.0,264.559083,-27.1361389
Kepler-414 c,Kepler-414,kepler-414,Transit Timing Variations,transit timing variations,2014,2014,false,2010s,7.171,3.01,29.9,890.0,413.46,297.9615616,48.2443363
Kepler-42 c,Kepler-42,kepler-42,Transit,transit,2011,2011,false,2010s,0.45328509,0.73,60.337,720.0,40.0595,292.2196,44.6173667
Kepler-33 c,Kepler-33,kepler-33,Transit,transit,2011,2011,false,2010s,13.17562,3.2,0.39,1009.0,1209.16,289.0775348,46.0051696
Kepler-641 b,Kepler-641,kepler-641,Transit,transit,2016,2016,false,2010s,9.48961571,1.85,4.08,926.0,969.918,291.8235292,42.5161945
Kepler-410 A b,Kepler-410 A,kepler-410 a,Transit,transit,2013,2013,false,2010s,17.833648,2.838,8.44,866.0,147.527,283.1510448,45.1400838
Kepler-314 c,Kepler-314,kepler-314,Transit,transit,2014,2014,false,2010s,5.960392,2.9,8.75,890.0,268.881,294.6741507,42.0756037
Kepler-415 b,Kepler-415,kepler-415,Transit Timing Variations,transit timing variations,2014,2014,false,2010s,4.176,1.21,119.9,694.0,530.487,293.8045041,38.6390517
Kepler-338 e,Kepler-338,kepler-338,Transit Timing Variations,transit timing variations,2014,2014,false,2010s,9.341,1.56,8.5,1143.0,552.798,282.9790593,40.7844188
Kepler-33 e,Kepler-33,kepler-33,Transit,transit,2011,2011,false,2010s,31.7844,4.02,5.57,752.0,1209.16,289.0775348,46.0051696
Kepler-33 b,Kepler-33,kepler-33,Transit,transit,2011,2011,false,2010s,5.66793,1.74,3.68,1336.0,1209.16,289.0775348,46.0051696
Kepler-46 c,Kepler-46,kepler-46,Transit Timing Variations,transit timing variations,2012,2012,false,2010s,57.011,13.5,119.499,455.0,777.06,289.2687388,42.6041819
Kepler-318 b,Kepler-318,kepler-318,Transit,transit,2014,2014,false,2010s,4.662715,4.71,19.9,1039.0,489.141,298.4828337,46.7936357
Kepler-314 b,Kepler-314,kepler-314,Transit,transit,2014,2014,false,2010s,2.461069,0.83,0.498,1195.0,268.881,294.6741507,42.0756037
Kepler-46 b,Kepler-46,kepler-46,Transit,transit,2012,2012,false,2010s,33.60134,9.057,1907.0,543.0,777.06,289.2687388,42.6041819
Kepler-130 c,Kepler-130,kepler-130,Transit,transit,2014,2014,false,2010s,27.50868,2.9,8.75,683.0,316.663,288.4505905,40.2452006
Kepler-418 b,Kepler-418,kepler-418,Transit,transit,2014,2014,false,2010s,86.67856,13.45,349.6112477,434.0,1002.53,294.4335228,38.3554729
Kepler-33 f,Kepler-33,kepler-33,Transit,transit,2011,2011,false,2010s,41.02902,4.46,9.6,691.0,1209.16,289.0775348,46.0051696
Kepler-33 d,Kepler-33,kepler-33,Transit,transit,2011,2011,false,2010s,21.77596,5.35,3.91,853.0,1209.16,289.0775348,46.0051696
Kepler-52 b,Kepler-52,kepler-52,Transit,transit,2012,2012,false,2010s,7.8773565,2.1,135.0,553.0,321.542,286.7380152,49.9757383
Kepler-58 b,Kepler-58,kepler-58,Transit,transit,2012,2012,false,2010s,10.2184954,2.78,35.5,920.0,969.252,296.3586251,39.1152033
Kepler-62 e,Kepler-62,kepler-62,Transit,transit,2013,2013,false,2010s,122.3874,1.61,36.0,270.0,300.874,283.2125621,45.3496992
HD 197037 b,HD 197037,hd 197037,Radial Velocity,radial velocity,2012,2012,false,2010s,1035.7,13.9,251.0,,33.1944,309.8869681,42.247593
CFBDSIR J145829+101343 b,CFBDSIR J145829+101343,cfbdsir j145829+101343,Imaging,imaging,2011,2011,false,2010s,10037.5,12.4,3337.1,370.0,23.1,224.6208333,10.2286111
Kepler-269 b,Kepler-269,kepler-269,Transit,transit,2014,2014,false,2010s,5.326718,2.47,6.66,1007.0,2257.32,290.2151459,41.775981
Kepler-300 c,Kepler-300,kepler-300,Transit,transit,2014,2014,false,2010s,40.714955,2.25,5.69,516.0,1098.45,295.2886934,48.5997243
Kepler-149 d,Kepler-149,kepler-149,Transit,transit,2014,2014,false,2010s,160.018032,3.96,14.9,306.0,571.034,285.8537014,38.3840916
Kepler-124 d,Kepler-124,kepler-124,Transit,transit,2014,2014,false,2010s,30.950851,1.11,1.41,428.0,420.046,286.7527322,49.0648788
Kepler-276 d,Kepler-276,kepler-276,Transit,transit,2013,2013,false,2010s,48.648,2.8,16.3,489.0,1144.86,293.568197,39.0363123
Kepler-114 c,Kepler-114,kepler-114,Transit,transit,2013,2013,false,2010s,8.041,1.6,2.8,507.0,259.533,294.121482,48.3497977
Kepler-297 b,Kepler-297,kepler-297,Transit,transit,2014,2014,false,2010s,38.871826,2.87,48.5,509.0,692.14,283.2091605,48.7776156
WASP-83 b,WASP-83,wasp-83,Transit,transit,2015,2015,false,2010s,4.971252,11.65736,95.349,1120.0,271.103,190.1519558,-19.2843527
WASP-89 b,WASP-89,wasp-89,Transit,transit,2015,2015,false,2010s,3.3564227,11.65736,1875.197,1120.0,290.946,313.9000261,-18.9714084
Kepler-402 c,Kepler-402,kepler-402,Transit,transit,2014,2014,false,2010s,6.124821,1.56,3.05,1140.0,625.339,288.3701976,43.3546109
Kepler-157 b,Kepler-157,kepler-157,Transit,transit,2014,2014,false,2010s,1.732342,1.32,2.3,1546.0,773.713,291.0972257,38.8756049
HATS-6 b,HATS-6,hats-6,Transit,transit,2015,2015,false,2010s,3.3252725,11.186582,101.38777,712.8,169.318,88.1468079,-19.0316268
Kepler-450 c,Kepler-450,kepler-450,Transit,transit,2015,2015,false,2010s,15.413135,2.62,12.5,944.0,455.982,295.4865821,51.0135237
Kepler-81 c,Kepler-81,kepler-81,Transit,transit,2012,2012,false,2010s,12.04,2.37,4.3,502.0,348.291,293.6369437,42.8248275
Kepler-412 b,Kepler-412,kepler-412,Transit,transit,2014,2014,false,2010s,1.7208604,15.031269,299.07803,1850.0,1086.24,286.1103053,43.6809612
Kepler-92 b,Kepler-92,kepler-92,Transit,transit,2013,2013,false,2010s,13.749,3.51,64.3,975.0,477.992,289.0860607,41.5630224
Kepler-288 c,Kepler-288,kepler-288,Transit,transit,2014,2014,false,2010s,19.305772,2.85,8.5,815.0,1194.15,288.9163997,39.5947523
Kepler-295 b,Kepler-295,kepler-295,Transit,transit,2014,2014,false,2010s,12.645164,1.22,1.98,741.0,1699.19,285.3458383,45.3677754
Kepler-178 d,Kepler-178,kepler-178,Transit,transit,2014,2014,false,2010s,96.678988,3.95,14.8,392.0,716.025,287.1010275,46.8964033
Kepler-44 b,Kepler-44,kepler-44,Transit,transit,2011,2011,false,2010s,3.2467293,12.22,317.82,1544.0,1188.0,300.1023512,45.7621918
Kepler-41 b,Kepler-41,kepler-41,Transit,transit,2011,2011,false,2010s,1.8555582,14.46,177.98,1790.0,1093.08,294.5132465,45.9816453
Kepler-450 d,Kepler-450,kepler-450,Transit,transit,2015,2015,false,2010s,7.51464,0.837,17.6,1199.0,455.982,295.4865821,51.0135237
POTS-1 b,POTS-1,pots-1,Transit,transit,2013,2013,false,2010s,3.1606296,10.548,734.16,,747.959,203.6087259,-66.5811639
Kepler-350 d,Kepler-350,kepler-350,Transit,transit,2013,2013,false,2010s,26.136,2.8,14.9,782.0,956.859,285.4195845,39.7061009
Kepler-238 f,Kepler-238,kepler-238,Transit,transit,2013,2013,false,2010s,50.447,2.0,13.5,568.0,1798.75,287.8971066,40.6378141
Kepler-287 c,Kepler-287,kepler-287,Transit,transit,2014,2014,false,2010s,44.851896,3.26,66.0,513.0,835.86,290.9274282,48.4434588
Kepler-285 b,Kepler-285,kepler-285,Transit,transit,2014,2014,false,2010s,2.633867,1.34,2.36,1131.0,824.31,291.3908469,48.0655392
Kepler-181 b,Kepler-181,kepler-181,Transit,transit,2014,2014,false,2010s,3.137873,1.27,2.15,1041.0,609.283,296.1512831,50.0957806
Kepler-1398 c,Kepler-1398,kepler-1398,Transit,transit,2016,2016,false,2010s,4.13827595,1.03,1.08,1324.0,852.204,294.8661073,48.6389923
RR Cae b,RR Cae,rr cae,Eclipse Timing Variations,eclipse timing variations,2012,2012,false,2010s,4343.5,13.0,1334.886,,21.1916,65.2733756,-48.6542601
WASP-24 b,WASP-24,wasp-24,Transit,transit,2010,2010,false,2010s,2.34121,15.46842,394.1092,1772.0,322.114,227.2154975,2.343286
WASP-21 b,WASP-21,wasp-21,Transit,transit,2010,2010,false,2010s,4.322482,11.99,95.345,1333.0,258.426,347.4928024,18.3961597
LHS 3844 b,LHS 3844,lhs 3844,Transit,transit,2019,2019,false,2010s,0.46292913,1.303,2.25,805.0,14.8846,340.4962038,-69.1721081
K2-237 b,K2-237,k2-237,Transit,transit,2018,2018,false,2010s,2.18053332,16.06246934,434.15360396,1759.0,314.995,253.7688479,-28.7105836
Kepler-284 b,Kepler-284,kepler-284,Transit,transit,2014,2014,false,2010s,12.699149,2.24,5.65,686.0,1031.95,293.1465698,47.7297053
Kepler-654 b,Kepler-654,kepler-654,Transit,transit,2016,2016,false,2010s,13.72465129,2.07,4.94,831.0,974.124,297.0683931,46.8342497
Kepler-199 c,Kepler-199,kepler-199,Transit,transit,2014,2014,false,2010s,67.093408,3.25,10.6,420.0,521.054,295.5594278,40.236249
Kepler-214 b,Kepler-214,kepler-214,Transit,transit,2014,2014,false,2010s,15.660544,2.61,7.32,758.0,1208.44,284.7548499,44.95605
Kepler-87 b,Kepler-87,kepler-87,Transit,transit,2013,2013,false,2010s,114.73635,13.49,324.2,478.0,1232.9,297.9168433,46.9651146
Kepler-75 b,Kepler-75,kepler-75,Transit,transit,2013,2013,false,2010s,8.8849116,11.77,3209.9,767.0,835.356,291.1376203,36.5773443
Kepler-74 b,Kepler-74,kepler-74,Transit,transit,2013,2013,false,2010s,7.340711,10.76,200.22,1078.0,1177.55,293.0925275,41.3555095
Kepler-145 c,Kepler-145,kepler-145,Transit,transit,2013,2013,false,2010s,42.882,4.32,79.4,709.0,566.85,291.3877397,44.5290465
Kepler-328 b,Kepler-328,kepler-328,Transit,transit,2013,2013,false,2010s,34.921,2.3,28.5,602.0,2213.19,295.8092756,40.0084866
Kepler-115 c,Kepler-115,kepler-115,Transit,transit,2014,2014,false,2010s,8.990889,2.6,7.27,960.0,623.609,297.7119299,45.261985
Kepler-341 c,Kepler-341,kepler-341,Transit,transit,2014,2014,false,2010s,8.01041,1.7,3.53,940.0,1047.03,289.8615609,43.4727412
Kepler-225 b,Kepler-225,kepler-225,Transit,transit,2014,2014,false,2010s,6.738975,1.2,1.87,579.0,561.101,292.1939846,47.4570808
Kepler-871 b,Kepler-871,kepler-871,Transit,transit,2016,2016,false,2010s,22.0459018,3.74,13.5,640.0,1976.05,294.5270634,43.3681317
Kepler-56 c,Kepler-56,kepler-56,Transit,transit,2012,2012,false,2010s,21.40239,9.8,181.0,1087.0,912.994,293.7583002,41.871807
Kepler-447 b,Kepler-447,kepler-447,Transit,transit,2015,2015,false,2010s,7.79430132,18.49,435.41,882.0,268.041,285.2685283,48.5598835
Kepler-216 b,Kepler-216,kepler-216,Transit,transit,2014,2014,false,2010s,7.693641,2.35,6.12,1069.0,1187.47,293.7280695,46.1291139
Kepler-259 c,Kepler-259,kepler-259,Transit,transit,2014,2014,false,2010s,36.924931,2.7,7.75,530.0,1002.14,288.2119707,46.6150461
Kepler-293 b,Kepler-293,kepler-293,Transit,transit,2014,2014,false,2010s,19.254196,3.07,9.64,657.0,974.633,286.3580611,42.4064917
Kepler-291 b,Kepler-291,kepler-291,Transit,transit,2014,2014,false,2010s,3.546511,2.16,5.31,1212.0,1786.48,287.9163029,42.4372666
Kepler-242 c,Kepler-242,kepler-242,Transit,transit,2014,2014,false,2010s,14.496481,2.0,4.66,613.0,600.241,286.5656932,41.8084168
Kepler-240 b,Kepler-240,kepler-240,Transit,transit,2014,2014,false,2010s,4.144495,1.37,2.45,864.0,746.927,291.1587635,40.7502108
Kepler-56 b,Kepler-56,kepler-56,Transit,transit,2012,2012,false,2010s,10.5016,6.51,22.1,1378.0,912.994,293.7583002,41.871807
HAT-P-54 b,HAT-P-54,hat-p-54,Transit,transit,2015,2015,false,2010s,3.799847,10.581296,241.5508,818.0,143.651,99.8979924,25.4824005
TrES-5 b,TrES-5,tres-5,Transit,transit,2011,2011,false,2010s,1.48224686,13.383546,568.9157,1480.0,360.313,305.2219454,59.4489033
Kepler-148 c,Kepler-148,kepler-148,Transit,transit,2014,2014,false,2010s,4.180043,3.6,12.6,957.0,791.163,289.7861626,46.8588176
Kepler-179 b,Kepler-179,kepler-179,Transit,transit,2014,2014,false,2010s,2.735926,1.64,3.33,1075.0,605.68,298.6636163,47.7619329
Kepler-303 b,Kepler-303,kepler-303,Transit,transit,2014,2014,false,2010s,1.937055,0.89,0.64,802.0,209.738,283.1354742,43.6567036
Kepler-260 b,Kepler-260,kepler-260,Transit,transit,2014,2014,false,2010s,8.187399,2.01,4.7,782.0,627.365,291.9259658,38.0140525
Kepler-226 b,Kepler-226,kepler-226,Transit,transit,2014,2014,false,2010s,3.940997,1.55,24.0,1018.0,980.138,292.3760942,47.8809596
WASP-26 b,WASP-26,wasp-26,Transit,transit,2010,2010,false,2010s,2.7566,13.56289,270.1555,1650.0,252.759,4.6030424,-15.2674044
WASP-29 b,WASP-29,wasp-29,Transit,transit,2010,2010,false,2010s,3.92273,8.63093,73.1009,970.0,87.5953,357.8791976,-39.9071215
WASP-33 b,WASP-33,wasp-33,Transit,transit,2010,2010,false,2010s,1.21987,17.855937,665.21819,2781.7,121.944,36.7127375,37.5504441
HATS-14 b,HATS-14,hats-14,Transit,transit,2015,2015,false,2010s,2.7667641,11.646151,340.39593,1276.0,513.011,313.2154754,-25.6873756
HD 95086 b,HD 95086,hd 95086,Imaging,imaging,2013,2013,false,2010s,,12.9,1589.0,1000.0,86.2279,164.2621032,-68.6672917
Kepler-165 c,Kepler-165,kepler-165,Transit,transit,2014,2014,false,2010s,15.31299,2.23,5.6,581.0,560.885,280.69092,47.8096702
Kepler-197 d,Kepler-197,kepler-197,Transit,transit,2014,2014,false,2010s,15.677563,1.22,1.98,810.0,330.575,295.2264739,50.5592348
Kepler-125 b,Kepler-125,kepler-125,Transit,transit,2014,2014,false,2010s,4.164389,2.37,6.21,590.0,183.365,298.2581101,47.6050031
Kepler-306 c,Kepler-306,kepler-306,Transit,transit,2014,2014,false,2010s,7.240193,2.35,6.12,716.0,775.679,288.5387145,40.6160545
KOI-351 e,KOI-351,koi-351,Transit,transit,2013,2013,false,2010s,91.93913,2.66,7.56,450.0,848.254,284.4334642,49.3051239
KOI-351 c,KOI-351,koi-351,Transit,transit,2013,2013,false,2010s,8.719375,1.19,1.81,987.0,848.254,284.4334642,49.3051239
Kepler-222 c,Kepler-222,kepler-222,Transit,transit,2014,2014,false,2010s,10.08881,4.64,19.4,734.0,758.854,287.9060885,46.9377479
Kepler-184 d,Kepler-184,kepler-184,Transit,transit,2014,2014,false,2010s,29.022358,2.49,6.76,559.0,610.326,291.9518784,43.0746172
Kepler-309 b,Kepler-309,kepler-309,Transit,transit,2014,2014,false,2010s,5.923653,1.56,3.05,531.0,544.568,297.5098911,46.9614121
Kepler-696 b,Kepler-696,kepler-696,Transit,transit,2016,2016,false,2010s,4.190425575,6.14,31.3,1234.0,1416.44,293.4965906,41.1375635
Kepler-11 f,Kepler-11,kepler-11,Transit,transit,2010,2010,false,2010s,46.6888,2.49,2.0,513.0,646.346,297.1150949,41.9091092
Kepler-11 e,Kepler-11,kepler-11,Transit,transit,2010,2010,false,2010s,31.9996,4.19,8.0,582.0,646.346,297.1150949,41.9091092
Kepler-11 g,Kepler-11,kepler-11,Transit,transit,2010,2010,false,2010s,118.3807,3.33,25.0,376.0,646.346,297.1150949,41.9091092
Kepler-166 c,Kepler-166,kepler-166,Transit,transit,2014,2014,false,2010s,34.260281,2.38,6.26,468.0,603.53,293.1600977,48.8812074
Kepler-275 b,Kepler-275,kepler-275,Transit,transit,2014,2014,false,2010s,10.300682,2.34,6.08,1015.0,2034.25,292.4797004,38.5149018
Kepler-1298 b,Kepler-1298,kepler-1298,Transit,transit,2016,2016,false,2010s,7.12811928,1.31,2.27,1373.0,544.163,284.4227535,49.1061907
Kepler-11 c,Kepler-11,kepler-11,Transit,transit,2010,2010,false,2010s,13.0241,2.87,2.9,786.0,646.346,297.1150949,41.9091092
WASP-57 b,WASP-57,wasp-57,Transit,transit,2012,2012,false,2010s,2.83891856,11.76945,204.68252,1338.0,398.276,223.8199788,-2.0576866
HAT-P-50 b,HAT-P-50,hat-p-50,Transit,transit,2015,2015,false,2010s,3.1220109,14.437192,429.0705,1862.0,515.458,118.0634379,12.1393474
MOA-2008-BLG-379L b,MOA-2008-BLG-379L,moa-2008-blg-379l,Microlensing,microlensing,2013,2013,false,2010s,,13.0,1300.0,,3300.0,269.706,-30.1969306
HD 13908 b,HD 13908,hd 13908,Radial Velocity,radial velocity,2013,2013,false,2010s,19.382,13.9,274.91,,79.5515,34.5609102,65.5941901
Kepler-108 b,Kepler-108,kepler-108,Transit,transit,2014,2014,false,2010s,49.183921,8.65,56.0,669.0,338.732,294.5589885,46.0623952
Kepler-264 b,Kepler-264,kepler-264,Transit,transit,2014,2014,false,2010s,40.806231,3.33,11.1,772.0,942.173,292.044628,37.3761861
Kepler-279 b,Kepler-279,kepler-279,Transit,transit,2014,2014,false,2010s,12.309681,3.62,4180.93,1104.0,1037.4,287.391295,42.194822
Kepler-286 c,Kepler-286,kepler-286,Transit,transit,2014,2014,false,2010s,3.468095,1.37,2.45,1098.0,1226.85,290.6761874,48.2942362
GJ 667 C c,GJ 667 C,gj 667 c,Radial Velocity,radial velocity,2013,2013,false,2010s,28.14,1.77,3.8,,7.24396,259.7510609,-34.9977651
HD 13908 c,HD 13908,hd 13908,Radial Velocity,radial velocity,2013,2013,false,2010s,931.0,12.8,1630.4,,79.5515,34.5609102,65.5941901
HD 159243 b,HD 159243,hd 159243,Radial Velocity,radial velocity,2013,2013,false,2010s,12.62,13.7,359.13,,73.3055,263.3395365,5.7008254
Kepler-261 b,Kepler-261,kepler-261,Transit,transit,2014,2014,false,2010s,10.381227,2.18,5.39,672.0,317.499,291.3647333,37.609239
HIP 57274 c,HIP 57274,hip 57274,Radial Velocity,radial velocity,2011,2011,false,2010s,32.03,14.2,130.0,,25.8618,176.1705487,30.9576484
Kepler-292 d,Kepler-292,kepler-292,Transit,transit,2014,2014,false,2010s,7.055679,2.23,5.6,808.0,1056.48,295.7661979,42.4242822
GJ 667 C f,GJ 667 C,gj 667 c,Radial Velocity,radial velocity,2013,2013,false,2010s,39.026,1.45,2.7,,7.24396,259.7510609,-34.9977651
HD 106906 b,HD 106906,hd 106906,Imaging,imaging,2013,2013,false,2010s,,12.4,3496.0,1800.0,103.029,184.4713308,-55.9755805
Kepler-119 b,Kepler-119,kepler-119,Transit,transit,2014,2014,false,2010s,2.422082,3.6,12.6,1213.0,701.996,295.9463854,42.6588324
HD 220074 b,HD 220074,hd 220074,Radial Velocity,radial velocity,2012,2012,false,2010s,672.09998,12.2,5288.6912,,324.54,350.0599827,61.9701062
Kepler-297 c,Kepler-297,kepler-297,Transit,transit,2014,2014,false,2010s,74.920137,6.54,42.1,409.0,692.14,283.2091605,48.7776156
Kepler-343 b,Kepler-343,kepler-343,Transit,transit,2014,2014,false,2010s,8.96855,2.41,6.39,1024.0,927.193,291.960662,42.4329567
Kepler-282 d,Kepler-282,kepler-282,Transit,transit,2013,2013,false,2010s,24.806,2.46,61.0,588.0,1337.61,284.6772402,44.7976401
Kepler-158 b,Kepler-158,kepler-158,Transit,transit,2014,2014,false,2010s,16.709184,2.12,5.14,500.0,315.177,284.0323723,39.7815365
Kepler-273 b,Kepler-273,kepler-273,Transit,transit,2014,2014,false,2010s,2.936532,1.5,2.86,1209.0,713.964,291.3021458,47.6976573
Kepler-677 b,Kepler-677,kepler-677,Transit,transit,2016,2016,false,2010s,6.57531678,5.38,25.0,1015.0,1954.08,290.0980478,50.3215731
Kepler-306 b,Kepler-306,kepler-306,Transit,transit,2014,2014,false,2010s,4.646186,1.52,2.92,830.0,775.679,288.5387145,40.6160545
Kepler-267 d,Kepler-267,kepler-267,Transit,transit,2014,2014,false,2010s,28.464515,2.27,5.77,301.0,264.993,299.8305655,47.1575741
HAT-P-19 b,HAT-P-19,hat-p-19,Transit,transit,2010,2010,false,2010s,4.00878322,11.29865255,88.03846874,981.2,202.078,9.5165832,34.7114025
HAT-P-34 b,HAT-P-34,hat-p-34,Transit,transit,2011,2011,false,2010s,5.452654,13.417173,1058.3739,1520.0,249.325,303.1954355,18.1047776
WASP-37 b,WASP-37,wasp-37,Transit,transit,2010,2010,false,2010s,3.577469,13.002,572.07,1232.5,392.791,221.9438866,1.0650227
WASP-90 b,WASP-90,wasp-90,Transit,transit,2016,2016,false,2010s,3.916243,18.27067,200.2329,1840.0,466.433,315.5319489,7.0562793
K2-26 b,K2-26,k2-26,Transit,transit,2016,2016,false,2010s,14.5665,2.67,7.61,430.0,99.0504,94.2064312,24.5958335
Kepler-276 c,Kepler-276,kepler-276,Transit,transit,2013,2013,false,2010s,31.884,2.9,16.6,563.0,1144.86,293.568197,39.0363123
Kepler-305 b,Kepler-305,kepler-305,Transit,transit,2013,2013,false,2010s,5.487,3.6,10.5,836.0,868.477,299.2242557,40.343167
Kepler-266 b,Kepler-266,kepler-266,Transit,transit,2014,2014,false,2010s,6.61833,2.48,6.71,1066.0,1370.79,294.4843821,44.1669355
Kepler-121 c,Kepler-121,kepler-121,Transit,transit,2014,2014,false,2010s,41.008011,2.27,5.77,425.0,510.523,286.1621273,39.6780204
Kepler-338 d,Kepler-338,kepler-338,Transit,transit,2014,2014,false,2010s,44.431014,3.0,9.27,680.0,552.798,282.9790593,40.7844188
2MASS J01225093-2439505 b,2MASS J01225093-2439505,2mass j01225093-2439505,Imaging,imaging,2013,2013,false,2010s,,11.209,7786.5,1600.0,33.8281,20.7128012,-24.6646128
WASP-52 b,WASP-52,wasp-52,Transit,transit,2012,2012,false,2010s,1.7497798,14.24,146.2,1315.0,174.818,348.4947931,8.7610793
WASP-72 b,WASP-72,wasp-72,Transit,transit,2012,2012,false,2010s,2.21673,14.45961,731.009,2210.0,434.754,41.0400779,-30.1690785
WASP-75 b,WASP-75,wasp-75,Transit,transit,2013,2013,false,2010s,2.484193,14.235,340.06,1710.0,294.001,342.3858995,-10.6754686
WASP-135 b,WASP-135,wasp-135,Transit,transit,2015,2015,false,2010s,1.4013794,14.5717,603.877,1403.66,298.214,267.2848846,29.8790428
Kepler-126 d,Kepler-126,kepler-126,Transit,transit,2014,2014,false,2010s,100.283134,2.5,54.59018723,475.0,237.401,289.3473634,44.2084445
Kepler-381 c,Kepler-381,kepler-381,Transit,transit,2014,2014,false,2010s,13.391635,1.12,1.46,1180.0,267.323,285.1828685,43.8310283
Kepler-249 d,Kepler-249,kepler-249,Transit,transit,2014,2014,false,2010s,15.368459,1.57,3.09,332.0,190.401,296.9853002,43.6586043
Kepler-254 d,Kepler-254,kepler-254,Transit,transit,2014,2014,false,2010s,18.746477,2.5,6.8,686.0,1389.48,288.1646541,45.8164257
Kepler-363 d,Kepler-363,kepler-363,Transit,transit,2014,2014,false,2010s,11.932125,2.05,4.86,905.0,762.596,283.1920779,41.3054172
Kepler-366 b,Kepler-366,kepler-366,Transit,transit,2014,2014,false,2010s,3.281959,1.46,2.73,1326.0,1856.28,296.8520316,49.0844359
Kepler-141 b,Kepler-141,kepler-141,Transit,transit,2014,2014,false,2010s,3.107675,0.69,0.257,968.0,301.183,297.9707271,47.7316041
Kepler-142 d,Kepler-142,kepler-142,Transit,transit,2014,2014,false,2010s,41.809118,2.16,5.31,582.0,548.686,295.1190067,48.4813635
Kepler-400 b,Kepler-400,kepler-400,Transit,transit,2014,2014,false,2010s,9.024389,1.65,3.36,939.0,845.97,290.9444679,40.4800528
Kepler-204 c,Kepler-204,kepler-204,Transit,transit,2014,2014,false,2010s,25.660593,1.79,3.86,683.0,686.723,285.347162,41.761845
WASP-41 c,WASP-41,wasp-41,Radial Velocity,radial velocity,2015,2015,false,2010s,421.0,13.1,1010.6994,241.0,163.371,190.6188034,-30.6398176
Kepler-312 c,Kepler-312,kepler-312,Transit,transit,2014,2014,false,2010s,19.747412,3.15,10.1,754.0,797.72,298.3957687,42.4597712
Kepler-286 d,Kepler-286,kepler-286,Transit,transit,2014,2014,false,2010s,5.914323,1.33,2.33,919.0,1226.85,290.6761874,48.2942362
Kepler-91 b,Kepler-91,kepler-91,Transit,transit,2013,2013,false,2010s,6.24658,15.322703,257.4423,2040.0,1294.69,285.6729033,44.1167513
HAT-P-14 b,HAT-P-14,hat-p-14,Transit,transit,2010,2010,false,2010s,4.62767,15.91678,1093.3352,1624.0,222.663,260.1161719,38.2421682
HR 8799 e,HR 8799,hr 8799,Imaging,imaging,2010,2010,false,2010s,20815.6,13.11453,3178.3,1150.0,41.2441,346.8701486,21.1340376
HD 176986 b,HD 176986,hd 176986,Radial Velocity,radial velocity,2017,2017,false,2010s,6.49164,,1487.75477317,767.0,27.7843,285.7739138,-11.044941
HD 176986 c,HD 176986,hd 176986,Radial Velocity,radial velocity,2017,2017,false,2010s,16.8124,,2097.98531461,558.0,27.7843,285.7739138,-11.044941
Kepler-354 b,Kepler-354,kepler-354,Transit,transit,2014,2014,false,2010s,5.47666,1.84,4.04,741.0,554.064,285.7515347,41.3356739
Kepler-368 b,Kepler-368,kepler-368,Transit,transit,2014,2014,false,2010s,26.84768,3.26,10.7,800.0,770.978,291.880018,45.3878419
Kepler-135 b,Kepler-135,kepler-135,Transit,transit,2014,2014,false,2010s,6.00253,1.81,3.93,1209.0,621.855,290.4950939,38.7954956
Kepler-383 b,Kepler-383,kepler-383,Transit,transit,2014,2014,false,2010s,12.904532,1.32,2.3,545.0,470.0,291.3426078,38.3631616
HAT-P-66 b,HAT-P-66,hat-p-66,Transit,transit,2016,2016,false,2010s,2.972086,17.82231,248.86089,1896.0,935.456,150.5726262,53.9508237
WASP-118 b,WASP-118,wasp-118,Transit,transit,2016,2016,false,2010s,4.0460435,16.14096,163.36462,1729.0,376.658,19.5505861,2.7027847
XO-4 b,XO-4,xo-4,Transit,transit,2010,2010,false,2010s,4.12508,14.01125,451.3186,1630.0,272.655,110.3880285,58.2681094
KELT-2 A b,KELT-2 A,kelt-2 a,Transit,transit,2012,2012,false,2010s,4.11379,15.13215,540.311,2080.0,134.058,92.6640226,30.9571333
K2-30 b,K2-30,k2-30,Transit,transit,2016,2016,false,2010s,4.098503,11.646151,184.02357,1092.0,333.042,52.3420548,22.2993491
WASP-101 b,WASP-101,wasp-101,Transit,transit,2014,2014,false,2010s,3.58572,16.02887,162.0933,1560.0,201.224,98.3511016,-23.486086
Kepler-104 c,Kepler-104,kepler-104,Transit,transit,2014,2014,false,2010s,23.668205,3.13,7.14430805,668.0,400.785,287.6046621,42.1665104
Kepler-369 c,Kepler-369,kepler-369,Transit,transit,2014,2014,false,2010s,14.871572,1.41,2.57,391.0,214.0,293.6743322,47.9084727
Kepler-371 b,Kepler-371,kepler-371,Transit,transit,2014,2014,false,2010s,34.763278,1.89,4.23,554.0,813.192,292.3264835,38.6575441
Kepler-147 b,Kepler-147,kepler-147,Transit,transit,2014,2014,false,2010s,12.610584,1.53,2.96,953.0,1042.02,287.9757213,39.087168
Kepler-132 d,Kepler-132,kepler-132,Transit,transit,2014,2014,false,2010s,18.010199,1.55,3.02,758.0,349.549,283.23581,41.343037
Kepler-208 c,Kepler-208,kepler-208,Transit,transit,2014,2014,false,2010s,7.466623,1.39,2.51,1141.0,775.328,293.8901979,42.5279413
Kepler-487 c,Kepler-487,kepler-487,Transit,transit,2016,2016,false,2010s,38.6519976,2.68,7.65,487.0,872.343,295.2872318,41.2220033
Kepler-316 c,Kepler-316,kepler-316,Transit,transit,2014,2014,false,2010s,6.827766,1.16,1.65,577.0,384.938,290.825835,44.1838993
Kepler-313 b,Kepler-313,kepler-313,Transit,transit,2014,2014,false,2010s,14.970418,2.53,6.94,883.0,1079.39524871,298.2948708,48.7754
Kepler-372 c,Kepler-372,kepler-372,Transit,transit,2014,2014,false,2010s,20.053763,2.09,5.02,755.0,1493.95,291.2562253,49.2589288
Kepler-373 b,Kepler-373,kepler-373,Transit,transit,2014,2014,false,2010s,5.535309,1.36,2.42,1054.0,1090.45,289.3879904,50.5970115
Kepler-151 c,Kepler-151,kepler-151,Transit,transit,2014,2014,false,2010s,24.674612,2.09,5.02,544.0,649.919,292.1627933,41.0231947
Kepler-386 c,Kepler-386,kepler-386,Transit,transit,2014,2014,false,2010s,25.193458,1.58,3.12,513.0,882.462,289.8589165,48.6938077
Kepler-215 c,Kepler-215,kepler-215,Transit,transit,2014,2014,false,2010s,14.667108,1.77,3.78,675.0,485.997,294.9735313,45.2136867
Kepler-404 b,Kepler-404,kepler-404,Transit,transit,2014,2014,false,2010s,11.829851,1.27,2.15,730.0,812.524,286.3985796,45.3435241
HD 3167 d,HD 3167,hd 3167,Radial Velocity,radial velocity,2017,2017,false,2010s,8.4112,1.92,4.33,859.5,47.2899,8.7401487,4.3807215
Kepler-317 b,Kepler-317,kepler-317,Transit,transit,2014,2014,false,2010s,5.524242,2.09,109.8,976.0,940.584,294.9438822,39.0320499
Kepler-319 c,Kepler-319,kepler-319,Transit,transit,2014,2014,false,2010s,6.941357,2.63,7.41,876.0,503.436,288.8119782,39.7706431
Kepler-375 c,Kepler-375,kepler-375,Transit,transit,2014,2014,false,2010s,19.986326,2.65,7.51,720.0,1238.81,288.6178715,48.0983639
Kepler-356 c,Kepler-356,kepler-356,Transit,transit,2014,2014,false,2010s,13.121632,1.81,3.93,913.0,707.559,292.4210998,37.6827919
Kepler-387 b,Kepler-387,kepler-387,Transit,transit,2014,2014,false,2010s,6.791636,1.03,1.08,994.0,801.052,287.7982699,45.6567655
Kepler-388 b,Kepler-388,kepler-388,Transit,transit,2014,2014,false,2010s,3.173315,0.81,0.457,830.0,425.0,284.8280577,44.6086451
Kepler-224 e,Kepler-224,kepler-224,Transit,transit,2014,2014,false,2010s,18.643577,1.97,4.54,517.0,782.088,290.9342679,47.3575414
Kepler-226 d,Kepler-226,kepler-226,Transit,transit,2014,2014,false,2010s,8.109044,1.22,1.98,800.0,980.138,292.3760942,47.8809596
Kepler-348 b,Kepler-348,kepler-348,Transit,transit,2014,2014,false,2010s,7.05677,1.52,2.92,1196.0,570.783,297.2550814,40.5483883
Kepler-338 b,Kepler-338,kepler-338,Transit,transit,2014,2014,false,2010s,13.726976,2.44,30.6,1005.0,552.798,282.9790593,40.7844188
Kepler-376 c,Kepler-376,kepler-376,Transit,transit,2014,2014,false,2010s,14.172327,1.79,3.86,873.0,923.067,291.6071451,38.4103192
Kepler-377 c,Kepler-377,kepler-377,Transit,transit,2014,2014,false,2010s,27.014976,2.06,4.9,677.0,823.804,295.4220717,38.7356737
Kepler-389 b,Kepler-389,kepler-389,Transit,transit,2014,2014,false,2010s,3.244107,1.51,2.89,1047.0,816.559,291.9600082,44.9000587
Kepler-118 b,Kepler-118,kepler-118,Transit,transit,2014,2014,false,2010s,7.518496,1.96,4.5,784.0,574.228,299.2131881,41.4248195
Kepler-123 c,Kepler-123,kepler-123,Transit,transit,2014,2014,false,2010s,26.695074,1.48,2.79,706.0,1021.66,296.9985853,42.7819633
Kepler-243 c,Kepler-243,kepler-243,Transit,transit,2014,2014,false,2010s,20.026218,1.99,4.62,559.0,693.86,285.1104819,42.0339619
GJ 3470 b,GJ 3470,gj 3470,Radial Velocity,radial velocity,2012,2012,false,2010s,3.3366496,4.57,13.9,593.5,29.4214,119.7735021,15.391209
Kepler-379 c,Kepler-379,kepler-379,Transit,transit,2014,2014,false,2010s,62.784697,2.29,5.86,530.0,731.274,295.7010981,38.9458209
Kepler-112 c,Kepler-112,kepler-112,Transit,transit,2014,2014,false,2010s,28.574263,2.4,6.35,538.0,513.206,296.9811361,43.2097025
Kepler-137 c,Kepler-137,kepler-137,Transit,transit,2014,2014,false,2010s,18.735753,1.88,4.19,568.0,302.979,282.1355875,43.0391951
Kepler-390 b,Kepler-390,kepler-390,Transit,transit,2014,2014,false,2010s,6.738088,0.82,0.477,786.0,435.277,291.6288086,41.2088351
HD 221420 b,HD 221420,hd 221420,Radial Velocity,radial velocity,2019,2019,false,2010s,10090.0,12.0,7278.2705203,,31.1415,353.3319001,-77.3853286
Kepler-351 c,Kepler-351,kepler-351,Transit,transit,2014,2014,false,2010s,57.24809,3.19,11.1,431.0,1083.91,286.4527949,42.6577891
Kepler-327 b,Kepler-327,kepler-327,Transit,transit,2014,2014,false,2010s,2.549575,1.11,1.41,682.0,241.987,292.6422963,44.0876251
Kepler-114 b,Kepler-114,kepler-114,Transit,transit,2014,2014,false,2010s,5.188549,1.26,1.09,586.0,259.533,294.121482,48.3497977
Kepler-358 c,Kepler-358,kepler-358,Transit,transit,2014,2014,false,2010s,83.488369,2.85,8.5,411.0,1101.1,293.2302333,48.2813901
Kepler-169 c,Kepler-169,kepler-169,Transit,transit,2014,2014,false,2010s,6.195469,1.21,1.92,776.0,406.529,285.9999204,40.9193822
Kepler-236 b,Kepler-236,kepler-236,Transit,transit,2014,2014,false,2010s,8.295611,1.57,3.09,469.0,288.763,283.8664285,39.8981928
Kepler-141 c,Kepler-141,kepler-141,Transit,transit,2014,2014,false,2010s,7.010606,1.41,2.57,738.0,301.183,297.9707271,47.7316041
Kepler-858 b,Kepler-858,kepler-858,Transit,transit,2016,2016,false,2010s,76.13602028,4.87,21.1,399.0,298.532,288.8488552,51.2090375
Kepler-855 b,Kepler-855,kepler-855,Transit,transit,2016,2016,false,2010s,7.886631104,8.35,52.7,996.0,1506.58,295.0949565,43.537565
Kepler-321 c,Kepler-321,kepler-321,Transit,transit,2014,2014,false,2010s,13.093921,2.32,5.99,752.0,384.542,294.4536991,44.1457626
Kepler-349 b,Kepler-349,kepler-349,Transit,transit,2014,2014,false,2010s,5.929778,1.9,94.5,972.0,940.724,293.6764689,44.6155972
Kepler-353 c,Kepler-353,kepler-353,Transit,transit,2014,2014,false,2010s,8.410894,1.38,2.48,472.0,384.694,296.8565596,41.7580749
Kepler-359 c,Kepler-359,kepler-359,Transit,transit,2014,2014,false,2010s,57.68802,4.3,2.9,512.0,1443.21,293.2936129,42.1963497
Kepler-173 b,Kepler-173,kepler-173,Transit,transit,2014,2014,false,2010s,4.263742,1.29,2.21,1179.0,833.165,294.6466171,41.8840952
K2-29 b,K2-29,k2-29,Transit,transit,2016,2016,false,2010s,3.2588321,13.33871,232.0159,1171.0,178.475,62.670422,24.4016558
Kepler-180 b,Kepler-180,kepler-180,Transit,transit,2014,2014,false,2010s,13.817124,1.5,2.86,781.0,695.65,295.5712566,49.774514
Kepler-244 d,Kepler-244,kepler-244,Transit,transit,2014,2014,false,2010s,20.050401,2.31,15.2,622.0,1036.49,287.242641,42.3014185
Kepler-254 c,Kepler-254,kepler-254,Transit,transit,2014,2014,false,2010s,12.412183,2.15,3.2,787.0,1389.48,288.1646541,45.8164257
WASP-92 b,WASP-92,wasp-92,Transit,transit,2016,2016,false,2010s,2.1746742,16.376349,255.85315,1871.0,575.889,246.6920395,51.0411328
Kepler-330 c,Kepler-330,kepler-330,Transit,transit,2014,2014,false,2010s,15.955387,1.95,4.46,573.0,717.527,288.4474035,44.8017616
Kepler-1243 b,Kepler-1243,kepler-1243,Transit,transit,2016,2016,false,2010s,16.8320729,1.75,3.71,690.0,758.17,294.009397,42.8807779
Kepler-360 b,Kepler-360,kepler-360,Transit,transit,2014,2014,false,2010s,3.289672,1.65,3.36,1116.0,876.044,286.2847077,44.7815817
Kepler-49 e,Kepler-49,kepler-49,Transit,transit,2014,2014,false,2010s,18.596108,1.56,1.03815,371.0,311.222,292.2945208,40.5918123
Kepler-140 b,Kepler-140,kepler-140,Transit,transit,2014,2014,false,2010s,3.25427,1.61,3.22,1301.0,583.859,287.3694056,46.7681473
Kepler-122 d,Kepler-122,kepler-122,Transit,transit,2014,2014,false,2010s,21.587475,2.2,5.48,747.0,1027.45,291.1118647,39.9490248
HD 27894 c,HD 27894,hd 27894,Radial Velocity,radial velocity,2017,2017,false,2010s,36.07,8.24,51.48846,,43.8214,65.1975693,-59.4096776
Kepler-268 c,Kepler-268,kepler-268,Transit,transit,2014,2014,false,2010s,83.446393,3.38,11.4,471.0,851.87,291.9761559,38.0550327
Kepler-171 c,Kepler-171,kepler-171,Transit,transit,2014,2014,false,2010s,11.463462,2.56,7.08,752.0,863.855,296.7719082,41.7555958
Kepler-133 c,Kepler-133,kepler-133,Transit,transit,2014,2014,false,2010s,31.517586,2.84,8.45,663.0,653.6,297.2778906,48.3203542
Kepler-185 b,Kepler-185,kepler-185,Transit,transit,2014,2014,false,2010s,1.6329,1.17,1.71,1237.0,466.735,282.4681674,43.8899464
Kepler-346 b,Kepler-346,kepler-346,Transit,transit,2014,2014,false,2010s,6.511127,2.66,7.56,1008.0,984.105,288.0119248,46.1176003
Kepler-718 b,Kepler-718,kepler-718,Transit,transit,2016,2016,false,2010s,2.052349905,16.56,,1497.0,1302.33,299.5618676,43.5035173
Kepler-720 b,Kepler-720,kepler-720,Transit,transit,2016,2016,false,2010s,4.708326542,8.41,53.4,1162.0,1065.37,298.6356478,44.1709388
Kepler-1241 b,Kepler-1241,kepler-1241,Transit,transit,2016,2016,false,2010s,18.5525701,2.63,7.41,612.0,968.722,294.5762033,38.4569588
Kepler-495 b,Kepler-495,kepler-495,Transit,transit,2016,2016,false,2010s,3.413036221,5.23,23.8,1200.0,658.924,285.9307362,39.0981201
Kepler-281 b,Kepler-281,kepler-281,Transit,transit,2014,2014,false,2010s,14.646008,2.82,324.0,694.0,1745.45,294.1081465,44.7706524
Kepler-288 b,Kepler-288,kepler-288,Transit,transit,2014,2014,false,2010s,6.097326,1.67,3.43,1197.0,1194.15,288.9163997,39.5947523
Kepler-394 b,Kepler-394,kepler-394,Transit,transit,2014,2014,false,2010s,8.005013,1.6,3.19,1035.0,1058.72,296.3019792,50.6723115
Kepler-189 b,Kepler-189,kepler-189,Transit,transit,2014,2014,false,2010s,10.399931,1.21,1.92,678.0,591.534,287.5646296,44.3050662
Kepler-148 b,Kepler-148,kepler-148,Transit,transit,2014,2014,false,2010s,1.729366,1.8,3.89,1284.0,791.163,289.7861626,46.8588176
Kepler-178 c,Kepler-178,kepler-178,Transit,transit,2014,2014,false,2010s,20.552802,2.88,8.65,656.0,716.025,287.1010275,46.8964033
Kepler-686 b,Kepler-686,kepler-686,Transit,transit,2016,2016,false,2010s,1.594745463,12.15,,1539.0,1490.94,285.213819,39.027466
Kepler-468 b,Kepler-468,kepler-468,Transit,transit,2016,2016,false,2010s,38.478757067,13.34,,484.0,442.871,288.9022829,49.3704079
Kepler-953 c,Kepler-953,kepler-953,Transit,transit,2016,2016,false,2010s,9.10967112,1.19,1.81,873.0,258.893,288.9716297,44.6246451
Kepler-342 b,Kepler-342,kepler-342,Transit,transit,2014,2014,false,2010s,15.170318,2.25,5.69,905.0,781.611,292.6780488,46.7266813
Kepler-334 c,Kepler-334,kepler-334,Transit,transit,2014,2014,false,2010s,12.758005,1.43,2.63,822.0,426.59,287.1406177,47.1151153
Kepler-291 c,Kepler-291,kepler-291,Transit,transit,2014,2014,false,2010s,5.700786,1.88,4.19,1035.0,1786.48,287.9163029,42.4372666
Kepler-298 c,Kepler-298,kepler-298,Transit,transit,2014,2014,false,2010s,22.92881,1.93,4.38,416.0,518.204,283.0398448,48.8253303
Kepler-190 c,Kepler-190,kepler-190,Transit,transit,2014,2014,false,2010s,3.763024,1.46,2.73,948.0,433.387,288.5839761,44.7337701
Kepler-191 c,Kepler-191,kepler-191,Transit,transit,2014,2014,false,2010s,17.738506,1.86,4.12,596.0,594.464,291.1833211,45.3230937
HD 10180 f,HD 10180,hd 10180,Radial Velocity,radial velocity,2010,2010,false,2010s,122.744,5.24,23.9,,38.9607,24.4731133,-60.5114881
Kepler-207 c,Kepler-207,kepler-207,Transit,transit,2014,2014,false,2010s,3.071571,1.5,2.86,1556.0,875.519,290.0305195,42.1660555
Kepler-224 b,Kepler-224,kepler-224,Transit,transit,2014,2014,false,2010s,3.132924,1.39,2.51,937.0,782.088,290.9342679,47.3575414
Kepler-337 c,Kepler-337,kepler-337,Transit,transit,2014,2014,false,2010s,9.693201,2.05,4.86,1017.0,677.975,290.0605123,47.1639533
Kepler-299 d,Kepler-299,kepler-299,Transit,transit,2014,2014,false,2010s,15.054786,1.86,4.12,729.0,1052.24,283.2070156,48.5805222
Kepler-953 b,Kepler-953,kepler-953,Transit,transit,2016,2016,false,2010s,88.40655258,4.21,16.5,410.0,258.893,288.9716297,44.6246451
Kepler-493 b,Kepler-493,kepler-493,Transit,transit,2016,2016,false,2010s,3.003876581,15.13,,1438.0,1745.77,295.3075252,38.8815716
Kepler-303 c,Kepler-303,kepler-303,Transit,transit,2014,2014,false,2010s,7.061149,1.14,1.55,521.0,209.738,283.1354742,43.6567036
Kepler-137 b,Kepler-137,kepler-137,Transit,transit,2014,2014,false,2010s,8.436387,1.47,2.76,742.0,302.979,282.1355875,43.0391951
Kepler-228 b,Kepler-228,kepler-228,Transit,transit,2014,2014,false,2010s,2.566546,1.53,2.96,1360.0,1644.61,296.2860853,48.2246328
Kepler-238 c,Kepler-238,kepler-238,Transit,transit,2014,2014,false,2010s,6.155557,2.39,152.522,1146.0,1798.75,287.8971066,40.6378141
Kepler-324 c,Kepler-324,kepler-324,Transit,transit,2014,2014,false,2010s,51.805612,3.15,6.2,410.0,501.574,286.4714473,49.6490933
Kepler-188 b,Kepler-188,kepler-188,Transit,transit,2014,2014,false,2010s,2.061897,1.68,3.46,1463.0,968.544,281.2797173,44.3154743
Kepler-126 b,Kepler-126,kepler-126,Transit,transit,2014,2014,false,2010s,10.495711,1.52,4.11726105,1009.0,237.401,289.3473634,44.2084445
Kepler-136 c,Kepler-136,kepler-136,Transit,transit,2014,2014,false,2010s,16.399235,1.99,4.62,847.0,420.818,296.4673039,42.5987984
Kepler-198 c,Kepler-198,kepler-198,Transit,transit,2014,2014,false,2010s,49.567416,2.47,6.66,465.0,495.358,290.6731326,38.6910045
Kepler-398 b,Kepler-398,kepler-398,Transit,transit,2014,2014,false,2010s,4.081423,0.93,0.749,755.0,177.355,291.4688524,40.3437001
Kepler-244 c,Kepler-244,kepler-244,Transit,transit,2014,2014,false,2010s,9.767292,2.05,4.86,791.0,1036.49,287.242641,42.3014185
Kepler-247 b,Kepler-247,kepler-247,Transit,transit,2014,2014,false,2010s,3.33616,1.64,3.33,970.0,663.711,288.6425609,43.0393769
Kepler-301 d,Kepler-301,kepler-301,Transit,transit,2014,2014,false,2010s,13.751243,1.75,3.71,725.0,719.166,283.982904,49.2329512
Kepler-301 c,Kepler-301,kepler-301,Transit,transit,2014,2014,false,2010s,5.419026,1.35,2.39,989.0,719.166,283.982904,49.2329512
Kepler-342 d,Kepler-342,kepler-342,Transit,transit,2014,2014,false,2010s,39.459357,2.49,6.76,658.0,781.611,292.6780488,46.7266813
Kepler-191 b,Kepler-191,kepler-191,Transit,transit,2014,2014,false,2010s,9.939632,1.34,2.36,722.0,594.464,291.1833211,45.3230937
Kepler-194 d,Kepler-194,kepler-194,Transit,transit,2014,2014,false,2010s,52.814973,2.4,6.35,562.0,1097.97,291.971429,47.8640498
Kepler-208 e,Kepler-208,kepler-208,Transit,transit,2014,2014,false,2010s,16.259458,1.48,2.79,880.0,775.328,293.8901979,42.5279413
Kepler-344 c,Kepler-344,kepler-344,Transit,transit,2014,2014,false,2010s,125.596809,2.95,9.01,360.0,1002.94,292.4996101,46.3243406
Kepler-304 d,Kepler-304,kepler-304,Transit,transit,2014,2014,false,2010s,9.653471,2.75,8.0,611.0,434.684,294.4418031,40.5575408
Kepler-304 c,Kepler-304,kepler-304,Transit,transit,2014,2014,false,2010s,5.315946,2.17,5.35,746.0,434.684,294.4418031,40.5575408
Kepler-81 d,Kepler-81,kepler-81,Transit,transit,2014,2014,false,2010s,20.837846,1.21,1.92,418.0,348.291,293.6369437,42.8248275
Kepler-548 b,Kepler-548,kepler-548,Transit,transit,2016,2016,false,2010s,4.454194338,11.99,,1017.0,751.776,299.9059167,45.4396103
Kepler-723 b,Kepler-723,kepler-723,Transit,transit,2016,2016,false,2010s,4.082275068,12.19,,1016.0,1071.8,284.8304434,44.6580932
Kepler-197 e,Kepler-197,kepler-197,Transit,transit,2014,2014,false,2010s,25.209715,0.91,0.693,691.0,330.575,295.2264739,50.5592348
Kepler-200 c,Kepler-200,kepler-200,Transit,transit,2014,2014,false,2010s,10.222157,1.59,3.15,806.0,665.912,284.4099503,41.2374928
Kepler-346 c,Kepler-346,kepler-346,Transit,transit,2014,2014,false,2010s,23.851549,3.07,9.64,654.0,984.105,288.0119248,46.1176003
Kepler-350 b,Kepler-350,kepler-350,Transit,transit,2014,2014,false,2010s,11.189562,1.85,16.9,1037.0,956.859,285.4195845,39.7061009
Kepler-306 e,Kepler-306,kepler-306,Transit,transit,2014,2014,false,2010s,44.840975,2.27,5.77,390.0,775.679,288.5387145,40.6160545
Kepler-84 e,Kepler-84,kepler-84,Transit,transit,2014,2014,false,2010s,27.434389,2.6,7.27,672.0,1023.9,298.2520208,40.4960842
Kepler-265 e,Kepler-265,kepler-265,Transit,transit,2014,2014,false,2010s,67.831024,2.59,7.22,476.0,1280.25,290.5104788,41.244743
Kepler-217 c,Kepler-217,kepler-217,Transit,transit,2014,2014,false,2010s,8.586004,1.85,4.08,1208.0,1104.64,293.0377331,46.2775223
Kepler-220 d,Kepler-220,kepler-220,Transit,transit,2014,2014,false,2010s,28.122397,0.98,0.904,401.0,171.109,291.5060432,46.8956262
Kepler-351 b,Kepler-351,kepler-351,Transit,transit,2014,2014,false,2010s,37.054919,3.06,4.8,498.0,1083.91,286.4527949,42.6577891
Kepler-352 b,Kepler-352,kepler-352,Transit,transit,2014,2014,false,2010s,10.05537,0.86,0.566,694.0,252.733,299.8966237,46.0519022
Kepler-84 d,Kepler-84,kepler-84,Transit,transit,2014,2014,false,2010s,4.224537,1.38,2.48,1254.0,1023.9,298.2520208,40.4960842
Kepler-310 d,Kepler-310,kepler-310,Transit,transit,2014,2014,false,2010s,92.876125,2.47,7.0,353.0,602.268,288.839278,46.9867472
Kepler-282 b,Kepler-282,kepler-282,Transit,transit,2014,2014,false,2010s,9.220524,1.01,1.01,817.0,1337.61,284.6772402,44.7976401
Kepler-282 c,Kepler-282,kepler-282,Transit,transit,2014,2014,false,2010s,13.638723,1.2,1.87,717.0,1337.61,284.6772402,44.7976401
Kepler-220 e,Kepler-220,kepler-220,Transit,transit,2014,2014,false,2010s,45.902733,1.33,2.33,341.0,171.109,291.5060432,46.8956262
Kepler-154 c,Kepler-154,kepler-154,Transit,transit,2014,2014,false,2010s,62.303276,2.95,9.01,454.0,915.212,289.7805393,49.8965624
Kepler-353 b,Kepler-353,kepler-353,Transit,transit,2014,2014,false,2010s,5.795278,0.89,0.64,534.0,384.694,296.8565596,41.7580749
Kepler-85 e,Kepler-85,kepler-85,Transit,transit,2014,2014,false,2010s,25.216751,1.27,0.6,559.0,765.025,290.9734395,45.2902761
Kepler-55 e,Kepler-55,kepler-55,Transit,transit,2014,2014,false,2010s,4.617534,1.55,3.02,728.0,578.796,285.1683291,44.0264898
Kepler-310 b,Kepler-310,kepler-310,Transit,transit,2014,2014,false,2010s,13.930698,1.19,1.81,665.0,602.268,288.839278,46.9867472
Kepler-286 e,Kepler-286,kepler-286,Transit,transit,2014,2014,false,2010s,29.221289,1.77,3.78,539.0,1226.85,290.6761874,48.2942362
Kepler-368 c,Kepler-368,kepler-368,Transit,transit,2014,2014,false,2010s,72.379334,3.88,14.3,575.0,770.978,291.880018,45.3878419
Kepler-356 b,Kepler-356,kepler-356,Transit,transit,2014,2014,false,2010s,4.612696,1.57,3.09,1294.0,707.559,292.4210998,37.6827919
Kepler-354 d,Kepler-354,kepler-354,Transit,transit,2014,2014,false,2010s,24.209842,1.24,2.07,451.0,554.064,285.7515347,41.3356739
Kepler-313 c,Kepler-313,kepler-313,Transit,transit,2014,2014,false,2010s,32.273273,2.57,7.13,683.0,1079.39524871,298.2948708,48.7754
Kepler-142 b,Kepler-142,kepler-142,Transit,transit,2014,2014,false,2010s,2.024152,1.99,4.62,1597.0,548.686,295.1190067,48.4813635
Kepler-487 b,Kepler-487,kepler-487,Transit,transit,2016,2016,false,2010s,15.358768403,11.42,,662.0,872.343,295.2872318,41.2220033
Kepler-506 b,Kepler-506,kepler-506,Transit,transit,2016,2016,false,2010s,6.8834055,2.73,7.9,1080.0,228.439,284.6351885,40.7198296
Kepler-58 d,Kepler-58,kepler-58,Transit,transit,2014,2014,false,2010s,40.101371,2.94,245.343,583.0,969.252,296.3586251,39.1152033
Kepler-299 e,Kepler-299,kepler-299,Transit,transit,2014,2014,false,2010s,38.285489,1.87,4.16,534.0,1052.24,283.2070156,48.5805222
Kepler-372 b,Kepler-372,kepler-372,Transit,transit,2014,2014,false,2010s,6.849692,1.36,2.42,1081.0,1493.95,291.2562253,49.2589288
Kepler-378 c,Kepler-378,kepler-378,Transit,transit,2014,2014,false,2010s,28.906009,0.7,0.271,414.0,152.094,294.9489697,46.4388673
Kepler-357 c,Kepler-357,kepler-357,Transit,transit,2014,2014,false,2010s,16.85837,2.67,7.61,576.0,688.573,291.2429746,44.0086337
Kepler-308 c,Kepler-308,kepler-308,Transit,transit,2014,2014,false,2010s,15.38231,2.16,5.31,714.0,1335.92,295.7852423,40.4395753
Kepler-124 b,Kepler-124,kepler-124,Transit,transit,2014,2014,false,2010s,3.410493,0.73,0.315,892.0,420.046,286.7527322,49.0648788
Kepler-235 b,Kepler-235,kepler-235,Transit,transit,2014,2014,false,2010s,3.340222,2.23,5.6,731.0,428.018,286.0790779,39.278237
Kepler-392 c,Kepler-392,kepler-392,Transit,transit,2014,2014,false,2010s,10.423118,1.1,1.37,901.0,681.428,288.660826,43.3681938
Kepler-360 c,Kepler-360,kepler-360,Transit,transit,2014,2014,false,2010s,7.186434,2.1,5.06,860.0,876.044,286.2847077,44.7815817
Kepler-363 b,Kepler-363,kepler-363,Transit,transit,2014,2014,false,2010s,3.614568,1.16,1.65,1347.0,762.596,283.1920779,41.3054172
Kepler-319 d,Kepler-319,kepler-319,Transit,transit,2014,2014,false,2010s,31.781925,2.29,5.86,528.0,503.436,288.8119782,39.7706431
Kepler-319 b,Kepler-319,kepler-319,Transit,transit,2014,2014,false,2010s,4.362705,1.63,3.29,1023.0,503.436,288.8119782,39.7706431
Kepler-398 c,Kepler-398,kepler-398,Transit,transit,2014,2014,false,2010s,11.419412,1.01,1.01,536.0,177.355,291.4688524,40.3437001
Kepler-399 b,Kepler-399,kepler-399,Transit,transit,2014,2014,false,2010s,14.425281,0.96,0.84,773.0,740.537,299.5017242,40.6707669
Kepler-379 b,Kepler-379,kepler-379,Transit,transit,2014,2014,false,2010s,20.09838,1.66,3.39,775.0,731.274,295.7010981,38.9458209
Kepler-198 b,Kepler-198,kepler-198,Transit,transit,2014,2014,false,2010s,17.790037,2.82,8.35,655.0,495.358,290.6731326,38.6910045
Kepler-372 d,Kepler-372,kepler-372,Transit,transit,2014,2014,false,2010s,30.092568,1.69,3.5,660.0,1493.95,291.2562253,49.2589288
Kepler-146 b,Kepler-146,kepler-146,Transit,transit,2014,2014,false,2010s,31.158799,3.71,13.3,639.0,716.797,294.1107631,38.7102222
Kepler-250 b,Kepler-250,kepler-250,Transit,transit,2014,2014,false,2010s,4.148141,1.13,1.51,938.0,760.585,289.5947633,44.1418114
Kepler-390 c,Kepler-390,kepler-390,Transit,transit,2014,2014,false,2010s,13.060022,0.79,0.418,630.0,435.277,291.6288086,41.2088351
Kepler-373 c,Kepler-373,kepler-373,Transit,transit,2014,2014,false,2010s,16.725948,1.24,2.07,729.0,1090.45,289.3879904,50.5970115
Kepler-326 b,Kepler-326,kepler-326,Transit,transit,2014,2014,false,2010s,2.248329,1.52,44.6,1127.0,487.675,294.3255898,46.0022646
Kepler-325 c,Kepler-325,kepler-325,Transit,transit,2014,2014,false,2010s,12.762172,2.54,6.99,721.0,823.242,289.8354219,49.825607
Kepler-46 d,Kepler-46,kepler-46,Transit,transit,2014,2014,false,2010s,6.766589,1.64,3.33,845.0,777.06,289.2687388,42.6041819
Kepler-142 c,Kepler-142,kepler-142,Transit,transit,2014,2014,false,2010s,4.761702,2.86,8.55,1201.0,548.686,295.1190067,48.4813635
Kepler-374 d,Kepler-374,kepler-374,Transit,transit,2014,2014,false,2010s,5.028219,1.31,2.27,1272.0,1265.61,294.1378921,42.3704075
Kepler-375 b,Kepler-375,kepler-375,Transit,transit,2014,2014,false,2010s,12.125934,1.45,2.7,851.0,1238.81,288.6178715,48.0983639
Kepler-256 b,Kepler-256,kepler-256,Transit,transit,2014,2014,false,2010s,1.620493,1.59,3.15,1681.0,1026.43,292.58042,46.0973588
Kepler-327 d,Kepler-327,kepler-327,Transit,transit,2014,2014,false,2010s,13.969457,1.73,3.64,387.0,241.987,292.6422963,44.0876251
Kepler-403 c,Kepler-403,kepler-403,Transit,transit,2014,2014,false,2010s,54.280749,1.75,3.71,604.0,840.269,289.9214256,46.7445267
Kepler-209 c,Kepler-209,kepler-209,Transit,transit,2014,2014,false,2010s,41.749882,3.1,9.8,486.0,576.946,291.1694567,42.6407281
Kepler-246 c,Kepler-246,kepler-246,Transit,transit,2014,2014,false,2010s,11.187161,1.5,2.86,667.0,626.078,296.4834007,42.6633806
Kepler-250 d,Kepler-250,kepler-250,Transit,transit,2014,2014,false,2010s,17.648312,2.18,5.39,579.0,760.585,289.5947633,44.1418114
Kepler-376 b,Kepler-376,kepler-376,Transit,transit,2014,2014,false,2010s,4.920199,1.07,1.24,1242.0,923.067,291.6071451,38.4103192
Kepler-380 c,Kepler-380,kepler-380,Transit,transit,2014,2014,false,2010s,7.630004,1.27,2.15,1056.0,813.713,282.3947017,48.7591334
Kepler-130 d,Kepler-130,kepler-130,Transit,transit,2014,2014,false,2010s,87.517905,1.64,3.33,451.0,316.663,288.4505905,40.2452006
Kepler-252 b,Kepler-252,kepler-252,Transit,transit,2014,2014,false,2010s,6.668391,1.23,2.04,587.0,379.424,295.579329,44.5459052
Kepler-255 b,Kepler-255,kepler-255,Transit,transit,2014,2014,false,2010s,5.714606,1.55,3.02,971.0,1052.53,296.0642702,45.9767647
Kepler-381 b,Kepler-381,kepler-381,Transit,transit,2014,2014,false,2010s,5.629021,0.99,0.937,1576.0,267.323,285.1828685,43.8310283
Kepler-383 c,Kepler-383,kepler-383,Transit,transit,2014,2014,false,2010s,31.200751,1.24,2.07,406.0,470.0,291.3426078,38.3631616
Kepler-331 d,Kepler-331,kepler-331,Transit,transit,2014,2014,false,2010s,32.134328,1.64,3.33,346.0,580.119,291.8343455,39.3073462
Kepler-333 c,Kepler-333,kepler-333,Transit,transit,2014,2014,false,2010s,24.08821,1.11,1.41,386.0,324.413,292.2861201,40.9135429
HATS-33 b,HATS-33,hats-33,Transit,transit,2016,2016,false,2010s,2.5495551,13.78707,378.85336,1429.0,248.46,294.6336944,-55.3302692
K2-55 b,K2-55,k2-55,Transit,transit,2016,2016,false,2010s,2.849271,4.43,44.0,900.0,159.522,333.7518786,-17.2508002
K2-60 b,K2-60,k2-60,Transit,transit,2016,2016,false,2010s,3.00265,7.655747,135.39558,1400.0,491.87,338.6062312,-13.7318044
Kepler-405 c,Kepler-405,kepler-405,Transit,transit,2014,2014,false,2010s,29.726682,4.66,19.6,557.0,1065.08,291.4094615,38.3400107
Kepler-256 d,Kepler-256,kepler-256,Transit,transit,2014,2014,false,2010s,5.839172,2.48,6.71,1097.0,1026.43,292.58042,46.0973588
Kepler-258 c,Kepler-258,kepler-258,Transit,transit,2014,2014,false,2010s,33.653079,3.61,12.7,470.0,575.988,294.0684116,46.5791357
Kepler-387 c,Kepler-387,kepler-387,Transit,transit,2014,2014,false,2010s,11.837549,0.89,0.64,826.0,801.052,287.7982699,45.6567655
Kepler-334 d,Kepler-334,kepler-334,Transit,transit,2014,2014,false,2010s,25.09849,1.41,2.57,656.0,426.59,287.1406177,47.1151153
Kepler-336 b,Kepler-336,kepler-336,Transit,transit,2014,2014,false,2010s,2.024823,1.02,1.04,1625.0,768.86,290.2376224,41.3313637
Kepler-149 c,Kepler-149,kepler-149,Transit,transit,2014,2014,false,2010s,55.328328,1.61,3.22,436.0,571.034,285.8537014,38.3840916
Kepler-393 c,Kepler-393,kepler-393,Transit,transit,2014,2014,false,2010s,14.613612,1.33,2.33,901.0,881.404,290.995205,45.192188
Kepler-292 c,Kepler-292,kepler-292,Transit,transit,2014,2014,false,2010s,3.715335,1.47,2.76,1001.0,1056.48,295.7661979,42.4242822
Kepler-337 b,Kepler-337,kepler-337,Transit,transit,2014,2014,false,2010s,3.292781,1.54,2.99,1458.0,677.975,290.0605123,47.1639533
Kepler-338 c,Kepler-338,kepler-338,Transit,transit,2014,2014,false,2010s,24.310856,2.34,6.08,831.0,552.798,282.9790593,40.7844188
Kepler-164 b,Kepler-164,kepler-164,Transit,transit,2014,2014,false,2010s,5.03503,1.41,2.57,1141.0,890.758,287.7808115,47.6298453
Kepler-169 f,Kepler-169,kepler-169,Transit,transit,2014,2014,false,2010s,87.090195,2.58,7.18,321.0,406.529,285.9999204,40.9193822
Kepler-265 b,Kepler-265,kepler-265,Transit,transit,2014,2014,false,2010s,6.846262,1.86,4.12,1022.0,1280.25,290.5104788,41.244743
Kepler-269 c,Kepler-269,kepler-269,Transit,transit,2014,2014,false,2010s,8.127899,1.69,3.5,875.0,2257.32,290.2151459,41.775981
Kepler-395 b,Kepler-395,kepler-395,Transit,transit,2014,2014,false,2010s,7.054346,1.03,1.08,576.0,421.382,293.5111889,45.1366252
Kepler-298 d,Kepler-298,kepler-298,Transit,transit,2014,2014,false,2010s,77.473633,2.5,6.8,277.0,518.204,283.0398448,48.8253303
Kepler-339 c,Kepler-339,kepler-339,Transit,transit,2014,2014,false,2010s,6.988055,1.15,7.3,914.0,616.637,293.351701,48.4445922
Kepler-339 d,Kepler-339,kepler-339,Transit,transit,2014,2014,false,2010s,10.558345,1.17,14.7,796.0,616.637,293.351701,48.4445922
Kepler-171 d,Kepler-171,kepler-171,Transit,transit,2014,2014,false,2010s,39.595519,1.89,4.23,497.0,863.855,296.7719082,41.7555958
Kepler-174 d,Kepler-174,kepler-174,Transit,transit,2014,2014,false,2010s,247.35373,2.19,5.43,212.0,384.757,287.4389454,43.8320052
Kepler-272 d,Kepler-272,kepler-272,Transit,transit,2014,2014,false,2010s,10.937304,2.25,5.69,777.0,889.608,299.1275257,47.5938319
Kepler-206 d,Kepler-206,kepler-206,Transit,transit,2014,2014,false,2010s,23.44281,1.19,1.81,681.0,594.447,291.6346564,41.8338415
Kepler-122 c,Kepler-122,kepler-122,Transit,transit,2014,2014,false,2010s,12.465988,5.87,29.0,897.0,1027.45,291.1118647,39.9490248
Kepler-251 c,Kepler-251,kepler-251,Transit,transit,2014,2014,false,2010s,16.514043,2.77,8.1,655.0,924.625,296.5662171,44.1058077
Kepler-234 c,Kepler-234,kepler-234,Transit,transit,2014,2014,false,2010s,7.21205,3.51,12.1,1025.0,1733.1,291.6535379,38.4946597
KOI-1257 b,KOI-1257,koi-1257,Transit,transit,2014,2014,false,2010s,86.647661,10.54,460.83,511.0,656.0,291.2250888,44.9272918
OGLE-2008-BLG-355L b,OGLE-2008-BLG-355L,ogle-2008-blg-355l,Microlensing,microlensing,2014,2014,false,2010s,,12.9,1500.0,,6800.0,269.786708,-30.7594722
Kepler-200 b,Kepler-200,kepler-200,Transit,transit,2014,2014,false,2010s,8.594805,2.13,5.18,854.0,665.912,284.4099503,41.2374928
Kepler-188 c,Kepler-188,kepler-188,Transit,transit,2014,2014,false,2010s,5.996553,3.19,10.3,1025.0,968.544,281.2797173,44.3154743
Kepler-252 c,Kepler-252,kepler-252,Transit,transit,2014,2014,false,2010s,10.848463,2.15,5.27,499.0,379.424,295.579329,44.5459052
Kepler-158 c,Kepler-158,kepler-158,Transit,transit,2014,2014,false,2010s,28.551383,1.9,4.27,418.0,315.177,284.0323723,39.7815365
KELT-12 b,KELT-12,kelt-12,Transit,transit,2017,2017,false,2010s,5.031623,19.95202,301.9385,1800.0,368.03,267.6404906,36.5701761
Kepler-421 b,Kepler-421,kepler-421,Transit,transit,2014,2014,false,2010s,704.1984,4.16,16.1,185.0,348.558,283.2568116,45.0876823
Kepler-343 c,Kepler-343,kepler-343,Transit,transit,2014,2014,false,2010s,23.22182,2.02,4.74,746.0,927.193,291.960662,42.4329567
Kepler-347 c,Kepler-347,kepler-347,Transit,transit,2014,2014,false,2010s,27.320871,1.75,3.71,705.0,1298.88,289.1995995,49.3056404
Kepler-190 b,Kepler-190,kepler-190,Transit,transit,2014,2014,false,2010s,2.019999,1.56,3.05,1166.0,433.387,288.5839761,44.7337701
Kepler-253 c,Kepler-253,kepler-253,Transit,transit,2014,2014,false,2010s,10.281951,2.65,7.51,680.0,838.595,291.8419337,44.858124
Kepler-170 c,Kepler-170,kepler-170,Transit,transit,2014,2014,false,2010s,16.665863,2.86,8.55,702.0,738.657,284.5211975,41.6296562
Kepler-205 c,Kepler-205,kepler-205,Transit,transit,2014,2014,false,2010s,20.306546,1.64,3.33,389.0,159.72,285.2866912,41.8609357
KELT-7 b,KELT-7,kelt-7,Transit,transit,2015,2015,false,2010s,2.73477,17.9344,441.7837,2048.0,136.681,78.2955912,33.3179532
WASP-76 b,WASP-76,wasp-76,Transit,transit,2016,2016,false,2010s,1.80988198,20.78145022,284.13859586,2228.0,194.459,26.632936,2.700389
WASP-127 b,WASP-127,wasp-127,Transit,transit,2016,2016,false,2010s,4.17806203,14.694999,52.346601,1400.0,159.507,160.5587646,-3.8349989
TOI-216.02,TOI-216,toi-216,Transit,transit,2019,2019,false,2010s,17.16073,8.0,18.75187601,628.0,177.945,73.9800129,-63.2603301
HATS-59 c,HATS-59,hats-59,Radial Velocity,radial velocity,2018,2018,false,2010s,1422.0,12.3,4036.441,175.9,642.884,170.324325,-22.388177
Kepler-202 b,Kepler-202,kepler-202,Transit,transit,2014,2014,false,2010s,4.069427,1.63,3.29,802.0,285.111,282.9734874,41.3217991
Kepler-214 c,Kepler-214,kepler-214,Transit,transit,2014,2014,false,2010s,28.7798,2.13,5.18,619.0,1208.44,284.7548499,44.95605
Kepler-192 b,Kepler-192,kepler-192,Transit,transit,2014,2014,false,2010s,9.926746,2.74,7.95,803.0,651.674,287.9179379,45.5928829
Kepler-196 c,Kepler-196,kepler-196,Transit,transit,2014,2014,false,2010s,47.427737,2.24,5.65,407.0,451.312,284.9685077,42.0791214
Kepler-245 d,Kepler-245,kepler-245,Transit,transit,2014,2014,false,2010s,36.277108,3.03,21.6,445.0,861.527,291.6389972,42.4363482
Kepler-101 c,Kepler-101,kepler-101,Transit,transit,2014,2014,false,2010s,6.02976,1.25,3.78,1413.0,927.981,283.255507,48.3552474
Kepler-154 b,Kepler-154,kepler-154,Transit,transit,2014,2014,false,2010s,33.040532,2.26,5.73,561.0,915.212,289.7805393,49.8965624
Kepler-359 d,Kepler-359,kepler-359,Transit,transit,2014,2014,false,2010s,77.095691,4.01,2.7,464.0,1443.21,293.2936129,42.1963497
Kepler-256 c,Kepler-256,kepler-256,Transit,transit,2014,2014,false,2010s,3.38802,2.15,5.27,1315.0,1026.43,292.58042,46.0973588
Kepler-254 b,Kepler-254,kepler-254,Transit,transit,2014,2014,false,2010s,5.826662,3.87,14.3,1013.0,1389.48,288.1646541,45.8164257
Kepler-184 c,Kepler-184,kepler-184,Transit,transit,2014,2014,false,2010s,20.303005,1.97,8.8,630.0,610.326,291.9518784,43.0746172
Kepler-248 b,Kepler-248,kepler-248,Transit,transit,2014,2014,false,2010s,6.308205,3.02,9.38,819.0,738.792,293.0613138,43.5813577
KIC 10001893 b,KIC 10001893,kic 10001893,Orbital Brightness Modulation,orbital brightness modulation,2014,2014,false,2010s,0.2197,,,,1672.94,287.3892308,46.9844491
KIC 10001893 c,KIC 10001893,kic 10001893,Orbital Brightness Modulation,orbital brightness modulation,2014,2014,false,2010s,0.32528,,,,1672.94,287.3892308,46.9844491
Kepler-172 b,Kepler-172,kepler-172,Transit,transit,2014,2014,false,2010s,2.940309,2.35,6.12,1256.0,828.592,283.3684093,41.821839
Kepler-205 b,Kepler-205,kepler-205,Transit,transit,2014,2014,false,2010s,2.75564,1.51,2.89,757.0,159.72,285.2866912,41.8609357
Kepler-257 c,Kepler-257,kepler-257,Transit,transit,2014,2014,false,2010s,6.581484,5.41,25.2,881.0,780.256,297.3159994,46.0232642
Kepler-217 b,Kepler-217,kepler-217,Transit,transit,2014,2014,false,2010s,5.374943,2.23,5.6,1413.0,1104.64,293.0377331,46.2775223
Kepler-174 c,Kepler-174,kepler-174,Transit,transit,2014,2014,false,2010s,44.000529,1.49,2.83,377.0,384.757,287.4389454,43.8320052
Kepler-251 d,Kepler-251,kepler-251,Transit,transit,2014,2014,false,2010s,30.133001,2.77,8.1,536.0,924.625,296.5662171,44.1058077
Kepler-423 b,Kepler-423,kepler-423,Transit,transit,2014,2014,false,2010s,2.6843285,13.361,189.101,1605.0,758.753,292.8557189,46.3911883
LTT 1445 A b,LTT 1445 A,ltt 1445 a,Transit,transit,2019,2019,false,2010s,5.3587635,1.34,2.73,431.0,6.86929,45.4624781,-16.5944956
KELT-11 b,KELT-11,kelt-11,Transit,transit,2017,2017,false,2010s,4.73620865,15.13212395,65.15482343,1712.0,99.1596,161.7069053,-9.3993646
KIC 10001893 d,KIC 10001893,kic 10001893,Orbital Brightness Modulation,orbital brightness modulation,2014,2014,false,2010s,0.81161,,,,1672.94,287.3892308,46.9844491
Kepler-361 b,Kepler-361,kepler-361,Transit,transit,2014,2014,false,2010s,8.486616,1.45,2.7,1060.0,930.32,296.8034146,46.7411011
Kepler-362 b,Kepler-362,kepler-362,Transit,transit,2014,2014,false,2010s,10.327186,0.88,0.615,838.0,1090.51,291.771603,47.5299192
Kepler-218 c,Kepler-218,kepler-218,Transit,transit,2014,2014,false,2010s,44.699576,3.14,10.0,500.0,656.38,295.4128785,46.2665801
Kepler-193 b,Kepler-193,kepler-193,Transit,transit,2014,2014,false,2010s,11.38848,2.39,6.3,979.0,1009.1,296.4985951,46.5772484
Kepler-253 d,Kepler-253,kepler-253,Transit,transit,2014,2014,false,2010s,18.119869,3.17,10.2,563.0,838.595,291.8419337,44.858124
Kepler-192 c,Kepler-192,kepler-192,Transit,transit,2014,2014,false,2010s,21.2234,2.79,8.2,623.0,651.674,287.9179379,45.5928829
WASP-136 b,WASP-136,wasp-136,Transit,transit,2016,2016,false,2010s,5.21536178778,16.81347105,479.92089457,1630.0,275.587,0.325761,-8.9262512
WASP-185 b,WASP-185,wasp-185,Transit,transit,2019,2019,false,2010s,9.38755,14.01125,311.4734,1160.0,279.35,214.0595791,-19.5423062
Kepler-365 c,Kepler-365,kepler-365,Transit,transit,2014,2014,false,2010s,17.784129,1.64,3.33,729.0,1038.99,295.626564,49.130411
Kepler-220 c,Kepler-220,kepler-220,Transit,transit,2014,2014,false,2010s,9.034199,1.57,3.09,586.0,171.109,291.5060432,46.8956262
K2-266 c,K2-266,k2-266,Transit,transit,2018,2018,false,2010s,7.814,0.705,0.29013072,664.5,77.5586,157.9356855,0.9372782
Kepler-522 b,Kepler-522,kepler-522,Transit,transit,2016,2016,false,2010s,38.58422849,6.91,38.2,761.0,639.239,288.153973,44.0688154
K2-199 c,K2-199,k2-199,Transit,transit,2018,2018,false,2010s,7.3744897,2.85,12.4,694.0,107.518,208.9014508,-6.1360833
Kepler-670 b,Kepler-670,kepler-670,Transit,transit,2016,2016,false,2010s,2.816504852,13.18,,1219.0,939.744,297.0154644,49.2252988
Kepler-196 b,Kepler-196,kepler-196,Transit,transit,2014,2014,false,2010s,20.739886,1.9,4.27,536.0,451.312,284.9685077,42.0791214
Kepler-221 c,Kepler-221,kepler-221,Transit,transit,2014,2014,false,2010s,5.690586,2.93,9.3,860.0,385.231,296.6547477,46.8352242
Kepler-163 c,Kepler-163,kepler-163,Transit,transit,2014,2014,false,2010s,21.347262,2.26,5.73,648.0,689.814,295.0027458,46.9873389
Kepler-97 c,Kepler-97,kepler-97,Radial Velocity,radial velocity,2014,2014,false,2010s,789.0,,344.0,,400.907,287.3265292,48.6733443
Kepler-407 c,Kepler-407,kepler-407,Radial Velocity,radial velocity,2014,2014,false,2010s,3000.0,12.3,4000.0,,338.368,286.0363025,49.6145027
Kepler-427 b,Kepler-427,kepler-427,Transit,transit,2014,2014,false,2010s,10.290994,13.79,92.17,1100.0,1017.8,288.2545808,43.7048379
Kepler-207 d,Kepler-207,kepler-207,Transit,transit,2014,2014,false,2010s,5.868075,3.31,11.0,1254.0,875.519,290.0305195,42.1660555
Kepler-245 b,Kepler-245,kepler-245,Transit,transit,2014,2014,false,2010s,7.49019,2.57,146.78,753.0,861.527,291.6389972,42.4363482
Kepler-208 b,Kepler-208,kepler-208,Transit,transit,2014,2014,false,2010s,4.22864,1.63,3.29,1379.0,775.328,293.8901979,42.5279413
Kepler-246 b,Kepler-246,kepler-246,Transit,transit,2014,2014,false,2010s,4.60182,2.34,6.08,896.0,626.078,296.4834007,42.6633806
Kepler-179 c,Kepler-179,kepler-179,Transit,transit,2014,2014,false,2010s,6.40013,2.0,4.66,810.0,605.68,298.6636163,47.7619329
Kepler-226 c,Kepler-226,kepler-226,Transit,transit,2014,2014,false,2010s,5.349555,2.27,45.2,919.0,980.138,292.3760942,47.8809596
Kepler-113 b,Kepler-113,kepler-113,Transit,transit,2014,2014,false,2010s,4.754,1.82,11.7,775.0,262.351,287.9978721,50.9441847
Kepler-48 d,Kepler-48,kepler-48,Transit,transit,2014,2014,false,2010s,42.8961,2.04,7.93,448.0,306.738,299.1393094,40.948939
Kepler-199 b,Kepler-199,kepler-199,Transit,transit,2014,2014,false,2010s,23.637604,3.11,9.85,595.0,521.054,295.5594278,40.236249
Kepler-237 c,Kepler-237,kepler-237,Transit,transit,2014,2014,false,2010s,8.103636,2.08,4.98,687.0,657.822,283.2213438,40.421762
HD 181234 b,HD 181234,hd 181234,Radial Velocity,radial velocity,2019,2019,false,2010s,7593.40512,12.5,2980.91262925,,47.7458,289.9998695,-9.32497
Kepler-247 c,Kepler-247,kepler-247,Transit,transit,2014,2014,false,2010s,9.439452,4.09,15.7,686.0,663.711,288.6425609,43.0393769
Kepler-161 b,Kepler-161,kepler-161,Transit,transit,2014,2014,false,2010s,4.921355,2.12,2.63,868.0,434.632,290.5164698,43.0838642
Kepler-153 b,Kepler-153,kepler-153,Transit,transit,2014,2014,false,2010s,18.870227,2.92,8.85,621.0,459.368,282.460502,48.2570293
Kepler-106 b,Kepler-106,kepler-106,Transit,transit,2014,2014,false,2010s,6.16486,0.82,5.3,1021.0,444.322,300.864006,44.3375497
Kepler-100 d,Kepler-100,kepler-100,Transit,transit,2014,2014,false,2010s,35.3331,1.61,3.0,670.0,304.645,291.3861294,41.9901394
Kepler-274 b,Kepler-274,kepler-274,Transit,transit,2014,2014,false,2010s,11.634788,1.54,2.99,961.0,1333.62,292.9227926,38.4772173
Kepler-312 b,Kepler-312,kepler-312,Transit,transit,2014,2014,false,2010s,1.772419,1.29,2.21,1685.0,797.72,298.3957687,42.4597712
Kepler-211 c,Kepler-211,kepler-211,Transit,transit,2014,2014,false,2010s,6.04045,1.29,18.3,841.0,309.353,285.4391183,43.1685051
Kepler-212 c,Kepler-212,kepler-212,Transit,transit,2014,2014,false,2010s,31.805174,2.74,7.95,664.0,687.194,287.6208165,43.1416239
Kepler-228 d,Kepler-228,kepler-228,Transit,transit,2014,2014,false,2010s,11.094286,4.04,15.4,835.0,1644.61,296.2860853,48.2246328
HD 27894 d,HD 27894,hd 27894,Radial Velocity,radial velocity,2017,2017,false,2010s,5019.54244,12.7,2063.65984665,,43.8214,65.1975693,-59.4096776
Kepler-230 b,Kepler-230,kepler-230,Transit,transit,2014,2014,false,2010s,32.625555,4.26,16.8,506.0,740.754,285.7185682,48.5058038
Kepler-166 b,Kepler-166,kepler-166,Transit,transit,2014,2014,false,2010s,7.650254,2.27,5.77,772.0,603.53,293.1600977,48.8812074
Kepler-181 c,Kepler-181,kepler-181,Transit,transit,2014,2014,false,2010s,4.302149,1.99,4.62,937.0,609.283,296.1512831,50.0957806
Kepler-106 d,Kepler-106,kepler-106,Transit,transit,2014,2014,false,2010s,23.9802,0.95,8.1,649.0,444.322,300.864006,44.3375497
Kepler-131 c,Kepler-131,kepler-131,Transit,transit,2014,2014,false,2010s,25.5169,0.84,8.25,615.0,228.678,288.5308924,40.942373
Kepler-320 b,Kepler-320,kepler-320,Transit,transit,2014,2014,false,2010s,8.371554,1.14,1.55,1292.0,826.613,293.2135155,46.1751457
Kepler-169 e,Kepler-169,kepler-169,Transit,transit,2014,2014,false,2010s,13.767102,2.2,5.48,595.0,406.529,285.9999204,40.9193822
Kepler-249 c,Kepler-249,kepler-249,Transit,transit,2014,2014,false,2010s,7.113702,1.51,2.89,429.0,190.401,296.9853002,43.6586043
Kepler-174 b,Kepler-174,kepler-174,Transit,transit,2014,2014,false,2010s,13.98179,1.96,4.5,553.0,384.757,287.4389454,43.8320052
Kepler-231 c,Kepler-231,kepler-231,Transit,transit,2014,2014,false,2010s,19.271566,1.93,24.1,393.0,316.618,293.9733913,50.531846
Kepler-197 c,Kepler-197,kepler-197,Transit,transit,2014,2014,false,2010s,10.349695,1.23,5.3,930.0,330.575,295.2264739,50.5592348
Kepler-151 b,Kepler-151,kepler-151,Transit,transit,2014,2014,false,2010s,15.228958,3.06,9.59,639.0,649.919,292.1627933,41.0231947
Kepler-241 b,Kepler-241,kepler-241,Transit,transit,2014,2014,false,2010s,12.718092,2.33,6.04,562.0,512.0,292.9131121,41.0609786
Kepler-232 b,Kepler-232,kepler-232,Transit,transit,2014,2014,false,2010s,4.431222,3.08,9.69,1104.0,1349.13,295.8161668,51.1217249
Kepler-233 b,Kepler-233,kepler-233,Transit,transit,2014,2014,false,2010s,8.472382,2.43,6.48,751.0,856.417,296.3665054,51.3194548
Kepler-143 b,Kepler-143,kepler-143,Transit,transit,2014,2014,false,2010s,16.007583,2.41,6.39,838.0,809.467,298.0676519,49.412541
Kepler-332 d,Kepler-332,kepler-332,Transit,transit,2014,2014,false,2010s,34.21154,1.18,1.76,427.0,344.19,286.6627811,47.4136938
Kepler-10 b,Kepler-10,kepler-10,Transit,transit,2011,2011,false,2010s,0.8374907,1.47,3.24,2188.0,185.506,285.679298,50.2414842
Kepler-453 b,Kepler-453,kepler-453,Transit,transit,2015,2015,false,2010s,240.503,6.204,16.0,,442.846,283.2413322,46.3784691
KIC 3558849 b,KIC 3558849,kic 3558849,Transit,transit,2015,2015,false,2010s,1322.3,6.9,38.1,,1215.7,294.9498381,38.6051867
HD 215152 c,HD 215152,hd 215152,Radial Velocity,radial velocity,2018,2018,false,2010s,7.28243,,468.79690033,,21.5974,340.8380941,-6.4020685
Kepler-440 b,Kepler-440,kepler-440,Transit,transit,2015,2015,false,2010s,101.11141,1.86,4.12,229.0,301.03,285.3500664,41.4523695
Kepler-490 b,Kepler-490,kepler-490,Transit,transit,2016,2016,false,2010s,3.268695154,11.65,,1597.0,1523.0,295.025662,46.9559536
HATS-66 b,HATS-66,hats-66,Transit,transit,2018,2018,false,2010s,3.1414391,15.815899,1694.0339,1998.0,1477.98,101.3948048,-33.8816918
K2-13 b,K2-13,k2-13,Transit,transit,2015,2015,false,2010s,39.91488,1.89,4.23,511.0,342.394,170.1554763,2.5027534
KIC 8540376 b,KOI-7892,koi-7892,Transit,transit,2015,2015,false,2010s,31.8099,4.1,15.8,,1072.3,282.3775397,44.694569
KIC 8540376 c,KOI-7892,koi-7892,Transit,transit,2015,2015,false,2010s,75.2,2.4,6.35,,1072.3,282.3775397,44.694569
Kepler-436 b,Kepler-436,kepler-436,Transit,transit,2015,2015,false,2010s,64.00205,2.73,7.9,322.0,588.867,301.7207775,44.4120856
Kepler-186 f,Kepler-186,kepler-186,Transit,transit,2014,2014,false,2010s,129.9441,1.17,1.71,177.0,177.594,298.652736,43.9549884
Kepler-441 b,Kepler-441,kepler-441,Transit,transit,2015,2015,false,2010s,207.2482,1.64,3.33,189.0,268.003,284.566954,49.0127077
K2-155 c,K2-155,k2-155,Transit,transit,2018,2018,false,2010s,13.85,2.6,7.27,583.0,72.7998,65.469614,21.3532633
KELT-3 b,KELT-3,kelt-3,Transit,transit,2013,2013,false,2010s,2.70339,17.48604,616.5902,1816.0,210.252,148.6431193,40.3879446
WASP-107 b,WASP-107,wasp-107,Transit,transit,2017,2017,false,2010s,5.7214742,10.53646,30.5,736.0,64.7414,188.3864277,-10.1462141
GJ 357 c,GJ 357,gj 357,Radial Velocity,radial velocity,2019,2019,false,2010s,9.1247,1.66,3.4,401.2,9.44181,144.0074644,-21.6650634
Kepler-435 b,Kepler-435,kepler-435,Transit,transit,2015,2015,false,2010s,8.6001536,22.31,266.97,1729.0,1418.77,292.2873012,43.1972542
Qatar-5 b,Qatar-5,qatar-5,Transit,transit,2017,2017,false,2010s,2.8792319,12.408363,1373.0256,1415.0,367.658,7.0539375,42.0613451
HATS-56 b,HATS-56,hats-56,Transit,transit,2019,2019,false,2010s,4.324799,18.920792,191.33366,1902.0,564.409,180.165072,-45.7994559
HD 97658 b,HD 97658,hd 97658,Radial Velocity,radial velocity,2010,2010,false,2010s,9.4897116,2.12,8.3,751.0,21.5618,168.6376584,25.7105962
HAT-P-18 b,HAT-P-18,hat-p-18,Transit,transit,2010,2010,false,2010s,5.508023,11.153,62.61,852.0,161.4,256.346376,33.0123251
HAT-P-33 b,HAT-P-33,hat-p-33,Transit,transit,2011,2011,false,2010s,3.47447,20.73665,292.4036,1782.0,396.11,113.1842383,33.8350214
WASP-45 b,WASP-45,wasp-45,Transit,transit,2011,2011,false,2010s,3.126089,10.603714,306.38812,1153.0,211.196,5.2377567,-35.998465
WASP-117 b,WASP-117,wasp-117,Transit,transit,2014,2014,false,2010s,10.02165,11.88154,95.349,1001.0,157.963,36.7758112,-50.2844247
HATS-16 b,HATS-16,hats-16,Transit,transit,2016,2016,false,2010s,2.686502,14.5717,1039.3041,1592.0,757.044,358.5588439,-30.0130385
K2-14 b,K2-14,k2-14,Transit,transit,2015,2015,false,2010s,8.36802,4.81,20.7,488.0,364.048,178.0568745,2.5941222
K2-15 b,K2-15,k2-15,Transit,transit,2015,2015,false,2010s,11.8104,2.48,6.71,676.0,493.992,178.1105741,4.2546649
K2-17 b,K2-17,k2-17,Transit,transit,2015,2015,false,2010s,17.96753,2.23,5.6,487.0,125.106,178.3296746,6.4123178
KIC 10525077 b,KIC 10525077,kic 10525077,Transit,transit,2015,2015,false,2010s,854.083,5.5,25.9,,1461.15,287.3781164,47.7711541
KIC 5437945 b,KIC 5437945,kic 5437945,Transit,transit,2015,2015,false,2010s,440.7813,6.4,33.6,308.0,1274.01,288.4749028,40.6512848
Kepler-442 b,Kepler-442,kepler-442,Transit,transit,2015,2015,false,2010s,112.3053,1.34,2.36,241.0,365.965,285.3666029,39.2800704
HD 67087 b,HD 67087,hd 67087,Radial Velocity,radial velocity,2015,2015,false,2010s,352.2,13.1,973.0,,76.5217,121.9155672,31.5511553
K2-285 c,K2-285,k2-285,Transit,transit,2018,2018,false,2010s,7.138048,3.53,15.68,741.4,154.961,349.3843458,1.3001522
Kepler-785 b,Kepler-785,kepler-785,Transit,transit,2016,2016,false,2010s,1.973760926,13.02,,753.0,642.051,292.0683108,38.8422004
HD 33844 c,HD 33844,hd 33844,Radial Velocity,radial velocity,2015,2015,false,2010s,916.0,13.5,556.2025,,105.779,78.1505649,-14.9509775
HD 32963 b,HD 32963,hd 32963,Radial Velocity,radial velocity,2015,2015,false,2010s,2372.0,13.4,657.90480249,,38.0786,76.9820146,26.3276805
Kepler-437 b,Kepler-437,kepler-437,Transit,transit,2015,2015,false,2010s,66.65062,2.14,5.22,308.0,304.0,297.3473326,44.0269249
HIP 78530 b,HIP 78530,hip 78530,Imaging,imaging,2010,2010,false,2010s,,12.0,7300.0,2700.0,136.759,240.4810052,-21.980492
OGLE-2012-BLG-0563L b,OGLE-2012-BLG-0563L,ogle-2012-blg-0563l,Microlensing,microlensing,2015,2015,false,2010s,,13.6,120.0,,1300.0,271.4905,-27.712
Kepler-296 c,Kepler-296,kepler-296,Transit,transit,2014,2014,false,2010s,5.8416366,2.0,4.66,606.0,167.0,286.5400278,49.4372614
OGLE-2016-BLG-1266L b,OGLE-2016-BLG-1266L,ogle-2016-blg-1266l,Microlensing,microlensing,2018,2018,false,2010s,,12.4,3813.940884,,3080.0,267.8535833,-29.74225
Kepler-731 b,Kepler-731,kepler-731,Transit,transit,2016,2016,false,2010s,3.855603551,13.88,,1212.0,1257.16,296.3931945,45.568533
K2-265 b,K2-265,k2-265,Transit,transit,2018,2018,false,2010s,2.36902,1.70824866,7.3418362,1366.0,138.671,342.0316493,-14.4947789
HD 106315 c,HD 106315,hd 106315,Transit,transit,2017,2017,false,2010s,21.05704,4.35,15.2,886.0,109.353,183.4724742,-0.3934357
WASP-28 b,WASP-28,wasp-28,Transit,transit,2014,2014,false,2010s,3.40883495,13.66374747,282.54945382,1456.0,348.494,353.6162694,-1.5799849
Kepler-856 b,Kepler-856,kepler-856,Transit,transit,2016,2016,false,2010s,8.027680595,9.3,63.3,824.0,1351.17,289.6038379,46.3149097
HD 113538 b,HD 113538,hd 113538,Radial Velocity,radial velocity,2010,2010,false,2010s,663.2,13.2,114.41,,16.2817,196.233933,-52.4463502
Kepler-79 e,Kepler-79,kepler-79,Transit,transit,2014,2014,false,2010s,81.0659,3.49,4.1,511.0,1020.72,300.5171067,44.3815508
Kepler-79 c,Kepler-79,kepler-79,Transit,transit,2012,2012,false,2010s,27.4029,3.72,5.9,734.0,1020.72,300.5171067,44.3815508
Kepler-296 d,Kepler-296,kepler-296,Transit,transit,2014,2014,false,2010s,19.850291,2.09,5.02,403.0,167.0,286.5400278,49.4372614
BD+15 2375 b,BD+15 2375,bd+15 2375,Radial Velocity,radial velocity,2016,2016,false,2010s,153.22,13.8,337.21763,,768.045,176.4820239,14.6163182
HD 5583 b,HD 5583,hd 5583,Radial Velocity,radial velocity,2016,2016,false,2010s,139.35,12.8,1837.0574,,219.216,14.486946,34.9853306
HD 113538 c,HD 113538,hd 113538,Radial Velocity,radial velocity,2010,2010,false,2010s,1818.0,13.8,295.57,,16.2817,196.233933,-52.4463502
HD 30669 b,HD 30669,hd 30669,Radial Velocity,radial velocity,2014,2014,false,2010s,1684.0,14.3,149.37,,58.0844,72.1198522,-28.4190757
Kepler-79 b,Kepler-79,kepler-79,Transit,transit,2012,2012,false,2010s,13.4845,3.47,10.9,929.0,1020.72,300.5171067,44.3815508
Kepler-296 e,Kepler-296,kepler-296,Transit,transit,2014,2014,false,2010s,34.14211,1.53,2.96,337.0,167.0,286.5400278,49.4372614
Kepler-296 f,Kepler-296,kepler-296,Transit,transit,2014,2014,false,2010s,63.33627,1.8,3.89,274.0,167.0,286.5400278,49.4372614
WASP-180 A b,WASP-180 A,wasp-180 a,Transit,transit,2019,2019,false,2010s,3.409264,13.89916,286.047,1540.0,253.985,123.3922465,-1.9827874
HD 12484 b,HD 12484,hd 12484,Radial Velocity,radial velocity,2016,2016,false,2010s,58.83,13.2,947.1334,,48.3367,30.6115322,2.8158078
HIP 65407 b,HIP 65407,hip 65407,Radial Velocity,radial velocity,2016,2016,false,2010s,28.125,14.3,136.03124,,61.7804,201.087663,48.8847322
HD 108341 b,HD 108341,hd 108341,Radial Velocity,radial velocity,2014,2014,false,2010s,1129.0,13.3,715.11391575,,48.9102,186.8791724,-71.4224896
HD 103720 b,HD 103720,hd 103720,Radial Velocity,radial velocity,2014,2014,false,2010s,4.5557,14.1,197.046,,45.5352,179.1713308,-2.7791393
HR 2562 b,HR 2562,hr 2562,Imaging,imaging,2016,2016,false,2010s,,12.44199,4195.3349724,1255.0,34.0071,102.5042716,-60.2486775
CoRoT-28 b,CoRoT-28,corot-28,Transit,transit,2015,2015,false,2010s,5.20851,10.704595,153.82972,,766.183,278.6883216,5.5736911
WASP-98 b,WASP-98,wasp-98,Transit,transit,2014,2014,false,2010s,2.96264036,12.823096,293.03926,1171.0,281.742,58.4290113,-34.3282716
Kepler-10 c,Kepler-10,kepler-10,Transit,transit,2011,2011,false,2010s,45.294301,2.355,11.29,579.0,185.506,285.679298,50.2414842
K2-140 b,K2-140,k2-140,Transit,transit,2017,2017,false,2010s,6.569188,13.56286665,295.58041851,962.0,347.917,188.1373172,-9.6076115
Kepler-434 b,Kepler-434,kepler-434,Transit,transit,2015,2015,false,2010s,12.8747099,12.67,908.96,1000.0,1222.54,293.5863887,42.9288624
Kepler-433 b,Kepler-433,kepler-433,Transit,transit,2015,2015,false,2010s,5.33408384,16.25,896.24,1776.0,1878.31,297.5936232,40.9772546
HATS-43 b,HATS-43,hats-43,Transit,transit,2018,2018,false,2010s,4.3888497,13.22662,82.95363,1003.0,362.273,80.5382418,-30.9708179
Kepler-685 b,Kepler-685,kepler-685,Transit,transit,2016,2016,false,2010s,1.6255222,10.58,78.8,1579.0,938.715,293.8719143,38.4229184
HIP 41378 e,HIP 41378,hip 41378,Transit,transit,2016,2016,false,2010s,369.0,4.92,12.0,335.0,106.289,126.6158279,10.0803708
HIP 109384 b,HIP 109384,hip 109384,Radial Velocity,radial velocity,2016,2016,false,2010s,499.48,13.5,495.8148,,58.9582,332.408972,71.313956
HD 220842 b,HD 220842,hd 220842,Radial Velocity,radial velocity,2016,2016,false,2010s,218.47,13.1,1010.6994,,64.6498,351.6534162,56.8871415
Kepler-445 d,Kepler-445,kepler-445,Transit,transit,2015,2015,false,2010s,8.15275,1.25,2.1,305.0,127.201,298.7363395,46.4991236
Kepler-445 c,Kepler-445,kepler-445,Transit,transit,2015,2015,false,2010s,4.871229,2.51,6.85,341.0,127.201,298.7363395,46.4991236
Kepler-432 b,Kepler-432,kepler-432,Transit,transit,2015,2015,false,2010s,52.501129,12.834305,1719.4603,812.0,848.023,293.2822344,48.2859173
WASP-87 b,WASP-87,wasp-87,Transit,transit,2016,2016,false,2010s,1.682795,15.524465,692.8694,2049.54,298.392,185.3246821,-52.8408163
Kepler-1624 b,Kepler-1624,kepler-1624,Transit,transit,2016,2016,false,2010s,3.290304518,5.7,27.6,540.0,258.979,292.5798564,37.3762616
L 98-59 d,L 98-59,l 98-59,Transit,transit,2019,2019,false,2010s,7.450729,1.627,1.64,416.0,10.6194,124.5328604,-68.3144658
HR 858 b,HR 858,hr 858,Transit,transit,2019,2019,false,2010s,3.585287,2.004,3.55,1552.0,31.964,42.9849779,-30.8140609
OGLE-2008-BLG-092L b,OGLE-2008-BLG-092L,ogle-2008-blg-092l,Microlensing,microlensing,2014,2014,false,2010s,,8.74,57.0,,8100.0,267.540708,-34.6731944
Kepler-445 b,Kepler-445,kepler-445,Transit,transit,2015,2015,false,2010s,2.984151,1.58,3.12,401.0,127.201,298.7363395,46.4991236
Kepler-446 d,Kepler-446,kepler-446,Transit,transit,2015,2015,false,2010s,5.148921,1.35,2.39,436.0,96.339,282.2501047,44.921002
8 UMi b,8 UMi,8 umi,Radial Velocity,radial velocity,2015,2015,false,2010s,93.31,13.5,524.41687155,,162.552,224.201685,74.9009379
K2-133 c,K2-133,k2-133,Transit,transit,2017,2017,false,2010s,4.86784,1.603,3.2,,75.1703,70.1493775,25.0098135
HIP 41378 f,HIP 41378,hip 41378,Transit,transit,2016,2016,false,2010s,542.07975,9.2,12.0,294.0,106.289,126.6158279,10.0803708
HAT-P-16 b,HAT-P-16,hat-p-16,Transit,transit,2010,2010,false,2010s,2.77596727,14.68376472,1341.56043,1566.0,226.637,9.5730343,42.4630961
2MASS J02192210-3925225 b,2MASS J02192210-3925225,2mass j02192210-3925225,Imaging,imaging,2015,2015,false,2010s,,16.14096,4417.837,,40.08964117,34.8427046,-39.4230767
WASP-32 b,WASP-32,wasp-32,Transit,transit,2010,2010,false,2010s,2.71866,10.76064,835.8929,1388.0,275.994,3.9617073,1.2005122
WASP-66 b,WASP-66,wasp-66,Transit,transit,2012,2012,false,2010s,4.08605,15.6926,746.9005,1569.7,500.258,158.2250301,-34.9899074
Qatar-8 b,Qatar-8,qatar-8,Transit,transit,2019,2019,false,2010s,3.71495,14.403565,117.91493,1457.0,281.498,157.4123405,70.5270835
KELT-18 b,KELT-18,kelt-18,Transit,transit,2017,2017,false,2010s,2.8717518,17.59813,375.0394,2085.0,321.376,216.5238248,59.4442735
HAT-P-22 b,HAT-P-22,hat-p-22,Transit,transit,2010,2010,false,2010s,3.21222,12.89035,785.0401,1463.0,81.7647,155.6814593,50.1287115
K2-287 b,K2-287,k2-287,Transit,transit,2018,2018,false,2010s,14.893291,9.494023,100.11645,804.0,158.335,233.0743401,-22.3583447
K2-138 b,K2-138,k2-138,Transit,transit,2017,2017,false,2010s,2.35309,1.51,3.1,1157.0,202.585,348.9490311,-10.8497391
K2-178 b,K2-178,k2-178,Transit,transit,2018,2018,false,2010s,8.747818,3.55790985,12.4,840.29,214.753,52.8888524,22.4348186
Kepler-449 c,Kepler-449,kepler-449,Transit,transit,2015,2015,false,2010s,33.6727,2.764,8.07,661.0,241.949,293.732787,41.9006366
Kepler-318 c,Kepler-318,kepler-318,Transit,transit,2014,2014,false,2010s,11.815007,3.68,13.1,762.0,489.141,298.4828337,46.7936357
Kepler-431 d,Kepler-431,kepler-431,Transit,transit,2015,2015,false,2010s,11.922,1.11,1.41,856.0,486.546,281.1123072,43.2277663
Kepler-431 c,Kepler-431,kepler-431,Transit,transit,2015,2015,false,2010s,8.703,0.668,0.229,951.0,486.546,281.1123072,43.2277663
HATS-57 b,HATS-57,hats-57,Transit,transit,2019,2019,false,2010s,2.350621,12.767051,1000.21101,1413.4,279.485,60.9482779,-19.0568182
WASP-34 b,WASP-34,wasp-34,Transit,transit,2010,2010,false,2010s,4.31768,11.209,177.9848,1250.0,132.096,165.3993679,-23.8609457
Kepler-449 b,Kepler-449,kepler-449,Transit,transit,2015,2015,false,2010s,12.58242,2.056,4.88,917.0,241.949,293.732787,41.9006366
HD 1461 b,HD 1461,hd 1461,Radial Velocity,radial velocity,2010,2010,false,2010s,5.77152,2.42,6.44,,23.4534,4.6762645,-8.0536206
HD 1461 c,HD 1461,hd 1461,Radial Velocity,radial velocity,2015,2015,false,2010s,13.5052,2.23,5.59,,23.4534,4.6762645,-8.0536206
GJ 3341 b,GJ 3341,gj 3341,Radial Velocity,radial velocity,2015,2015,false,2010s,14.207,2.46,6.6,,23.619,78.9471415,-31.2948458
Kepler-430 c,Kepler-430,kepler-430,Transit,transit,2015,2015,false,2010s,110.979,1.75,3.71,458.0,917.477,292.8085984,49.5794242
Kepler-444 b,Kepler-444,kepler-444,Transit,transit,2015,2015,false,2010s,3.6001053,0.403,0.0374,938.0,36.4396,289.7528323,41.631884
Kepler-444 c,Kepler-444,kepler-444,Transit,transit,2015,2015,false,2010s,4.5458841,0.497,0.0793,868.0,36.4396,289.7528323,41.631884
K2-275 c,K2-275,k2-275,Transit,transit,2018,2018,false,2010s,8.4388385,2.21,5.52,653.0,123.438,132.1698795,20.4550162
MOA-2011-BLG-262L b,MOA-2011-BLG-262L,moa-2011-blg-262l,Microlensing,microlensing,2014,2014,false,2010s,,4.29,17.0,,7200.0,270.097833,-31.2452583
Kepler-25 d,Kepler-25,kepler-25,Radial Velocity,radial velocity,2014,2014,false,2010s,122.4,10.0,71.9,,243.249,286.6383905,39.4879038
K2-132 b,K2-132,k2-132,Transit,transit,2017,2017,false,2010s,9.1751,14.5717,155.7367,1586.0,609.818,182.1662666,-8.7472172
HD 40307 f,HD 40307,hd 40307,Radial Velocity,radial velocity,2013,2013,false,2010s,51.76,2.13,5.2,398.0,12.9363,88.5172191,-60.0237289
Kepler-444 e,Kepler-444,kepler-444,Transit,transit,2015,2015,false,2010s,7.743493,0.546,0.1,727.0,36.4396,289.7528323,41.631884
Kepler-444 d,Kepler-444,kepler-444,Transit,transit,2015,2015,false,2010s,6.189392,0.53,0.2,783.0,36.4396,289.7528323,41.631884
Kepler-444 f,Kepler-444,kepler-444,Transit,transit,2015,2015,false,2010s,9.740486,0.741,0.332,673.0,36.4396,289.7528323,41.631884
HIP 107773 b,HIP 107773,hip 107773,Radial Velocity,radial velocity,2015,2015,false,2010s,144.3,13.4,629.3034,,105.18,327.5005089,-64.7126993
K2-174 b,K2-174,k2-174,Transit,transit,2018,2018,false,2010s,19.562307,2.6,7.27,455.0,99.9293,60.7929729,16.347166
HIP 41378 b,HIP 41378,hip 41378,Transit,transit,2016,2016,false,2010s,15.57208,2.595,6.89,959.0,106.289,126.6158279,10.0803708
K2-133 d,K2-133,k2-133,Transit,transit,2017,2017,false,2010s,11.02454,2.003,4.67,734.0,75.1703,70.1493775,25.0098135
K2-165 b,K2-165,k2-165,Transit,transit,2018,2018,false,2010s,2.354992,1.27443657,2.17,,134.591,184.9004881,0.968327
K2-87 b,K2-87,k2-87,Transit,transit,2016,2016,false,2010s,9.726618,7.6,44.9,979.0,491.242,66.2363638,18.8273617
WASP-60 b,WASP-60,wasp-60,Transit,transit,2012,2012,false,2010s,4.305,9.86392,174.8065,1479.0,431.052,356.6667136,31.1559115
Kepler-37 d,Kepler-37,kepler-37,Transit,transit,2013,2013,false,2010s,39.7922622,2.03,2.0,499.0,63.9207,284.0592503,44.5183733
KELT-24 b,KELT-24,kelt-24,Transit,transit,2019,2019,false,2010s,5.55149296,12.71098411,1458.83238813,1391.0,96.5173,161.9090273,71.655727
HAT-P-32 b,HAT-P-32,hat-p-32,Transit,transit,2011,2011,false,2010s,2.1500082,22.19382,216.1244,1835.7,289.205,31.0427614,46.6878512
Kepler-1704 b,Kepler-1704,kepler-1704,Transit,transit,2013,2013,false,2010s,988.88112,11.94877343,1322.16617312,253.8,835.455,291.2012559,51.1442437
Kepler-104 b,Kepler-104,kepler-104,Transit,transit,2014,2014,false,2010s,11.427548,3.1,19.6,852.0,400.785,287.6046621,42.1665104
Kepler-945 b,Kepler-945,kepler-945,Transit,transit,2016,2016,false,2010s,31.0033814,2.63,7.41,616.0,1651.25,291.2697354,42.0960305
Kepler-20 e,Kepler-20,kepler-20,Transit,transit,2011,2011,false,2010s,6.0984882,0.821,0.76,1004.0,282.563,287.6979913,42.3385782
HATS-32 b,HATS-32,hats-32,Transit,transit,2016,2016,false,2010s,2.8126548,14.000041,292.4036,1437.0,745.116,346.0750861,-21.2720168
HAT-P-46 b,HAT-P-46,hat-p-46,Transit,transit,2014,2014,false,2010s,4.463129,14.392,156.684,1458.0,290.736,270.4441831,-2.97098
Kepler-1130 b,Kepler-1130,kepler-1130,Transit,transit,2016,2016,false,2010s,5.45298175,0.8,0.437,904.0,249.343,285.207421,45.384333
HD 21411 b,HD 21411,hd 21411,Radial Velocity,radial velocity,2019,2019,false,2010s,84.288,9.52,65.9,,29.1328,51.5474155,-30.6168403
Kepler-239 c,Kepler-239,kepler-239,Transit,transit,2014,2014,false,2010s,56.228098,2.51,6.85,366.0,648.109,294.2020505,40.6633313
WASP-192 b,WASP-192,wasp-192,Transit,transit,2019,2019,false,2010s,2.8786765,13.78707,731.009,1620.0,508.885,223.6587187,-38.7445469
DMPP-1 d,DMPP-1,dmpp-1,Radial Velocity,radial velocity,2019,2019,false,2010s,2.882,1.65,3.35,1632.0,62.5388,86.7761233,-10.6303217
Kepler-315 c,Kepler-315,kepler-315,Transit,transit,2014,2014,false,2010s,265.469335,4.15,16.1,291.0,1160.63,298.0230967,43.3634761
Qatar-10 b,Qatar-10,qatar-10,Transit,transit,2019,2019,false,2010s,1.645321,17.295487,233.92288,1955.0,559.068,284.4439052,69.5708373
Qatar-2 b,Qatar-2,qatar-2,Transit,transit,2011,2011,false,2010s,1.33711647,14.056,792.635,1344.0,181.374,207.6554928,-6.8040714
Kepler-417 c,Kepler-417,kepler-417,Transit Timing Variations,transit timing variations,2014,2014,false,2010s,15.943,2.69,7.7,616.0,973.989,293.8241813,42.779648
KMT-2017-BLG-1146L b,KMT-2017-BLG-1146L,kmt-2017-blg-1146l,Microlensing,microlensing,2019,2019,false,2010s,,14.0,230.0,,6500.0,269.105833,-33.1424694
Kepler-1213 b,Kepler-1213,kepler-1213,Transit,transit,2016,2016,false,2010s,5.34982412,1.19,1.81,1156.0,807.812,289.4858423,50.9441967
Kepler-1020 b,Kepler-1020,kepler-1020,Transit,transit,2016,2016,false,2010s,96.9151496,2.28,5.82,325.0,415.358,292.672471,46.3772776
Kepler-682 b,Kepler-682,kepler-682,Transit,transit,2016,2016,false,2010s,12.611906672,7.37,42.6,753.0,1979.25,289.1122204,51.7373589
K2-194 b,K2-194,k2-194,Transit,transit,2018,2018,false,2010s,39.721386,3.64229858,12.9,,629.51,204.6089755,-8.9271609
Kepler-579 b,Kepler-579,kepler-579,Transit,transit,2016,2016,false,2010s,9.66857723,2.0,4.66,730.0,530.765,295.0020771,39.9528613
Kepler-1074 b,Kepler-1074,kepler-1074,Transit,transit,2016,2016,false,2010s,5.94566534,1.25,2.1,568.0,250.817,284.4766869,46.2526781
WASP-133 b,WASP-133,wasp-133,Transit,transit,2016,2016,false,2010s,2.176423,13.56289,368.6828,1790.0,559.084,314.5754375,-35.7966224
HATS-55 b,HATS-55,hats-55,Transit,transit,2019,2019,false,2010s,4.2042001,14.022459,292.72143,1367.0,609.838,114.2833819,-32.7554188
WASP-183 b,WASP-183,wasp-183,Transit,transit,2019,2019,false,2010s,4.1117771,16.47723,159.55066,1111.0,325.377,163.7888521,-0.7370663
HD 45184 b,HD 45184,hd 45184,Radial Velocity,radial velocity,2019,2019,false,2010s,5.8854,3.52,12.19,,21.9532,96.1820205,-28.7806402
Kepler-700 b,Kepler-700,kepler-700,Transit,transit,2016,2016,false,2010s,80.8720639,5.99,30.0,452.0,1491.76,287.154224,41.5657775
WASP-170 b,WASP-170,wasp-170,Transit,transit,2018,2018,false,2010s,2.34478022,12.285064,508.528,1422.0,305.603,135.4163028,-20.7203686
OGLE-2013-BLG-0102L b,OGLE-2013-BLG-0102L,ogle-2013-blg-0102l,Microlensing,microlensing,2014,2014,false,2010s,,12.3,4100.0,,3040.0,268.0295,-31.6905833
Kepler-948 b,Kepler-948,kepler-948,Transit,transit,2016,2016,false,2010s,7.76846622,1.85,4.08,841.0,868.017,293.3002774,41.5233244
TOI-125 c,TOI-125,toi-125,Transit,transit,2019,2019,false,2010s,9.15059,2.759,6.63,827.8,111.059,23.5934253,-66.6763495
Kepler-1278 b,Kepler-1278,kepler-1278,Transit,transit,2016,2016,false,2010s,3.23941344,1.01,1.01,1213.0,889.426,282.9569197,42.8255589
HD 106270 b,HD 106270,hd 106270,Radial Velocity,radial velocity,2011,2011,false,2010s,1888.0,12.4,3623.2438398,,93.808,183.4049258,-9.5135645
HATS-10 b,HATS-10,hats-10,Transit,transit,2015,2015,false,2010s,3.312846,10.861521,167.17858,1407.0,534.889,294.3068385,-22.2044872
Kepler-472 b,Kepler-472,kepler-472,Transit,transit,2016,2016,false,2010s,4.176255514,3.22,10.5,876.0,306.602,296.5245187,39.2498503
Kepler-1129 b,Kepler-1129,kepler-1129,Transit,transit,2016,2016,false,2010s,24.3397804,2.96,9.06,737.0,1183.88,291.6044965,41.3093275
Kepler-1275 b,Kepler-1275,kepler-1275,Transit,transit,2016,2016,false,2010s,3.65691115,1.48,2.79,1368.0,1153.98,293.5004955,44.9324455
HATS-61 b,HATS-61,hats-61,Transit,transit,2018,2018,false,2010s,7.817953,13.394755,1080.622,1226.1,679.761,61.6578005,-25.3496674
WASP-132 b,WASP-132,wasp-132,Transit,transit,2016,2016,false,2010s,7.1335164,10.09929161,136.0305582,682.0,122.91,217.6091998,-46.159516
Kepler-60 c,Kepler-60,kepler-60,Transit,transit,2012,2012,false,2010s,8.9187,1.9,3.85,1023.0,1025.1,288.9612535,42.2650472
WASP-49 b,WASP-49,wasp-49,Transit,transit,2012,2012,false,2010s,2.78174,12.44199,117.5971,1400.0,194.553,91.0897193,-16.9653901
GJ 9827 d,GJ 9827,gj 9827,Transit,transit,2017,2017,false,2010s,6.20183,1.98,3.02,675.0,29.661,351.7717763,-1.2853435
K2-8 c,K2-8,k2-8,Transit,transit,2016,2016,false,2010s,5.06416,2.41,6.39,801.0,403.513,169.7935178,-0.2844389
Kepler-1339 b,Kepler-1339,kepler-1339,Transit,transit,2016,2016,false,2010s,1.341555127,0.71,0.285,1642.0,371.049,283.7457695,48.373469
Kepler-230 c,Kepler-230,kepler-230,Transit,transit,2014,2014,false,2010s,91.773242,2.04,4.82,359.0,740.754,285.7185682,48.5058038
Kepler-694 b,Kepler-694,kepler-694,Transit,transit,2016,2016,false,2010s,6.365841612,2.8,8.25,914.0,1023.06,291.1495269,40.4204569
K2-32 e,K2-32,k2-32,Transit,transit,2019,2019,false,2010s,4.34934,1.212,2.1,1066.0,157.682,252.426008,-19.5430504
Kepler-919 b,Kepler-919,kepler-919,Transit,transit,2016,2016,false,2010s,11.04603384,2.25,5.69,869.0,1119.87,298.1147862,48.4943834
HD 95872 b,HD 95872,hd 95872,Radial Velocity,radial velocity,2015,2015,false,2010s,4375.0,13.0,1188.6842,,72.2195,165.8658796,-22.0943303
Kepler-411 b,Kepler-411,kepler-411,Transit,transit,2013,2013,false,2010s,3.005156,2.401,25.6,1138.0,153.676,287.6057027,49.5233937
K2-31 b,K2-31,k2-31,Transit,transit,2016,2016,false,2010s,1.25785,11.88154,563.83042,1688.0,110.527,245.4405531,-23.548273
K2-39 b,K2-39,k2-39,Transit,transit,2016,2016,false,2010s,4.60543,6.27704,28.6047,1670.0,307.47,338.3682095,-9.0229405
Kepler-144 b,Kepler-144,kepler-144,Transit,transit,2014,2014,false,2010s,5.885273,1.33,2.33,1253.0,384.917,281.9156128,42.7755535
Kepler-1121 b,Kepler-1121,kepler-1121,Transit,transit,2016,2016,false,2010s,13.15141081,1.91,4.31,1008.0,482.047,297.7865467,47.8861542
HD 10442 b,HD 10442,hd 10442,Radial Velocity,radial velocity,2014,2014,false,2010s,1032.3,13.6,472.61321,,135.374,25.471524,2.7044193
Kepler-402 d,Kepler-402,kepler-402,Transit,transit,2014,2014,false,2010s,8.921099,1.38,2.48,1006.0,625.339,288.3701976,43.3546109
HAT-P-41 b,HAT-P-41,hat-p-41,Transit,transit,2012,2012,false,2010s,2.69405,22.97845,378.2177,1941.0,348.185,297.3226523,4.6724124
WASP-63 b,WASP-63,wasp-63,Transit,transit,2012,2012,false,2010s,4.37808,15.80469,117.5971,1469.91,290.684,94.3363562,-38.3233826
HATS-62 b,HATS-62,hats-62,Transit,transit,2018,2018,false,2010s,3.2768837,11.825495,56.89157,1237.0,523.067,312.4493079,-24.303506
Kepler-1118 b,Kepler-1118,kepler-1118,Transit,transit,2016,2016,false,2010s,38.6715075,2.74,7.95,502.0,888.325,299.9656619,44.1608805
Kepler-150 b,Kepler-150,kepler-150,Transit,transit,2014,2014,false,2010s,3.428054,1.25,2.1,1131.0,891.092,288.2341025,40.520897
Kepler-620 b,Kepler-620,kepler-620,Transit,transit,2016,2016,false,2010s,12.91375431,3.32,11.0,849.0,1355.28,291.1593939,51.3348228
KMT-2016-BLG-1836L b,KMT-2016-BLG-1836L,kmt-2016-blg-1836l,Microlensing,microlensing,2019,2019,false,2010s,,13.3,700.0,,7100.0,268.250333,-30.04075
Kepler-405 b,Kepler-405,kepler-405,Transit,transit,2014,2014,false,2010s,10.613839,2.08,4.98,785.0,1065.08,291.4094615,38.3400107
Kepler-1471 b,Kepler-1471,kepler-1471,Transit,transit,2016,2016,false,2010s,3.63899398,1.41,2.57,1238.0,978.678,289.6649171,50.0200612
Kepler-129 b,Kepler-129,kepler-129,Transit,transit,2014,2014,false,2010s,15.79,2.4,20.0,910.0,408.845,285.3111845,47.8484775
Kepler-1515 b,Kepler-1515,kepler-1515,Transit,transit,2016,2016,false,2010s,214.3114164,9.55,66.2,380.0,539.321,290.9739057,48.1782059
Kepler-1176 b,Kepler-1176,kepler-1176,Transit,transit,2016,2016,false,2010s,24.1738579,2.45,6.57,595.0,864.699,297.919724,45.2742038
OGLE-2013-BLG-1761L b,OGLE-2013-BLG-1761L,ogle-2013-blg-1761l,Microlensing,microlensing,2018,2018,false,2010s,,13.2,860.0,,6900.0,268.409485,-28.8952713
Kepler-1421 b,Kepler-1421,kepler-1421,Transit,transit,2016,2016,false,2010s,6.9131112,0.93,0.749,1209.0,783.401,286.5806115,48.5442312
Kepler-1442 b,Kepler-1442,kepler-1442,Transit,transit,2016,2016,false,2010s,81.4162941,3.93,14.7,522.0,608.68,291.2556226,48.8469171
Kepler-414 b,Kepler-414,kepler-414,Transit Timing Variations,transit timing variations,2014,2014,false,2010s,4.7,1.71,3.5,1024.0,413.46,297.9615616,48.2443363
Kepler-109 c,Kepler-109,kepler-109,Transit,transit,2014,2014,false,2010s,21.22265,2.65,8.2,859.0,474.861,290.3926795,40.2849074
K2-59 b,K2-59,k2-59,Transit,transit,2016,2016,false,2010s,20.6921,2.41,6.39,,311.313,338.94255,-14.027727
Kepler-348 c,Kepler-348,kepler-348,Transit,transit,2014,2014,false,2010s,17.265427,1.33,2.33,888.0,570.783,297.2550814,40.5483883
Kepler-1200 b,Kepler-1200,kepler-1200,Transit,transit,2016,2016,false,2010s,1.118549717,1.06,1.2,1174.0,588.715,296.6034317,44.1292537
HD 204941 b,HD 204941,hd 204941,Radial Velocity,radial velocity,2011,2011,false,2010s,1733.0,10.1,73.1009,,28.7165,323.0966714,-20.957957
Kepler-698 b,Kepler-698,kepler-698,Transit,transit,2016,2016,false,2010s,16.32976218,3.68,13.1,727.0,1995.57,288.5099994,41.3017465
WASP-121 b,WASP-121,wasp-121,Transit,transit,2016,2016,false,2010s,1.27492504,19.52604438,371.85923619,2409.0,269.898,107.6002312,-39.0972705
Qatar-4 b,Qatar-4,qatar-4,Transit,transit,2017,2017,false,2010s,1.8053564,12.722215,1938.763,1385.0,329.036,4.859275,44.0275965
K2-113 b,K2-113,k2-113,Transit,transit,2017,2017,false,2010s,5.817685,12.14,410.0007,1098.0,635.722,19.4493823,6.8688469
TOI-150.01,TOI-150,toi-150,Transit,transit,2019,2019,false,2010s,5.857487,14.067295,797.7533,1404.5,336.267,112.965421,-73.6060358
Kepler-1321 b,Kepler-1321,kepler-1321,Transit,transit,2016,2016,false,2010s,11.12830484,4.92,21.5,408.0,769.146,294.528597,46.6408737
HD 10180 h,HD 10180,hd 10180,Radial Velocity,radial velocity,2010,2010,false,2010s,2205.0,9.4,64.4,,38.9607,24.4731133,-60.5114881
HIP 57274 d,HIP 57274,hip 57274,Radial Velocity,radial velocity,2011,2011,false,2010s,431.7,14.2,167.4,,25.8618,176.1705487,30.9576484
HD 215152 e,HD 215152,hd 215152,Radial Velocity,radial velocity,2018,2018,false,2010s,25.1967,,975.41538108,,21.5974,340.8380941,-6.4020685
GJ 328 b,GJ 328,gj 328,Radial Velocity,radial velocity,2013,2013,false,2010s,3771.0,13.3,797.74930157,,20.5266,133.7819507,1.5420011
Kepler-1195 b,Kepler-1195,kepler-1195,Transit,transit,2016,2016,false,2010s,8.49642241,2.08,4.98,702.0,918.566,284.3510523,40.8529319
Kepler-739 b,Kepler-739,kepler-739,Transit,transit,2016,2016,false,2010s,12.53248465,3.32,11.0,775.0,1370.65,290.067994,46.5791535
K2-146 c,K2-146,k2-146,Transit,transit,2019,2019,false,2010s,4.00498,2.19,7.49,,79.3002,130.0266951,19.0923416
OGLE-2013-BLG-0341L B b,OGLE-2013-BLG-0341L B,ogle-2013-blg-0341l b,Microlensing,microlensing,2014,2014,false,2010s,,1.16,1.66,,911.0,268.031208,-29.8461111
Qatar-7 b,Qatar-7,qatar-7,Transit,transit,2019,2019,false,2010s,2.032046,19.0553,597.5204,2053.0,705.981,358.5151344,37.0218242
HATS-22 b,HATS-22,hats-22,Transit,transit,2017,2017,false,2010s,4.7228124,10.682177,870.8542,858.0,229.518,174.0098693,-29.5433642
HAT-P-38 b,HAT-P-38,hat-p-38,Transit,transit,2012,2012,false,2010s,4.640382,9.247,84.857,1082.0,255.206,35.3834942,32.2460441
HD 106315 b,HD 106315,hd 106315,Transit,transit,2017,2017,false,2010s,9.55237,2.44,12.6,1153.0,109.353,183.4724742,-0.3934357
Kepler-224 c,Kepler-224,kepler-224,Transit,transit,2014,2014,false,2010s,5.925003,3.12,9.91,758.0,782.088,290.9342679,47.3575414
HATS-40 b,HATS-40,hats-40,Transit,transit,2018,2018,false,2010s,3.2642736,17.71022,505.3497,2101.0,1342.29,100.5712467,-29.77678
Kepler-911 b,Kepler-911,kepler-911,Transit,transit,2016,2016,false,2010s,20.310501,2.6,7.27,931.0,556.168,298.5891948,40.7506921
HD 102329 c,HD 102329,hd 102329,Radial Velocity,radial velocity,2018,2018,false,2010s,1123.0,13.5,483.1016,,217.107,176.6941567,3.4742143
Kepler-795 b,Kepler-795,kepler-795,Transit,transit,2016,2016,false,2010s,29.6193421,1.68,3.46,580.0,492.122,291.0189951,38.5455728
TOI-270 c,TOI-270,toi-270,Transit,transit,2019,2019,false,2010s,5.66051,2.33,6.2,489.0,22.4793,68.4160804,-51.9573937
WASP-80 b,WASP-80,wasp-80,Transit,transit,2012,2012,false,2010s,3.06785234,11.197791,170.99254,825.0,49.7876,303.1667996,-2.1444369
Kepler-163 b,Kepler-163,kepler-163,Transit,transit,2014,2014,false,2010s,7.810937,1.05,1.16,906.0,689.814,295.0027458,46.9873389
Kepler-668 b,Kepler-668,kepler-668,Transit,transit,2016,2016,false,2010s,8.35390639,2.7,7.75,790.0,784.618,285.4992845,49.2772713
HD 219666 b,HD 219666,hd 219666,Transit,transit,2018,2018,false,2010s,6.034468,4.898,17.6,1076.0,94.1719,349.5592665,-56.9039857
Kepler-989 b,Kepler-989,kepler-989,Transit,transit,2016,2016,false,2010s,7.964315352,2.21,5.52,805.0,491.978,281.5827983,47.2334674
HATS-51 b,HATS-51,hats-51,Transit,transit,2017,2017,false,2010s,3.3488702,15.80469,244.09344,1553.0,389.57,102.8474248,-29.0586551
HR 858 d,HR 858,hr 858,Transit,transit,2019,2019,false,2010s,11.230511,2.001,7.1,1061.0,31.964,42.9849779,-30.8140609
Kepler-1446 b,Kepler-1446,kepler-1446,Transit,transit,2016,2016,false,2010s,0.689967832,0.82,0.477,1539.0,152.075,289.4240357,46.7260823
Kepler-956 b,Kepler-956,kepler-956,Transit,transit,2016,2016,false,2010s,5.248672631,3.0,9.27,1056.0,544.939,292.5308289,49.0616555
Kepler-102 c,Kepler-102,kepler-102,Transit,transit,2014,2014,false,2010s,7.071392,0.567,1.7,777.0,107.796,281.4824731,47.2078263
WASP-95 b,WASP-95,wasp-95,Transit,transit,2014,2014,false,2010s,2.18467,13.78707,457.6752,1570.0,137.544,337.4578243,-48.0030988
WASP-97 b,WASP-97,wasp-97,Transit,transit,2014,2014,false,2010s,2.07276,12.77826,432.2488,1555.0,151.068,24.6051389,-55.7720006
Kepler-98 b,Kepler-98,kepler-98,Transit,transit,2014,2014,false,2010s,1.54168,1.99,3.55,1592.0,350.315,285.6616933,37.9645672
Kepler-238 b,Kepler-238,kepler-238,Transit,transit,2014,2014,false,2010s,2.090876,1.73,3305.02,1642.0,1798.75,287.8971066,40.6378141
Kepler-67 b,Kepler-67,kepler-67,Transit,transit,2013,2013,false,2010s,15.7259,2.94,8.96,602.0,1131.19,294.1533505,46.1663976
WASP-46 b,WASP-46,wasp-46,Transit,transit,2011,2011,false,2010s,1.43036763,13.159366,607.0553,1636.0,375.31,318.7370122,-55.8718634
WASP-48 b,WASP-48,wasp-48,Transit,transit,2011,2011,false,2010s,2.14363,16.8135,254.264,2035.0,454.144,291.1623865,55.4730273
WASP-25 b,WASP-25,wasp-25,Transit,transit,2010,2010,false,2010s,3.7648337,13.80946422,179.25522155,1217.0,211.416,195.3597581,-27.5222273
WASP-44 b,WASP-44,wasp-44,Transit,transit,2011,2011,false,2010s,2.423804,12.3299,276.5121,1337.0,364.512,3.9032733,-11.9382645
Kepler-1542 d,Kepler-1542,kepler-1542,Transit,transit,2016,2016,false,2010s,5.99273738,0.87,0.59,1010.0,399.114,285.7284757,42.6544651
K2-115 b,K2-115,k2-115,Transit,transit,2017,2017,false,2010s,20.2729914,11.80305668,321.00669107,696.0,413.591,126.5535002,12.281851
Kepler-1269 b,Kepler-1269,kepler-1269,Transit,transit,2016,2016,false,2010s,37.3331536,1.63,3.29,657.0,1097.23,287.8055442,45.3405371
Kepler-681 b,Kepler-681,kepler-681,Transit,transit,2016,2016,false,2010s,26.39435646,3.08,9.69,489.0,686.923,289.3997364,51.2502428
WASP-190 b,WASP-190,wasp-190,Transit,transit,2019,2019,false,2010s,5.367753,12.89035,317.83,1500.0,542.251,7.7095292,-40.5734613
K2-196 b,K2-196,k2-196,Transit,transit,2018,2018,false,2010s,48.324222,3.59970536,12.6,,584.877,200.4562487,-8.4717104
HD 200964 c,HD 200964,hd 200964,Radial Velocity,radial velocity,2010,2010,false,2010s,852.5,13.7,385.84562,,72.5922,316.6664183,3.8033357
Kepler-1315 b,Kepler-1315,kepler-1315,Transit,transit,2016,2016,false,2010s,0.84338011,1.38,2.48,1541.0,480.869,295.8215678,46.0530562
K2-239 d,K2-239,k2-239,Transit,transit,2018,2018,false,2010s,10.115,1.1,1.37,399.0,31.0849,160.5941265,4.4413751
K2-192 b,K2-192,k2-192,Transit,transit,2018,2018,false,2010s,4.162817,1.52,2.92,939.0,221.753,206.5823122,-11.5563527
TRAPPIST-1 d,TRAPPIST-1,trappist-1,Transit,transit,2016,2016,false,2010s,4.049219,0.788,0.388,286.2,12.42988881,346.6263919,-5.0434618
HATS-26 b,HATS-26,hats-26,Transit,transit,2016,2016,false,2010s,3.3023881,19.61575,206.5895,1918.0,861.843,144.9268593,-28.5856004
K2-190 b,K2-190,k2-190,Transit,transit,2018,2018,false,2010s,10.098858,1.35673729,2.41,,160.679,205.3630485,-13.1608686
TOI-270 b,TOI-270,toi-270,Transit,transit,2019,2019,false,2010s,3.35992,1.28,1.48,600.0,22.4793,68.4160804,-51.9573937
LP 791-18 c,LP 791-18,lp 791-18,Transit,transit,2019,2019,false,2010s,4.9899093,2.438,7.1,324.4,26.4927,165.6904843,-16.4064445
K2-117 c,K2-117,k2-117,Transit,transit,2017,2017,false,2010s,5.444017,2.06,4.9,537.0,101.632,133.8557342,10.4692176
HD 18742 b,HD 18742,hd 18742,Radial Velocity,radial velocity,2011,2011,false,2010s,766.0,13.1,1080.622,,162.685,45.0443115,-20.8027024
Kepler-873 b,Kepler-873,kepler-873,Transit,transit,2016,2016,false,2010s,20.5533844,3.75,13.5,749.0,1182.22,296.4031319,51.2712773
K2-136 b,K2-136,k2-136,Transit,transit,2017,2017,false,2010s,7.9752,1.014,4.3,610.0,59.2474,67.4128615,22.8825674
HAT-P-51 b,HAT-P-51,hat-p-51,Transit,transit,2015,2015,false,2010s,4.21802091,13.50682174,97.57332095,1168.2,440.089,21.0651251,32.8107
Kepler-1297 b,Kepler-1297,kepler-1297,Transit,transit,2016,2016,false,2010s,1.68189002,0.97,0.871,1790.0,1439.47,289.9564415,47.0203466
Kepler-80 f,Kepler-80,kepler-80,Transit,transit,2016,2016,false,2010s,0.9867873,1.21,4459.73,1054.0,369.451,296.1125759,39.9787451
Kepler-113 c,Kepler-113,kepler-113,Transit,transit,2014,2014,false,2010s,8.92507,2.18,8.7,628.0,262.351,287.9978721,50.9441847
WASP-8 c,WASP-8,wasp-8,Radial Velocity,radial velocity,2013,2013,false,2010s,4323.0,12.5,3003.37,,89.9606,359.9008737,-35.0313349
HATS-17 b,HATS-17,hats-17,Transit,transit,2016,2016,false,2010s,16.254611,8.709393,425.25654,814.0,400.331,192.1895676,-47.6136789
Kepler-1016 b,Kepler-1016,kepler-1016,Transit,transit,2016,2016,false,2010s,1.954524342,2.18,5.39,1540.0,1402.82,294.613689,45.9846265
WASP-68 b,WASP-68,wasp-68,Transit,transit,2014,2014,false,2010s,5.0843,14.79588,343.2564,1490.0,226.399,305.0957239,-19.3147271
HAT-P-56 b,HAT-P-56,hat-p-56,Transit,transit,2015,2015,false,2010s,2.79083,16.92559,734.1873,1840.0,320.639,100.8480137,27.2521823
WASP-79 b,WASP-79,wasp-79,Transit,transit,2012,2012,false,2010s,3.662392,17.14974047,270.15414595,1716.2,246.69,66.3709016,-30.6004362
Kepler-1651 b,Kepler-1651,kepler-1651,Transit,transit,2017,2017,false,2010s,9.87863917,1.84,4.04,393.0,66.4074,283.6282602,48.3908081
Kepler-1354 b,Kepler-1354,kepler-1354,Transit,transit,2016,2016,false,2010s,76.613377,2.97,9.11,466.0,1119.45,291.2451266,37.7590079
HD 158996 b,HD 158996,hd 158996,Radial Velocity,radial velocity,2018,2018,false,2010s,820.2,12.3,4449.62,,283.659,259.9051092,80.1364033
Kepler-610 b,Kepler-610,kepler-610,Transit,transit,2016,2016,false,2010s,6.996926554,4.19,16.3,888.0,845.824,293.1713241,45.0655934
Kepler-1053 b,Kepler-1053,kepler-1053,Transit,transit,2016,2016,false,2010s,2.414351654,0.98,0.904,953.0,151.129,291.4186349,39.1273664
Kepler-340 c,Kepler-340,kepler-340,Transit,transit,2014,2014,false,2010s,22.824669,3.37,11.3,946.0,808.762,295.933471,40.3005515
Kepler-940 b,Kepler-940,kepler-940,Transit,transit,2016,2016,false,2010s,59.6225257,3.34,11.1,486.0,1260.78,294.2413053,47.2759642
Kepler-524 c,Kepler-524,kepler-524,Transit,transit,2016,2016,false,2010s,1.88897906,0.96,0.84,1574.0,1058.24,296.8591787,49.1620125
Kepler-647 b,Kepler-647,kepler-647,Transit,transit,2016,2016,false,2010s,16.2254649,1.17,1.71,788.0,1087.87,284.7882977,44.5916225
GJ 317 c,GJ 317,gj 317,Radial Velocity,radial velocity,2018,2018,false,2010s,6500.0,13.6,454.49462201,,15.1968,130.2445254,-23.452809
Kepler-130 b,Kepler-130,kepler-130,Transit,transit,2014,2014,false,2010s,8.457458,1.02,1.04,982.0,316.663,288.4505905,40.2452006
K2-154 b,K2-154,k2-154,Transit,transit,2018,2018,false,2010s,3.67626,1.99,4.62,715.0,129.356,189.0015173,-2.6696217
Kepler-537 b,Kepler-537,kepler-537,Transit,transit,2016,2016,false,2010s,3.247555219,1.41,2.57,1181.0,439.4,289.8805804,51.2769907
Kepler-1546 b,Kepler-1546,kepler-1546,Transit,transit,2016,2016,false,2010s,19.5974971,3.13,9.96,671.0,931.956,297.5839183,41.5411993
HD 106515 A b,HD 106515 A,hd 106515 a,Radial Velocity,radial velocity,2012,2012,false,2010s,3626.0,12.1,6006.9568923,,34.0915,183.7762699,-7.2575413
Kepler-1030 b,Kepler-1030,kepler-1030,Transit,transit,2016,2016,false,2010s,19.32952416,2.48,6.71,529.0,758.702,293.6819098,45.8175241
HATS-13 b,HATS-13,hats-13,Transit,transit,2015,2015,false,2010s,3.0440499,13.585308,172.58169,1244.0,421.855,316.9614798,-26.0967205
WASP-47 e,WASP-47,wasp-47,Transit,transit,2015,2015,false,2010s,0.78961,1.83,9.0,1992.0,264.78,331.203092,-12.019067
K2-28 b,K2-28,k2-28,Transit,transit,2016,2016,false,2010s,2.260455,2.32,5.99,568.0,62.9969,335.6233145,-7.9563525
L 98-59 c,L 98-59,l 98-59,Transit,transit,2019,2019,false,2010s,3.6906764,1.329,2.0,526.0,10.6194,124.5328604,-68.3144658
HATS-67 b,HATS-67,hats-67,Transit,transit,2018,2018,false,2010s,1.6091788,18.887165,460.8535,2193.0,960.109,180.2087883,-46.1364201
WASP-178 b,WASP-178,wasp-178,Transit,transit,2019,2019,false,2010s,3.3448285,20.28829,527.5978,2470.0,427.678,227.270329,-42.7049658
Kepler-397 c,Kepler-397,kepler-397,Transit,transit,2014,2014,false,2010s,135.498527,6.18,31.6,295.0,969.0,295.8940373,42.3805156
Kepler-781 b,Kepler-781,kepler-781,Transit,transit,2016,2016,false,2010s,13.2140732,2.89,8.7,629.0,1064.47,287.6535874,47.4147762
Kepler-1021 b,Kepler-1021,kepler-1021,Transit,transit,2016,2016,false,2010s,13.47469571,2.33,6.04,634.0,810.082,295.2048999,42.5596699
K2-232 b,K2-232,k2-232,Transit,transit,2018,2018,false,2010s,11.168454,11.209,126.49634,1030.0,130.72,73.7667927,18.654323
TRAPPIST-1 c,TRAPPIST-1,trappist-1,Transit,transit,2016,2016,false,2010s,2.421937,1.097,1.308,339.7,12.42988881,346.6263919,-5.0434618
Kepler-216 c,Kepler-216,kepler-216,Transit,transit,2014,2014,false,2010s,17.406669,3.04,9.48,814.0,1187.47,293.7280695,46.1291139
Kepler-1431 b,Kepler-1431,kepler-1431,Transit,transit,2016,2016,false,2010s,5.86601526,1.47,2.76,1064.0,1623.24,292.6583919,49.8651522
WASP-42 b,WASP-42,wasp-42,Transit,transit,2012,2012,false,2010s,4.9816819,12.576498,167.49641,1021.0,177.291,192.981203,-42.0736165
Kepler-347 b,Kepler-347,kepler-347,Transit,transit,2014,2014,false,2010s,12.79836,1.97,4.54,908.0,1298.88,289.1995995,49.3056404
HATS-31 b,HATS-31,hats-31,Transit,transit,2016,2016,false,2010s,3.37796,18.38276,279.6904,1823.0,773.974,191.7028214,-24.4273897
WASP-123 b,WASP-123,wasp-123,Transit,transit,2016,2016,false,2010s,2.97764359,15.13212395,285.72917,1500.0,197.996,289.4792124,-32.8601244
EPIC 246851721 b,EPIC 246851721,epic 246851721,Transit,transit,2018,2018,false,2010s,6.180235,11.780659,953.49,1401.0,372.632,78.9198197,16.2786991
WASP-166 b,WASP-166,wasp-166,Transit,transit,2019,2019,false,2010s,5.44354,7.06167,32.10083,1270.0,114.173,144.8751047,-20.9824191
HD 23472 b,HD 23472,hd 23472,Transit,transit,2019,2019,false,2010s,17.667087,2.0,8.32,543.0,39.0341,55.4590314,-62.7672667
Kepler-396 b,Kepler-396,kepler-396,Transit,transit,2013,2013,false,2010s,42.994,3.5,75.5,496.0,223.757,296.1328135,48.9773095
K2-34 b,K2-34,k2-34,Transit,transit,2016,2016,false,2010s,2.9956348,13.75,539.67534,1687.0,348.646,127.5787231,22.2359194
K2-43 c,K2-43,k2-43,Transit,transit,2019,2019,false,2010s,2.198884,2.42,6.44,1093.7,182.536,169.117028,-3.9754405
HD 34445 f,HD 34445,hd 34445,Radial Velocity,radial velocity,2017,2017,false,2010s,676.8,6.88,37.9,,46.0907,79.4207483,7.3527156
WASP-184 b,WASP-184,wasp-184,Transit,transit,2019,2019,false,2010s,5.1817,14.90797,181.1631,1480.0,663.231,209.51701,-30.348153
Kepler-399 c,Kepler-399,kepler-399,Transit,transit,2014,2014,false,2010s,26.67569,1.43,2.63,630.0,740.537,299.5017242,40.6707669
WASP-171 b,WASP-171,wasp-171,Transit,transit,2019,2019,false,2010s,3.8186244,10.98482,344.52772,1642.0,757.84,171.8450533,-44.0887035
HATS-42 b,HATS-42,hats-42,Transit,transit,2018,2018,false,2010s,2.292102,15.6926,597.5204,1856.0,800.377,108.4523991,-33.4373462
WASP-151 b,WASP-151,wasp-151,Transit,transit,2017,2017,false,2010s,4.5334775,13.30506009,100.43377661,1312.0,453.099,349.0634651,0.3066895
WASP-130 b,WASP-130,wasp-130,Transit,transit,2016,2016,false,2010s,11.55098,9.97601,390.9309,833.0,172.256,203.1060194,-42.4752733
Kepler-1099 b,Kepler-1099,kepler-1099,Transit,transit,2016,2016,false,2010s,2.168452593,2.83,8.4,1558.0,1022.8,288.7499866,48.2771163
Kepler-289 b,Kepler-289,kepler-289,Transit,transit,2014,2014,false,2010s,34.5383,2.49,3.7,607.0,704.438,297.4653351,42.8828517
KOI-94 c,KOI-94,koi-94,Transit,transit,2013,2013,false,2010s,10.423648,4.32,15.6,1012.0,477.052,297.3330716,41.8911186
XO-2 S b,XO-2 S,xo-2 s,Radial Velocity,radial velocity,2014,2014,false,2010s,18.157,10.9,82.6358,,151.398,117.0309753,50.2169068
Kepler-475 b,Kepler-475,kepler-475,Transit,transit,2016,2016,false,2010s,3.105508189,2.49,6.76,980.0,280.069,287.051694,40.2114232
Kepler-385 b,Kepler-385,kepler-385,Transit,transit,2014,2014,false,2010s,10.043686,2.73,12.8,951.0,1432.61,294.3385109,50.3365178
EPIC 201238110 b,EPIC 201238110,epic 201238110,Transit,transit,2019,2019,false,2010s,28.1656,1.87,4.16,,159.259,179.7058532,-3.3894613
Kepler-691 b,Kepler-691,kepler-691,Transit,transit,2016,2016,false,2010s,8.114379,2.09,5.02,460.0,279.115,288.8117314,40.0332311
Kepler-20 g,Kepler-20,kepler-20,Radial Velocity,radial velocity,2016,2016,false,2010s,34.94,4.71,19.96,524.0,282.563,287.6979913,42.3385782
Kepler-332 b,Kepler-332,kepler-332,Transit,transit,2014,2014,false,2010s,7.626324,1.17,1.71,703.0,344.19,286.6627811,47.4136938
Kepler-1041 b,Kepler-1041,kepler-1041,Transit,transit,2016,2016,false,2010s,24.7576421,2.94,8.96,644.0,1485.82,293.8817361,49.6831419
Kepler-1578 b,Kepler-1578,kepler-1578,Transit,transit,2016,2016,false,2010s,1.450886907,1.04,1.12,1700.0,1064.05,288.3021104,47.7756227
Kepler-819 b,Kepler-819,kepler-819,Transit,transit,2016,2016,false,2010s,33.1995648,2.76,8.05,485.0,664.306,295.3708312,39.1772925
Kepler-887 c,Kepler-887,kepler-887,Transit,transit,2016,2016,false,2010s,7.63846023,1.13,1.51,1089.0,886.588,290.0907893,39.8169085
Kepler-306 d,Kepler-306,kepler-306,Transit,transit,2014,2014,false,2010s,17.326644,2.47,6.66,535.0,775.679,288.5387145,40.6160545
Kepler-177 c,Kepler-177,kepler-177,Transit,transit,2013,2013,false,2010s,49.40926,8.73,14.7,497.0,1435.44,286.0471442,45.0532038
Kepler-635 b,Kepler-635,kepler-635,Transit,transit,2016,2016,false,2010s,23.44971004,2.64,7.46,802.0,1141.08,289.7732613,40.8007019
Kepler-1083 b,Kepler-1083,kepler-1083,Transit,transit,2016,2016,false,2010s,33.4177993,3.36,11.2,448.0,902.633,283.1618831,45.198336
Kepler-79 d,Kepler-79,kepler-79,Transit,transit,2014,2014,false,2010s,52.0902,7.16,6.0,592.0,1020.72,300.5171067,44.3815508
Kepler-195 c,Kepler-195,kepler-195,Transit,transit,2014,2014,false,2010s,34.096863,1.55,3.02,469.0,652.051,288.1209339,47.9666141
HATS-25 b,HATS-25,hats-25,Transit,transit,2016,2016,false,2010s,4.2986432,14.12334,194.82979,1277.0,471.158,207.9076746,-23.7812403
Proxima Cen b,Proxima Cen,proxima cen,Radial Velocity,radial velocity,2016,2016,false,2010s,11.18465,1.02,1.055,218.0,1.30119,217.3934657,-62.6761821
Kepler-212 b,Kepler-212,kepler-212,Transit,transit,2014,2014,false,2010s,16.257582,1.09,1.32,830.0,687.194,287.6208165,43.1416239
Kepler-195 b,Kepler-195,kepler-195,Transit,transit,2014,2014,false,2010s,8.307872,2.03,4.78,751.0,652.051,288.1209339,47.9666141
K2-83 c,K2-83,k2-83,Transit,transit,2016,2016,false,2010s,9.99767,1.483,2.8,,125.529,59.9013782,15.5587994
Kepler-24 d,Kepler-24,kepler-24,Transit,transit,2014,2014,false,2010s,4.244384,1.67,293.959,1305.0,1156.81,290.4132621,38.3437283
Kepler-15 b,Kepler-15,kepler-15,Transit,transit,2011,2011,false,2010s,4.942782,10.76,209.76,1251.0,739.412,296.2005506,49.1400304
Kepler-83 d,Kepler-83,kepler-83,Transit,transit,2014,2014,false,2010s,5.169796,1.94,4.1,569.0,400.409,282.2325197,43.6655662
Kepler-143 c,Kepler-143,kepler-143,Transit,transit,2014,2014,false,2010s,27.082511,3.37,11.3,703.0,809.467,298.0676519,49.412541
Kepler-1116 b,Kepler-1116,kepler-1116,Transit,transit,2016,2016,false,2010s,41.6977827,2.54,6.99,488.0,1008.57,291.9336573,44.1154992
HD 141399 d,HD 141399,hd 141399,Radial Velocity,radial velocity,2014,2014,false,2010s,1069.8,13.7,375.0394,,37.0169,236.7235392,46.986288
Kepler-159 c,Kepler-159,kepler-159,Transit,transit,2014,2014,false,2010s,43.595792,3.41,11.5,275.0,373.744,297.0702037,40.868734
HIP 67851 b,HIP 67851,hip 67851,Radial Velocity,radial velocity,2015,2015,false,2010s,89.23,13.7,365.50266805,,64.1181,208.465364,-35.3146536
Kepler-54 d,Kepler-54,kepler-54,Transit,transit,2014,2014,false,2010s,20.995694,1.53,12.0946,328.0,271.701,294.7739245,43.0561976
YZ Cet d,YZ Cet,yz cet,Radial Velocity,radial velocity,2017,2017,false,2010s,4.65626,1.03,1.09,356.7,3.71207,18.1330792,-16.9962434
Kepler-1608 b,Kepler-1608,kepler-1608,Transit,transit,2016,2016,false,2010s,16.4735686,1.73,3.64,612.0,832.0,295.563555,39.41757
Kepler-152 b,Kepler-152,kepler-152,Transit,transit,2014,2014,false,2010s,18.207973,2.79,8.2,551.0,441.09,286.8653826,41.9889571
Kepler-1641 c,Kepler-1641,kepler-1641,Transit,transit,2016,2016,false,2010s,32.657212,2.95,9.01,767.0,860.37,296.359456,41.5745321
K2-45 b,K2-45,k2-45,Transit,transit,2016,2016,false,2010s,1.7292684,6.71,36.4,1073.56,495.317,169.6327547,-1.7740582
WASP-114 b,WASP-114,wasp-114,Transit,transit,2016,2016,false,2010s,1.5487743,15.008851,562.24127,2043.0,523.337,327.6656953,10.4629385
Kepler-968 c,Kepler-968,kepler-968,Transit,transit,2016,2016,false,2010s,5.709404918,1.69,3.5,644.0,290.324,285.6025889,50.1120401
WASP-105 b,WASP-105,wasp-105,Transit,transit,2017,2017,false,2010s,7.87288,10.76064,572.094,900.0,169.272,24.1678686,-50.659308
WASP-91 b,WASP-91,wasp-91,Transit,transit,2017,2017,false,2010s,2.798581,11.54527,425.8922,1160.0,149.942,357.846434,-70.1528621
Kepler-1463 b,Kepler-1463,kepler-1463,Transit,transit,2016,2016,false,2010s,25.15864,1.86,4.12,619.0,1687.47,294.4872785,42.0069064
Kepler-712 c,Kepler-712,kepler-712,Transit,transit,2016,2016,false,2010s,226.89047,4.85,21.0,236.0,872.493,294.9096739,42.9351987
Kepler-146 c,Kepler-146,kepler-146,Transit,transit,2014,2014,false,2010s,76.732171,3.13,9.96,473.0,716.797,294.1107631,38.7102222
Kepler-711 b,Kepler-711,kepler-711,Transit,transit,2016,2016,false,2010s,23.58914398,3.41,11.5,487.0,624.575,297.4600468,42.8398172
Kepler-1080 b,Kepler-1080,kepler-1080,Transit,transit,2016,2016,false,2010s,77.2548396,3.28,10.8,548.0,1382.82,296.4644914,49.1828952
WASP-113 b,WASP-113,wasp-113,Transit,transit,2016,2016,false,2010s,4.54216874538,15.793481,150.96925,1496.0,435.156,224.8728589,46.9600996
Kepler-248 c,Kepler-248,kepler-248,Transit,transit,2014,2014,false,2010s,16.239494,4.07,15.6,598.0,738.792,293.0613138,43.5813577
HD 133131 A c,HD 133131 A,hd 133131 a,Radial Velocity,radial velocity,2016,2016,false,2010s,3568.0,14.3,133.4886,,51.4736,225.8984524,-27.8431369
Kepler-1319 b,Kepler-1319,kepler-1319,Transit,transit,2016,2016,false,2010s,2.886762645,1.34,2.36,557.0,103.917,290.9564463,49.3667933
Kepler-678 b,Kepler-678,kepler-678,Transit,transit,2016,2016,false,2010s,7.27503724,5.14,23.1,833.0,1826.15,295.4552577,50.4945093
Kepler-1535 b,Kepler-1535,kepler-1535,Transit,transit,2016,2016,false,2010s,138.9442,2.55,7.04,384.0,897.733,286.613685,38.8919507
Kepler-39 b,Kepler-39,kepler-39,Transit,transit,2011,2011,false,2010s,21.08721,13.9,6388.1,897.0,1057.41,296.9603348,46.0342954
Kepler-1532 b,Kepler-1532,kepler-1532,Transit,transit,2016,2016,false,2010s,1.093663559,1.35,2.39,1681.0,798.246,296.902784,41.1981424
Kepler-808 b,Kepler-808,kepler-808,Transit,transit,2016,2016,false,2010s,0.631332353,1.46,2.73,1322.0,321.0,291.5941514,48.4454907
KELT-10 b,KELT-10,kelt-10,Transit,transit,2016,2016,false,2010s,4.1662739,15.681391,215.80657,1377.0,188.404,284.5483823,-47.0033072
WASP-119 b,WASP-119,wasp-119,Transit,transit,2016,2016,false,2010s,2.49979,15.6926,390.9309,1600.0,302.448,55.9336392,-65.19378
WASP-69 b,WASP-69,wasp-69,Transit,transit,2014,2014,false,2010s,3.86813881,11.21,82.58,971.0,49.9605,315.0259661,-5.094857
WASP-94 A b,WASP-94 A,wasp-94 a,Transit,transit,2014,2014,false,2010s,3.95019,17.71022,158.915,1604.0,211.211,313.7832393,-34.1357512
Kepler-335 c,Kepler-335,kepler-335,Transit,transit,2014,2014,false,2010s,67.844469,3.07,9.64,592.0,1278.97,296.0642944,45.4285986
Kepler-94 c,Kepler-94,kepler-94,Radial Velocity,radial velocity,2014,2014,false,2010s,820.3,12.5,3126.0,,191.904,281.1947316,47.4972606
GJ 1132 b,GJ 1132,gj 1132,Transit,transit,2015,2015,false,2010s,1.62892911,1.19151465,1.83704819,583.8,12.613,153.7090696,-47.1549358
Kepler-966 b,Kepler-966,kepler-966,Transit,transit,2016,2016,false,2010s,99.747622,4.13,16.0,391.0,1027.8,297.270576,50.1218365
HATS-28 b,HATS-28,hats-28,Transit,transit,2016,2016,false,2010s,3.1810781,13.383546,213.58176,1253.0,535.383,284.3997616,-49.1385126
HATS-29 b,HATS-29,hats-29,Transit,transit,2016,2016,false,2010s,4.6058749,14.022459,207.54299,1212.0,353.891,285.0965172,-54.8933408
Kepler-1517 b,Kepler-1517,kepler-1517,Transit,transit,2016,2016,false,2010s,5.546083665,9.76,68.7,2336.0,847.299,287.8072115,43.1888008
WASP-54 b,WASP-54,wasp-54,Transit,transit,2012,2012,false,2010s,3.69364,17.71022,187.5197,1759.0,251.303,205.4542456,-0.1281712
Kepler-260 c,Kepler-260,kepler-260,Transit,transit,2014,2014,false,2010s,76.050178,1.74,3.68,372.0,627.365,291.9259658,38.0140525
Kepler-140 c,Kepler-140,kepler-140,Transit,transit,2014,2014,false,2010s,91.353282,1.8,3.89,428.0,583.859,287.3694056,46.7681473
HATS-15 b,HATS-15,hats-15,Transit,transit,2016,2016,false,2010s,1.74748753,12.385945,689.6911,1505.0,1139.55,311.0920041,-19.4375266
MASCARA-1 b,MASCARA-1,mascara-1,Transit,transit,2017,2017,false,2010s,2.14877381,17.90074218,1175.971,2594.3,182.273,317.5515264,10.7388967
Kepler-14 b,Kepler-14,kepler-14,Transit,transit,2011,2011,false,2010s,6.790123,12.733,2669.66,1605.0,798.0,287.708814,47.33305
K2-24 c,K2-24,k2-24,Transit,transit,2016,2016,false,2010s,42.3391,7.5,15.4,542.0,170.562,242.5734559,-24.9906029
WASP-129 b,WASP-129,wasp-129,Transit,transit,2016,2016,false,2010s,5.748145,10.42437,317.83,1100.0,301.462,176.2990518,-42.0639575
WASP-124 b,WASP-124,wasp-124,Transit,transit,2016,2016,false,2010s,3.37265,13.89916,190.698,1400.0,448.637,332.7143373,-30.7497189
HATS-23 b,HATS-23,hats-23,Transit,transit,2017,2017,false,2010s,2.1605156,20.84874,467.2101,1654.0,639.004,286.36675,-50.0673496
Kepler-941 b,Kepler-941,kepler-941,Transit,transit,2016,2016,false,2010s,17.42395198,3.08,9.69,722.0,1088.36,294.3262617,47.2175461
Kepler-85 c,Kepler-85,kepler-85,Transit,transit,2012,2012,false,2010s,12.51,1.978,2.15,706.0,765.025,290.9734395,45.2902761
Kepler-734 b,Kepler-734,kepler-734,Transit,transit,2016,2016,false,2010s,6.104852856,3.56,12.4,784.0,1157.21,297.0456122,46.0273893
KELT-9 b,KELT-9,kelt-9,Transit,transit,2017,2017,false,2010s,1.4811235,21.196219,915.3504,4050.0,204.455,307.8598998,39.9389161
NGTS-1 b,NGTS-1,ngts-1,Transit,transit,2017,2017,false,2010s,2.647298,14.90797,258.07796,790.0,218.121,82.7142134,-36.6309812
Kepler-599 b,Kepler-599,kepler-599,Transit,transit,2016,2016,false,2010s,15.65562652,2.84,8.45,623.0,558.517,285.9115968,41.0695091
HATS-52 b,HATS-52,hats-52,Transit,transit,2017,2017,false,2010s,1.36665436,15.490838,711.9392,1834.0,555.134,140.0875894,-31.2692116
HATS-53 b,HATS-53,hats-53,Transit,transit,2017,2017,false,2010s,3.8537768,15.02006,189.10885,1312.0,585.77,176.628323,-33.8600764
WASP-139 b,WASP-139,wasp-139,Transit,transit,2016,2016,false,2010s,5.924262,8.9672,37.18611,910.0,212.472,49.562173,-41.3020235
WASP-142 b,WASP-142,wasp-142,Transit,transit,2016,2016,false,2010s,2.052868,17.14977,266.9772,2000.0,730.933,140.5063164,-23.946102
Kepler-1203 b,Kepler-1203,kepler-1203,Transit,transit,2016,2016,false,2010s,0.588000765,1.06,1.2,1188.0,317.022,292.7734523,44.178088
HD 4732 c,HD 4732,hd 4732,Radial Velocity,radial velocity,2012,2012,false,2010s,3184.2,13.1,1069.49258955,,54.7841,12.3085089,-24.1369079
Kepler-549 b,Kepler-549,kepler-549,Transit,transit,2016,2016,false,2010s,42.9495649,2.57,11.0,487.0,635.145,283.0228527,47.2611431
Kepler-19 c,Kepler-19,kepler-19,Transit Timing Variations,transit timing variations,2011,2011,false,2010s,28.731,3.68,13.1,,218.562,290.4209694,37.8516556
Kepler-531 b,Kepler-531,kepler-531,Transit,transit,2016,2016,false,2010s,29.88485741,2.78,8.15,453.0,252.762,286.5246582,48.6835481
Kepler-1182 b,Kepler-1182,kepler-1182,Transit,transit,2016,2016,false,2010s,11.17394617,2.41,6.39,796.0,1545.39,296.3079895,43.8213706
KELT-19 A b,KELT-19 A,kelt-19 a,Transit,transit,2017,2017,false,2010s,4.6117093,21.40919,1293.5681,1935.0,300.276,111.5095293,7.6157759
KELT-21 b,KELT-21,kelt-21,Transit,transit,2018,2018,false,2010s,3.6127647,17.777474,1242.7153,2051.0,470.878,304.8000322,32.5810446
Kepler-513 b,Kepler-513,kepler-513,Transit,transit,2016,2016,false,2010s,28.86235584,2.2,5.48,623.0,468.258,285.0416235,50.0753913
Kepler-1329 b,Kepler-1329,kepler-1329,Transit,transit,2016,2016,false,2010s,9.33646594,2.17,5.35,577.0,588.037,281.6476437,48.2709523
K2-61 b,K2-61,k2-61,Transit,transit,2016,2016,false,2010s,2.57336,1.92,4.35,1325.0,405.732,339.6748444,-13.5600447
Kepler-825 c,Kepler-825,kepler-825,Transit,transit,2016,2016,false,2010s,8.1818246,1.84,4.04,981.0,807.85,294.769825,39.3984081
Kepler-382 b,Kepler-382,kepler-382,Transit,transit,2014,2014,false,2010s,5.262155,1.32,2.3,1166.0,935.446,299.1362435,45.8699582
K2-165 c,K2-165,k2-165,Transit,transit,2018,2018,false,2010s,4.382745,1.55409035,3.03,,134.591,184.9004881,0.968327
WASP-138 b,WASP-138,wasp-138,Transit,transit,2016,2016,false,2010s,3.634433,12.21781,387.7526,1590.0,414.234,41.6391598,-0.4641252
XO-6 b,XO-6,xo-6,Transit,transit,2016,2016,false,2010s,3.7650007,23.20263,1398.452,1577.0,235.479,94.7929552,73.8275672
Qatar-3 b,Qatar-3,qatar-3,Transit,transit,2017,2017,false,2010s,2.5079204,12.285064,1369.8473,1681.0,735.601,359.1519716,36.2129562
Kepler-19 d,Kepler-19,kepler-19,Radial Velocity,radial velocity,2017,2017,false,2010s,62.95,5.06,22.5,,218.562,290.4209694,37.8516556
Kepler-1191 b,Kepler-1191,kepler-1191,Transit,transit,2016,2016,false,2010s,5.60014851,1.51,2.89,952.0,955.536,291.6577923,48.0092619
WASP-53 b,WASP-53,wasp-53,Transit,transit,2017,2017,false,2010s,3.3098443,12.038466,677.61356,1053.0,201.338,31.9091639,-20.661843
WASP-53 c,WASP-53,wasp-53,Radial Velocity,radial velocity,2017,2017,false,2010s,2840.0,,5196.5205,,201.338,31.9091639,-20.661843
K2-198 b,K2-198,k2-198,Transit,transit,2018,2018,false,2010s,17.0428683,4.189,16.3,715.8,110.567,198.8436817,-6.4649888
Kepler-1456 b,Kepler-1456,kepler-1456,Transit,transit,2016,2016,false,2010s,18.1373829,1.14,1.55,433.0,370.312,286.9453381,43.8228023
Kepler-529 b,Kepler-529,kepler-529,Transit,transit,2016,2016,false,2010s,1.980357663,1.86,4.12,1662.0,799.008,285.8884067,47.880364
Kepler-835 b,Kepler-835,kepler-835,Transit,transit,2016,2016,false,2010s,11.41909375,2.79,8.2,921.0,2406.33,283.5742181,45.7348003
Kepler-690 b,Kepler-690,kepler-690,Transit,transit,2016,2016,false,2010s,7.748094374,5.95,29.6,964.0,1665.31,294.4899225,39.7714758
Kepler-136 b,Kepler-136,kepler-136,Transit,transit,2014,2014,false,2010s,11.5789,2.05,19.8,951.0,420.818,296.4673039,42.5987984
Kepler-775 b,Kepler-775,kepler-775,Transit,transit,2016,2016,false,2010s,0.974868926,1.19,1.81,1612.0,398.676,291.4332781,41.7033162
HATS-34 b,HATS-34,hats-34,Transit,transit,2016,2016,false,2010s,2.1061607,16.02887,299.07803,1445.0,508.842,0.7744866,-62.4693167
HATS-35 b,HATS-35,hats-35,Transit,transit,2016,2016,false,2010s,1.8209993,16.409976,388.38826,2037.0,514.555,296.688442,-63.5656488
WASP-81 b,WASP-81,wasp-81,Transit,transit,2017,2017,false,2010s,2.7164762,16.017661,231.69807,1623.0,398.505,304.2079924,3.2939492
Kepler-357 b,Kepler-357,kepler-357,Transit,transit,2014,2014,false,2010s,6.475434,1.84,4.04,793.0,688.573,291.2429746,44.0086337
Kepler-23 d,Kepler-23,kepler-23,Transit,transit,2014,2014,false,2010s,15.27,2.206,4.44,896.0,835.756,294.2189131,49.4792536
Kepler-1510 b,Kepler-1510,kepler-1510,Transit,transit,2016,2016,false,2010s,84.703921,3.36,11.2,537.0,1696.25,298.9591432,48.2578295
Kepler-1324 b,Kepler-1324,kepler-1324,Transit,transit,2016,2016,false,2010s,4.115844679,1.51,2.89,895.0,481.667,291.1849503,40.3112023
HIP 67851 c,HIP 67851,hip 67851,Radial Velocity,radial velocity,2015,2015,false,2010s,3128.41,12.7,2204.77565936,,64.1181,208.465364,-35.3146536
Kepler-110 b,Kepler-110,kepler-110,Transit,transit,2014,2014,false,2010s,12.691112,1.83,4.01,1008.0,586.531,292.9291693,48.6028303
HD 163607 b,HD 163607,hd 163607,Radial Velocity,radial velocity,2010,2010,false,2010s,75.2203,13.9,249.051588,,67.7855,268.4181383,56.3924701
HD 44219 b,HD 44219,hd 44219,Radial Velocity,radial velocity,2010,2010,false,2010s,472.0,14.1,184.34047606,,52.9051,95.0599971,-10.7250799
KELT-1 b,KELT-1,kelt-1,Transit,transit,2012,2012,false,2010s,1.217514,12.442,8654.15,2361.0,268.43,0.3620995,39.3837953
HATS-50 b,HATS-50,hats-50,Transit,transit,2017,2017,false,2010s,3.8297015,12.66617,123.9537,1275.39,756.742,300.4280761,-26.077564
WASP-153 b,WASP-153,wasp-153,Transit,transit,2017,2017,false,2010s,3.332609,17.37395,123.9537,1700.0,610.176,279.2624729,40.0186905
Kepler-1365 b,Kepler-1365,kepler-1365,Transit,transit,2016,2016,false,2010s,7.69993485,0.92,0.721,969.0,840.128,292.1996573,42.0459944
Kepler-341 d,Kepler-341,kepler-341,Transit,transit,2014,2014,false,2010s,27.666313,1.85,4.08,622.0,1047.03,289.8615609,43.4727412
Kepler-977 b,Kepler-977,kepler-977,Transit,transit,2016,2016,false,2010s,26.85328322,2.62,7.37,544.0,568.751,291.5161959,42.2480736
HD 98219 b,HD 98219,hd 98219,Radial Velocity,radial velocity,2011,2011,false,2010s,433.8,13.4,624.21812,,113.704,169.4475218,-23.975488
HAT-P-31 b,HAT-P-31,hat-p-31,Transit,transit,2011,2011,false,2010s,5.00542,12.21781,721.4741,1450.0,344.05,271.5376722,26.4266061
WASP-131 b,WASP-131,wasp-131,Transit,transit,2016,2016,false,2010s,5.3220125,13.74221034,86.76715511,1460.0,200.075,210.1935714,-30.5836084
WASP-103 b,WASP-103,wasp-103,Transit,transit,2014,2014,false,2010s,0.925542,17.127,473.547,2508.0,375.647,249.3148604,7.1833758
KELT-16 b,KELT-16,kelt-16,Transit,transit,2017,2017,false,2010s,0.9689951,15.860735,874.0325,2453.0,444.586,314.2685227,31.6610186
Kepler-879 b,Kepler-879,kepler-879,Transit,transit,2016,2016,false,2010s,33.3855938,2.57,7.13,580.0,802.672,295.8065515,50.9097521
Kepler-1641 b,Kepler-1641,kepler-1641,Transit,transit,2016,2016,false,2010s,19.672266,3.11,9.85,908.0,860.37,296.359456,41.5745321
GJ 687 b,GJ 687,gj 687,Radial Velocity,radial velocity,2014,2014,false,2010s,38.142,4.32,17.2,,4.54939,264.1041731,68.3336741
Kepler-23 b,Kepler-23,kepler-23,Transit,transit,2011,2011,false,2010s,7.1,1.638,2.56,1157.0,835.756,294.2189131,49.4792536
Kepler-554 b,Kepler-554,kepler-554,Transit,transit,2016,2016,false,2010s,1.902208556,4.29,17.0,1346.0,690.525,296.4068982,51.3581938
HD 159868 c,HD 159868,hd 159868,Radial Velocity,radial velocity,2012,2012,false,2010s,351.0,14.0,244.09344,,55.8503,264.7466665,-43.1462347
XO-2 S c,XO-2 S,xo-2 s,Radial Velocity,radial velocity,2014,2014,false,2010s,120.8,13.6,435.409,,151.398,117.0309753,50.2169068
Kepler-1331 b,Kepler-1331,kepler-1331,Transit,transit,2016,2016,false,2010s,0.789161653,1.05,1.16,1244.0,319.197,297.0737928,41.2244613
Kepler-1246 b,Kepler-1246,kepler-1246,Transit,transit,2016,2016,false,2010s,11.32271513,1.36,2.42,554.0,436.505,287.6572346,48.9822053
Kepler-287 b,Kepler-287,kepler-287,Transit,transit,2014,2014,false,2010s,20.342199,2.33,83.0,667.0,835.86,290.9274282,48.4434588
Kepler-432 c,Kepler-432,kepler-432,Radial Velocity,radial velocity,2015,2015,false,2010s,406.2,13.3,772.3269,,848.023,293.2822344,48.2859173
HD 102843 b,HD 102843,hd 102843,Radial Velocity,radial velocity,2019,2019,false,2010s,3090.942,13.1,113.9,,62.758,177.5854673,-1.2522989
K2-155 b,K2-155,k2-155,Transit,transit,2018,2018,false,2010s,6.342,1.8,3.89,708.0,72.7998,65.469614,21.3532633
Kepler-162 c,Kepler-162,kepler-162,Transit,transit,2014,2014,false,2010s,19.446355,3.03,9.43,681.0,855.641,297.2789115,43.7239693
Kepler-603 d,Kepler-603,kepler-603,Transit,transit,2016,2016,false,2010s,6.2171292,1.32,2.3,1098.0,1539.63,294.2809679,42.2909295
Kepler-139 b,Kepler-139,kepler-139,Transit,transit,2014,2014,false,2010s,15.771044,2.94,7.0,752.0,391.038,282.3919451,43.8894167
K2-155 d,K2-155,k2-155,Transit,transit,2018,2018,false,2010s,40.718,1.9,4.27,381.0,72.7998,65.469614,21.3532633
Kepler-1443 b,Kepler-1443,kepler-1443,Transit,transit,2016,2016,false,2010s,2.41811321,0.97,0.871,1602.0,593.646,283.4357392,47.0667983
Kepler-48 c,Kepler-48,kepler-48,Transit,transit,2012,2012,false,2010s,9.67395,2.71,14.61,736.0,306.738,299.1393094,40.948939
HD 102365 b,HD 102365,hd 102365,Radial Velocity,radial velocity,2010,2010,false,2010s,122.1,4.14,16.0,,9.2894,176.6208003,-40.4986211
HD 136352 b,HD 136352,hd 136352,Radial Velocity,radial velocity,2019,2019,false,2010s,11.57797,1.664,4.72,905.0,14.682,230.4401147,-48.3188174
HD 136352 c,HD 136352,hd 136352,Radial Velocity,radial velocity,2019,2019,false,2010s,27.59221,2.916,11.24,677.0,14.682,230.4401147,-48.3188174
HD 136352 d,HD 136352,hd 136352,Radial Velocity,radial velocity,2019,2019,false,2010s,107.245,2.562,8.82,431.0,14.682,230.4401147,-48.3188174
HD 192310 b,HD 192310,hd 192310,Radial Velocity,radial velocity,2011,2011,false,2010s,74.72,4.27,16.9,355.0,8.79687,303.8284712,-27.0337556
HD 192310 c,HD 192310,hd 192310,Radial Velocity,radial velocity,2011,2011,false,2010s,525.8,5.25,24.0,185.0,8.79687,303.8284712,-27.0337556
HD 20794 b,HD 20794,hd 20794,Radial Velocity,radial velocity,2011,2011,false,2010s,18.314,1.45,2.7,660.0,6.00278,49.9997666,-43.0666533
HD 20794 d,HD 20794,hd 20794,Radial Velocity,radial velocity,2011,2011,false,2010s,89.68,2.04,4.8,388.0,6.00278,49.9997666,-43.0666533
HD 219134 b,HD 219134,hd 219134,Radial Velocity,radial velocity,2015,2015,false,2010s,3.092926,1.602,4.74,1015.0,6.53127,348.3372026,57.1696255
HD 219134 c,HD 219134,hd 219134,Radial Velocity,radial velocity,2015,2015,false,2010s,6.76458,1.511,4.36,782.0,6.53127,348.3372026,57.1696255
HD 219134 d,HD 219134,hd 219134,Radial Velocity,radial velocity,2015,2015,false,2010s,46.859,1.61,16.17,410.5,6.53127,348.3372026,57.1696255
HD 219134 f,HD 219134,hd 219134,Radial Velocity,radial velocity,2015,2015,false,2010s,22.717,1.31,7.3,522.6,6.53127,348.3372026,57.1696255
HD 219134 g,HD 219134,hd 219134,Radial Velocity,radial velocity,2015,2015,false,2010s,94.2,3.28,10.80622,,6.53127,348.3372026,57.1696255
HD 219134 h,HD 219134,hd 219134,Radial Velocity,radial velocity,2015,2015,false,2010s,2247.0,12.7,108.0622,,6.53127,348.3372026,57.1696255
rho CrB c,rho CrB,rho crb,Radial Velocity,radial velocity,2016,2016,false,2010s,102.19,5.78,28.2,448.1,17.4671,240.2600639,33.3001861
HAT-P-67 b,HAT-P-67,hat-p-67,Transit,transit,2017,2017,false,2010s,4.8101069,23.9872187,143.02278315,1903.0,371.686,256.6107279,44.7768849
HD 20794 e,HD 20794,hd 20794,Radial Velocity,radial velocity,2017,2017,false,2010s,147.02,2.03,4.77,,6.00278,49.9997666,-43.0666533
tau Cet g,tau Cet,tau cet,Radial Velocity,radial velocity,2017,2017,false,2010s,20.0,1.18,1.75,,3.60304,26.0093029,-15.9337987
tau Cet h,tau Cet,tau cet,Radial Velocity,radial velocity,2017,2017,false,2010s,49.41,1.19,1.83,,3.60304,26.0093029,-15.9337987
tau Cet e,tau Cet,tau cet,Radial Velocity,radial velocity,2017,2017,false,2010s,162.87,1.81,3.93,,3.60304,26.0093029,-15.9337987
tau Cet f,tau Cet,tau cet,Radial Velocity,radial velocity,2017,2017,false,2010s,636.13,1.81,3.93,,3.60304,26.0093029,-15.9337987
pi Men c,HD 39091,hd 39091,Transit,transit,2018,2018,false,2010s,6.2678399,2.0189,3.63,1169.8,18.2702,84.2992798,-80.4646041
GJ 411 b,GJ 411,gj 411,Radial Velocity,radial velocity,2019,2019,false,2010s,12.9394,1.45,2.69,349.83,5.675773,165.834471,35.972317
Kepler-1369 b,Kepler-1369,kepler-1369,Transit,transit,2016,2016,false,2010s,25.873148,2.69,7.7,667.0,1236.56,285.7972604,40.9361923
Kepler-1644 b,Kepler-1644,kepler-1644,Transit,transit,2016,2016,false,2010s,21.0907758,1.88,4.19,606.0,629.27,285.4750512,48.0348356
Kepler-1249 b,Kepler-1249,kepler-1249,Transit,transit,2016,2016,false,2010s,24.3347127,2.38,6.26,647.0,1904.54,296.8948517,44.3717429
WASP-78 b,WASP-78,wasp-78,Transit,transit,2012,2012,false,2010s,2.17518,21.63337,352.7913,2469.7,754.258,63.7562662,-22.1163901
WASP-39 b,WASP-39,wasp-39,Transit,transit,2011,2011,false,2010s,4.0552941,14.336311,89.31023,1166.0,213.982,217.3266477,-3.4444994
WASP-36 b,WASP-36,wasp-36,Transit,transit,2011,2011,false,2010s,1.53736596,14.874343,750.39663,1733.0,386.346,131.5803897,-8.0269855
WASP-43 b,WASP-43,wasp-43,Transit,transit,2011,2011,false,2010s,0.813475,10.424,565.714,1426.7,86.7467,154.9081869,-9.8064431
GJ 1132 c,GJ 1132,gj 1132,Radial Velocity,radial velocity,2018,2018,false,2010s,8.929,1.43,2.64,300.0,12.613,153.7090696,-47.1549358
KIC 9663113 b,KIC 9663113,kic 9663113,Transit,transit,2015,2015,false,2010s,572.3847,4.6,19.2,264.0,1594.74,297.0454037,46.3286653
Kepler-12 b,Kepler-12,kepler-12,Transit,transit,2011,2011,false,2010s,4.4379629,19.660586,137.30256,1480.0,881.386,286.2434458,50.0403671
HAT-P-24 b,HAT-P-24,hat-p-24,Transit,transit,2010,2010,false,2010s,3.35524,14.5717,238.3725,1637.0,415.344,108.8251171,14.2626064
Kepler-792 b,Kepler-792,kepler-792,Transit,transit,2016,2016,false,2010s,11.30119217,1.96,4.5,852.0,1425.47,292.0068239,38.8207001
Kepler-539 b,Kepler-539,kepler-539,Transit,transit,2016,2016,false,2010s,125.63243,8.373123,308.2951,387.6,307.318,299.1224639,41.8667953
K2-165 d,K2-165,k2-165,Transit,transit,2018,2018,false,2010s,14.101361,2.64809498,7.5,629.38,134.591,184.9004881,0.968327
Kepler-1254 c,Kepler-1254,kepler-1254,Transit,transit,2016,2016,false,2010s,3.60084276,1.3,2.24,927.0,622.818,285.1733174,48.7700099
WASP-41 b,WASP-41,wasp-41,Transit,transit,2012,2012,false,2010s,3.0524,12.3299,270.1555,1244.0,163.371,190.6188034,-30.6398176
Kepler-255 c,Kepler-255,kepler-255,Transit,transit,2014,2014,false,2010s,9.946047,2.99,9.22,807.0,1052.53,296.0642702,45.9767647
Kepler-1238 b,Kepler-1238,kepler-1238,Transit,transit,2016,2016,false,2010s,4.14787559,1.93,4.38,1389.0,1632.13,297.9057655,40.1628378
WASP-18 c,WASP-18,wasp-18,Transit Timing Variations,transit timing variations,2019,2019,false,2010s,2.1558,8.58,55.2,,123.483,24.3544618,-45.6777937
HATS-41 b,HATS-41,hats-41,Transit,transit,2018,2018,false,2010s,4.193649,14.90797,3082.951,1710.0,737.668,103.5173558,-27.0504156
Kepler-933 b,Kepler-933,kepler-933,Transit,transit,2016,2016,false,2010s,14.20443009,2.46,6.62,602.0,1017.2,289.5685257,43.5385438
Kepler-1240 b,Kepler-1240,kepler-1240,Transit,transit,2016,2016,false,2010s,4.8663815,1.15,1.6,1121.0,862.186,282.9997682,40.5574322
K2-80 c,K2-80,k2-80,Transit,transit,2016,2016,false,2010s,5.605,1.47,2.76,,200.802,59.037486,13.5590288
Kepler-891 b,Kepler-891,kepler-891,Transit,transit,2016,2016,false,2010s,53.44945593,6.41,33.6,486.0,2340.58,291.0837644,40.3552252
Kepler-1605 b,Kepler-1605,kepler-1605,Transit,transit,2016,2016,false,2010s,85.7565495,1.08,1.28,528.0,546.23,287.1349405,47.4886251
HAT-P-29 b,HAT-P-29,hat-p-29,Transit,transit,2011,2011,false,2010s,5.72319,13.11453,279.6904,1281.0,313.576,33.1310921,51.7787754
Kepler-288 d,Kepler-288,kepler-288,Transit,transit,2014,2014,false,2010s,56.633742,2.67,7.61,570.0,1194.15,288.9163997,39.5947523
Kepler-264 c,Kepler-264,kepler-264,Transit,transit,2014,2014,false,2010s,140.101261,2.83,8.4,511.0,942.173,292.044628,37.3761861
Kepler-1119 b,Kepler-1119,kepler-1119,Transit,transit,2016,2016,false,2010s,8.3265153,1.92,4.35,938.0,1757.23,297.0191018,44.3274936
Kepler-49 d,Kepler-49,kepler-49,Transit,transit,2014,2014,false,2010s,2.576549,1.6,235.982,717.0,311.222,292.2945208,40.5918123
Kepler-1465 b,Kepler-1465,kepler-1465,Transit,transit,2016,2016,false,2010s,31.8277111,1.77,3.78,668.0,359.497,289.8194222,51.9048541
Kepler-1036 b,Kepler-1036,kepler-1036,Transit,transit,2016,2016,false,2010s,122.8808058,3.01,9.32,326.0,489.435,295.1817093,49.9458172
Kepler-358 b,Kepler-358,kepler-358,Transit,transit,2014,2014,false,2010s,34.060467,2.72,7.85,554.0,1101.1,293.2302333,48.2813901
HD 202772 A b,HD 202772 A,hd 202772 a,Transit,transit,2019,2019,false,2010s,3.308958,17.317905,323.23311,2132.0,161.498,319.6995877,-26.6163743
Kepler-1179 b,Kepler-1179,kepler-1179,Transit,transit,2016,2016,false,2010s,2.685057492,1.32,2.3,1137.0,415.205,284.0974305,47.8104856
Kepler-1544 b,Kepler-1544,kepler-1544,Transit,transit,2016,2016,false,2010s,168.811174,1.78,3.82,269.0,335.09,297.2852168,49.2124526
Kepler-868 b,Kepler-868,kepler-868,Transit,transit,2016,2016,false,2010s,5.03251791,2.05,4.86,1047.0,1593.13,282.3635315,46.6752384
Kepler-355 c,Kepler-355,kepler-355,Transit,transit,2014,2014,false,2010s,25.762294,2.71,7.8,633.0,1432.17,285.7994917,42.8117427
Kepler-1299 b,Kepler-1299,kepler-1299,Transit,transit,2016,2016,false,2010s,19.9400874,2.98,9.17,588.0,1404.94,286.1501263,37.4113438
Kepler-1570 b,Kepler-1570,kepler-1570,Transit,transit,2016,2016,false,2010s,26.548955,1.07,1.24,836.0,918.995,299.8617842,45.8274232
Kepler-232 c,Kepler-232,kepler-232,Transit,transit,2014,2014,false,2010s,11.379349,3.83,14.0,806.0,1349.13,295.8161668,51.1217249
Kepler-225 c,Kepler-225,kepler-225,Transit,transit,2014,2014,false,2010s,18.794234,1.84,4.04,412.0,561.101,292.1939846,47.4570808
Kepler-833 b,Kepler-833,kepler-833,Transit,transit,2016,2016,false,2010s,18.7546998,2.02,4.74,382.0,467.37,290.4799052,45.6005798
Kepler-321 b,Kepler-321,kepler-321,Transit,transit,2014,2014,false,2010s,4.915379,1.77,3.78,1042.0,384.542,294.4536991,44.1457626
Kepler-973 b,Kepler-973,kepler-973,Transit,transit,2016,2016,false,2010s,49.6077331,1.96,4.5,402.0,328.52,290.1653203,49.9238126
Kepler-243 b,Kepler-243,kepler-243,Transit,transit,2014,2014,false,2010s,5.715442,2.45,6.57,850.0,693.86,285.1104819,42.0339619
Kepler-308 b,Kepler-308,kepler-308,Transit,transit,2014,2014,false,2010s,9.694928,2.12,5.14,833.0,1335.92,295.7852423,40.4395753
Kepler-776 b,Kepler-776,kepler-776,Transit,transit,2016,2016,false,2010s,4.89718784,1.28,2.18,904.0,727.904,287.2726117,41.6356009
DMPP-2 b,DMPP-2,dmpp-2,Radial Velocity,radial velocity,2019,2019,false,2010s,5.2072,14.3,138.89171,1000.0,137.94,27.407731,-34.4590985
Kepler-1226 b,Kepler-1226,kepler-1226,Transit,transit,2016,2016,false,2010s,17.2923453,1.45,2.7,809.0,1125.72,296.3768521,50.6214592
Kepler-1048 b,Kepler-1048,kepler-1048,Transit,transit,2016,2016,false,2010s,6.92101021,1.61,3.22,619.0,556.006,281.8983042,42.1657112
WASP-73 b,WASP-73,wasp-73,Transit,transit,2014,2014,false,2010s,4.08722,15.91678,908.9938,1790.0,316.678,319.9496969,-58.1489328
HATS-44 b,HATS-44,hats-44,Transit,transit,2018,2018,false,2010s,2.7439004,11.960003,177.9848,1161.0,446.035,84.3267559,-27.9725758
HATS-45 b,HATS-45,hats-45,Transit,transit,2018,2018,false,2010s,4.1876244,14.414774,222.481,1518.0,772.11,101.9942455,-21.9107112
Kepler-1260 b,Kepler-1260,kepler-1260,Transit,transit,2016,2016,false,2010s,19.1187753,1.77,3.78,823.0,1734.43,295.5912652,42.5552261
Kepler-367 c,Kepler-367,kepler-367,Transit,transit,2014,2014,false,2010s,53.578637,1.2,1.87,357.0,188.027,297.292558,49.9817499
Kepler-176 e,Kepler-176,kepler-176,Transit,transit,2016,2016,false,2010s,51.16579,1.45,0.52075,398.0,527.321,294.6679021,43.8532104
Kepler-194 c,Kepler-194,kepler-194,Transit,transit,2014,2014,false,2010s,17.308032,2.59,7.22,815.0,1097.97,291.971429,47.8640498
WASP-61 b,WASP-61,wasp-61,Transit,transit,2012,2012,false,2010s,3.8559,15.80469,851.7844,1624.4,488.66,75.2996637,-26.0541438
Kepler-465 b,Kepler-465,kepler-465,Transit,transit,2016,2016,false,2010s,9.940672466,2.95,9.01,996.0,553.077,284.5557853,46.0638865
Kepler-1475 b,Kepler-1475,kepler-1475,Transit,transit,2016,2016,false,2010s,82.177374,2.92,8.85,441.0,1568.38,295.9482766,44.753096
HATS-46 b,HATS-46,hats-46,Transit,transit,2018,2018,false,2010s,4.7423729,10.121727,54.98459,1054.0,453.808,6.7026401,-56.3161021
HATS-7 b,HATS-7,hats-7,Transit,transit,2015,2015,false,2010s,3.185315,6.310667,38.1396,1084.0,240.707,208.8567465,-21.2078587
Kepler-1007 b,Kepler-1007,kepler-1007,Transit,transit,2016,2016,false,2010s,5.185002073,1.44,2.67,652.0,365.0,295.9065297,45.8090893
Kepler-659 b,Kepler-659,kepler-659,Transit,transit,2016,2016,false,2010s,17.671796,2.5,6.8,513.0,722.64,287.6081777,47.5096893
Kepler-1290 b,Kepler-1290,kepler-1290,Transit,transit,2016,2016,false,2010s,4.69500134,1.42,2.6,1098.0,1593.7,290.6852287,43.8596155
HD 40956 b,HD 40956,hd 40956,Radial Velocity,radial velocity,2017,2017,false,2010s,578.6,13.2,858.141,,116.593,91.6628015,63.453875
Kepler-1244 b,Kepler-1244,kepler-1244,Transit,transit,2016,2016,false,2010s,3.70428172,1.35,2.39,1839.0,1075.81,282.3012505,46.5161814
Kepler-374 b,Kepler-374,kepler-374,Transit,transit,2014,2014,false,2010s,1.897806,1.03,1.08,1761.0,1265.61,294.1378921,42.3704075
2MASS J22501512+2325342 b,2MASS J22501512+2325342,2mass j22501512+2325342,Imaging,imaging,2018,2018,false,2010s,,11.9,9534.85221,1600.0,57.2309,342.5634097,23.4259058
WASP-99 b,WASP-99,wasp-99,Transit,transit,2014,2014,false,2010s,5.75251,11.43318,772.3269,1480.0,158.66,39.8976689,-50.0081934
HAT-P-15 b,HAT-P-15,hat-p-15,Transit,transit,2010,2010,false,2010s,10.8635,11.88154,616.5902,904.0,192.516,66.248142,39.460602
Kepler-1420 b,Kepler-1420,kepler-1420,Transit,transit,2016,2016,false,2010s,6.69960006,1.28,2.18,806.0,1054.37,296.2038586,42.7778165
WASP-58 b,WASP-58,wasp-58,Transit,transit,2012,2012,false,2010s,5.01718,16.02887,308.2951,1270.0,290.404,274.7012534,45.1722194
HAT-P-23 b,HAT-P-23,hat-p-23,Transit,transit,2010,2010,false,2010s,1.212884,15.334,664.237,2056.0,364.813,306.1239076,16.7621462
HAT-P-57 b,HAT-P-57,hat-p-57,Transit,transit,2015,2015,false,2010s,2.4653,19.50366,448.1403,2200.0,279.86,274.743418,10.5971968
KELT-15 b,KELT-15,kelt-15,Transit,transit,2016,2016,false,2010s,3.32944,19.50366,416.3573,1642.0,324.683,117.4149764,-52.1204471
HAT-P-17 b,HAT-P-17,hat-p-17,Transit,transit,2010,2010,false,2010s,10.33852,11.76945,184.3414,800.0,92.3831,324.5359781,30.4881882
HAT-P-17 c,HAT-P-17,hat-p-17,Radial Velocity,radial velocity,2010,2010,false,2010s,5584.0,13.1,1080.6,,92.3831,324.5359781,30.4881882
HAT-P-30 b,HAT-P-30,hat-p-30,Transit,transit,2011,2011,false,2010s,2.8106,16.14096,263.7989,1630.0,213.985,123.9498431,5.8368669
WASP-71 b,WASP-71,wasp-71,Transit,transit,2012,2012,false,2010s,2.90367,13.22662,441.7837,2016.1,362.715,29.2634506,0.7588247
HAT-P-49 b,HAT-P-49,hat-p-49,Transit,transit,2014,2014,false,2010s,2.69155,17.82231,699.226,2131.0,350.351,305.4413294,26.6926759
HD 147873 c,HD 147873,hd 147873,Radial Velocity,radial velocity,2016,2016,false,2010s,491.54,13.3,731.009,,109.055,246.4380471,-33.5672217
Kepler-857 b,Kepler-857,kepler-857,Transit,transit,2016,2016,false,2010s,85.35129427,6.8,37.2,390.0,983.502,294.6323978,43.4004526
HATS-12 b,HATS-12,hats-12,Transit,transit,2016,2016,false,2010s,3.142702,7.76,759.6137,1446.0,746.138,289.202402,-19.3559227
EPIC 211945201 b,EPIC 211945201,epic 211945201,Transit,transit,2018,2018,false,2010s,19.49221,5.76,11.0,817.0,181.69,136.5741931,19.4020565
K2-188 c,K2-188,k2-188,Transit,transit,2018,2018,false,2010s,7.810253,2.83,8.4,1026.0,446.821,129.8137008,23.3574367
K2-108 b,K2-108,k2-108,Transit,transit,2017,2017,false,2010s,4.733999,5.33,59.4,1360.0,477.295,123.3818484,16.419516
Kepler-1025 b,Kepler-1025,kepler-1025,Transit,transit,2016,2016,false,2010s,37.3229493,1.98,4.58,1654.0,803.776,284.510214,43.9615628
K2-127 b,K2-127,k2-127,Transit,transit,2017,2017,false,2010s,3.588163,8.37,52.9,809.0,709.999,207.0782895,-11.5889878
WASP-144 b,WASP-144,wasp-144,Transit,transit,2018,2018,false,2010s,2.2783152,9.52765,139.8452,1260.0,355.513,320.7628761,-40.0484393
Kepler-997 b,Kepler-997,kepler-997,Transit,transit,2016,2016,false,2010s,2.707306716,1.36,2.42,1709.0,467.568,289.2333767,49.9388952
WASP-158 b,WASP-158,wasp-158,Transit,transit,2018,2018,false,2010s,3.656333,11.99363,886.7457,1590.0,524.993,4.1463468,-10.9764226
WASP-145 A b,WASP-145 A,wasp-145 a,Transit,transit,2018,2018,false,2010s,1.7690381,10.0881,282.8687,1200.0,91.299,322.2537644,-58.8361466
WASP-159 b,WASP-159,wasp-159,Transit,transit,2018,2018,false,2010s,3.840401,15.46842,174.8065,1850.0,715.383,68.1364792,-38.9682973
HD 89345 b,HD 89345,hd 89345,Transit,transit,2018,2018,false,2010s,11.8143,7.39794,34.9613,1089.0,132.345,154.6710977,10.1288464
CoRoT-20 c,CoRoT-20,corot-20,Radial Velocity,radial velocity,2018,2018,false,2010s,1675.0,12.2,5403.11,,844.061,97.7204249,0.2268931
NGTS-2 b,NGTS-2,ngts-2,Transit,transit,2018,2018,false,2010s,4.511164,17.878355,235.1942,1468.0,356.391,215.1227617,-31.2020698
Kepler-1562 b,Kepler-1562,kepler-1562,Transit,transit,2016,2016,false,2010s,64.2737752,3.55,12.3,554.0,2060.72,294.4556567,46.7435353
K2-117 b,K2-117,k2-117,Transit,transit,2017,2017,false,2010s,1.2916,2.03,4.78,868.0,101.632,133.8557342,10.4692176
DMPP-1 b,DMPP-1,dmpp-1,Radial Velocity,radial velocity,2019,2019,false,2010s,18.57,5.29,24.27,877.0,62.5388,86.7761233,-10.6303217
Kepler-1110 b,Kepler-1110,kepler-1110,Transit,transit,2016,2016,false,2010s,9.69312032,2.66,7.56,609.0,726.828,291.8080645,38.6226615
Kepler-1170 b,Kepler-1170,kepler-1170,Transit,transit,2016,2016,false,2010s,9.98969327,2.41,6.39,705.0,1050.45,292.1685422,43.7795963
WASP-162 b,WASP-162,wasp-162,Transit,transit,2018,2018,false,2010s,9.62468,11.209,1652.716,910.0,310.841,168.2929079,-17.6577794
WASP-172 b,WASP-172,wasp-172,Transit,transit,2018,2018,false,2010s,5.477433,17.59813,149.3801,1740.0,538.11,199.433742,-47.2375748
Kepler-392 b,Kepler-392,kepler-392,Transit,transit,2014,2014,false,2010s,5.341853,1.0,0.972,1125.0,681.428,288.660826,43.3681938
K2-188 b,K2-188,k2-188,Transit,transit,2018,2018,false,2010s,1.742169,1.35,2.39,1692.0,446.821,129.8137008,23.3574367
Kepler-194 b,Kepler-194,kepler-194,Transit,transit,2014,2014,false,2010s,2.092281,1.51,2.89,1648.0,1097.97,291.971429,47.8640498
Kepler-157 d,Kepler-157,kepler-157,Transit,transit,2016,2016,false,2010s,7.02573474,1.46,2.73,969.0,773.713,291.0972257,38.8756049
Kepler-236 c,Kepler-236,kepler-236,Transit,transit,2014,2014,false,2010s,23.968127,2.0,4.66,329.0,288.763,283.8664285,39.8981928
Kepler-664 b,Kepler-664,kepler-664,Transit,transit,2016,2016,false,2010s,2.525593315,2.66,7.56,1406.0,1210.12,288.7549029,48.226203
HATS-9 b,HATS-9,hats-9,Transit,transit,2015,2015,false,2010s,1.915291,13.85,266.02371,1746.0,638.7,290.8101704,-20.1663771
DMPP-1 c,DMPP-1,dmpp-1,Radial Velocity,radial velocity,2019,2019,false,2010s,6.584,3.06,9.6,1239.0,62.5388,86.7761233,-10.6303217
Kepler-157 c,Kepler-157,kepler-157,Transit,transit,2014,2014,false,2010s,13.5405,2.24,5.65,779.0,773.713,291.0972257,38.8756049
Kepler-947 b,Kepler-947,kepler-947,Transit,transit,2016,2016,false,2010s,26.9644317,2.28,5.82,573.0,1730.78,294.3667312,42.2526408
Kepler-758 e,Kepler-758,kepler-758,Transit,transit,2016,2016,false,2010s,8.1934719,1.53,2.96,1144.0,1502.32,293.0846115,41.1354049
Kepler-679 b,Kepler-679,kepler-679,Transit,transit,2016,2016,false,2010s,12.39358604,3.01,9.32,677.0,922.244,296.0213374,50.5678019
WASP-147 b,WASP-147,wasp-147,Transit,transit,2018,2018,false,2010s,4.60273,12.498035,87.40325,1404.0,436.098,359.1915117,-22.1532316
Kepler-934 b,Kepler-934,kepler-934,Transit,transit,2016,2016,false,2010s,55.6738309,2.09,5.02,384.0,608.738,290.2884494,43.7552623
Kepler-1521 b,Kepler-1521,kepler-1521,Transit,transit,2016,2016,false,2010s,47.14840805,2.5,6.8,391.0,206.983,292.6903779,37.8350549
Kepler-189 c,Kepler-189,kepler-189,Transit,transit,2014,2014,false,2010s,20.134866,2.38,22.7,544.0,591.534,287.5646296,44.3050662
Kepler-1468 c,Kepler-1468,kepler-1468,Transit,transit,2016,2016,false,2010s,3.54553021,1.15,1.6,1448.0,1899.24,293.5198289,41.2773671
K2-266 b,K2-266,k2-266,Transit,transit,2018,2018,false,2010s,0.658524,3.3,11.26782377,1515.0,77.5586,157.9356855,0.9372782
Kepler-1371 b,Kepler-1371,kepler-1371,Transit,transit,2016,2016,false,2010s,3.4462039,0.73,0.315,1015.0,515.334,288.8314251,47.5519753
HD 196067 b,HD 196067,hd 196067,Radial Velocity,radial velocity,2012,2012,false,2010s,3413.7,12.4,3623.2438398,,39.9346,310.4364195,-75.3514992
Kepler-202 c,Kepler-202,kepler-202,Transit,transit,2014,2014,false,2010s,16.282493,1.85,4.08,505.0,285.111,282.9734874,41.3217991
K2-266 d,K2-266,k2-266,Transit,transit,2018,2018,false,2010s,14.697,2.93,8.9,538.3,77.5586,157.9356855,0.9372782
K2-266 e,K2-266,k2-266,Transit,transit,2018,2018,false,2010s,19.482,2.73,14.3,490.1,77.5586,157.9356855,0.9372782
Kepler-271 b,Kepler-271,kepler-271,Transit,transit,2014,2014,false,2010s,10.43547805,1.23,2.04,759.0,404.542,283.0029316,44.284108
Kepler-122 e,Kepler-122,kepler-122,Transit,transit,2014,2014,false,2010s,37.993273,2.6,27.7,618.0,1027.45,291.1118647,39.9490248
Kepler-974 b,Kepler-974,kepler-974,Transit,transit,2016,2016,false,2010s,4.194496514,1.57,3.09,577.0,134.311,285.0131082,40.2209547
GJ 676 A d,GJ 676 A,gj 676 a,Radial Velocity,radial velocity,2012,2012,false,2010s,3.60076,1.78,3.81394088,,16.0272,262.5448903,-51.6377777
Kepler-218 b,Kepler-218,kepler-218,Transit,transit,2014,2014,false,2010s,3.619337,1.48,2.79,1156.0,656.38,295.4128785,46.2665801
NGTS-3 A b,NGTS-3 A,ngts-3 a,Transit,transit,2018,2018,false,2010s,1.6753728,16.58932,756.4354,1434.44,743.972,94.4447595,-35.706364
K2-238 b,K2-238,k2-238,Transit,transit,2018,2018,false,2010s,3.20466,14.5717,273.3338,1587.0,537.963,347.7043164,-7.8575592
WASP-106 b,WASP-106,wasp-106,Transit,transit,2014,2014,false,2010s,9.28969,12.10569916,613.40882551,1140.0,352.181,166.4296276,-5.0794854
Qatar-1 b,Qatar-1,qatar-1,Transit,transit,2010,2010,false,2010s,1.4200242,12.811887,411.27202,1418.0,185.615,303.3818697,65.1623313
Kepler-1387 b,Kepler-1387,kepler-1387,Transit,transit,2016,2016,false,2010s,2.279526656,0.93,0.749,1123.0,455.358,292.4403029,43.2093456
Kepler-234 b,Kepler-234,kepler-234,Transit,transit,2014,2014,false,2010s,2.711506,3.7,13.2,1420.0,1733.1,291.6535379,38.4946597
Kepler-525 b,Kepler-525,kepler-525,Transit,transit,2016,2016,false,2010s,18.68404933,2.63,7.41,832.0,992.852,296.1834239,47.3587776
CoRoT-20 b,CoRoT-20,corot-20,Transit,transit,2011,2011,false,2010s,9.24285,9.41556,1366.669,1024.0,844.061,97.7204249,0.2268931
Kepler-1205 b,Kepler-1205,kepler-1205,Transit,transit,2016,2016,false,2010s,1.078390352,1.41,2.57,1667.0,698.485,290.2796734,41.5150499
EPIC 201841433 b,EPIC 201841433,epic 201841433,Transit,transit,2019,2019,false,2010s,4.1698,1.04,1.12,,436.488,175.206752,6.1348146
HATS-64 b,HATS-64,hats-64,Transit,transit,2018,2018,false,2010s,4.908897,18.819911,305.1168,1793.0,1080.15,144.2876092,-29.800444
HATS-65 b,HATS-65,hats-65,Transit,transit,2018,2018,false,2010s,3.105161,16.824709,260.93843,1634.0,493.32,292.9397825,-26.7402021
K2-80 b,K2-80,k2-80,Transit,transit,2016,2016,false,2010s,19.0918,2.01,4.7,,200.802,59.037486,13.5590288
Kepler-1222 b,Kepler-1222,kepler-1222,Transit,transit,2016,2016,false,2010s,1.916944254,0.79,0.418,1246.0,415.218,294.889616,49.3798215
K2-285 d,K2-285,k2-285,Transit,transit,2018,2018,false,2010s,10.45582,2.48,6.5,619.9,154.961,349.3843458,1.3001522
K2-285 e,K2-285,k2-285,Transit,transit,2018,2018,false,2010s,14.76289,1.95,10.7,500.9,154.961,349.3843458,1.3001522
HATS-60 b,HATS-60,hats-60,Transit,transit,2018,2018,false,2010s,3.560829,12.923977,210.40346,1528.0,486.474,341.3640336,-14.9917747
Kepler-359 b,Kepler-359,kepler-359,Transit,transit,2014,2014,false,2010s,25.563222,3.53,12.2,671.0,1443.21,293.2936129,42.1963497
WASP-165 b,WASP-165,wasp-165,Transit,transit,2018,2018,false,2010s,3.465509,14.12334,209.13214,1624.0,602.236,357.5806472,-17.0775947
Kepler-1056 b,Kepler-1056,kepler-1056,Transit,transit,2016,2016,false,2010s,27.495606,3.01,9.32,590.0,982.51,299.5259832,46.8992561
Kepler-1554 b,Kepler-1554,kepler-1554,Transit,transit,2016,2016,false,2010s,198.088774,2.9,8.75,288.0,946.847,286.576016,41.7415762
HATS-59 b,HATS-59,hats-59,Transit,transit,2018,2018,false,2010s,5.416081,12.621334,256.17098,1128.0,642.884,170.324325,-22.388177
K2-284 b,K2-284,k2-284,Transit,transit,2018,2018,false,2010s,4.795069,2.78,8.15,653.0,107.272,79.1407971,20.2549034
Kepler-1107 b,Kepler-1107,kepler-1107,Transit,transit,2016,2016,false,2010s,0.571038518,1.34,2.36,1897.0,428.798,291.049934,39.141674
Kepler-996 b,Kepler-996,kepler-996,Transit,transit,2016,2016,false,2010s,3.770590584,1.98,4.58,1272.0,1216.58,291.9127633,41.5335891
TOI-172 b,TOI-172,toi-172,Transit,transit,2019,2019,false,2010s,9.47725,10.816685,1722.6386,1198.0,342.831,316.6318791,-26.6928654
K2-85 b,K2-85,k2-85,Transit,transit,2016,2016,false,2010s,0.68453862616,1.4,3.2,1355.0,97.2179,59.464829,18.4649505
Kepler-1385 b,Kepler-1385,kepler-1385,Transit,transit,2016,2016,false,2010s,2.88879862,0.85,0.543,1423.0,688.795,282.6313559,46.481022
Kepler-8 b,Kepler-8,kepler-8,Transit,transit,2010,2010,false,2010s,3.5224991,15.871944,187.5197,1680.0,1021.87,281.2881335,42.4510975
K2-291 b,K2-291,k2-291,Transit,transit,2019,2019,false,2010s,2.225177,1.589,6.49,1278.0,90.0562,76.44594,21.548199
HAT-P-25 b,HAT-P-25,hat-p-25,Transit,transit,2010,2010,false,2010s,3.65281514,12.722215,180.84527,1182.0,300.384,48.4354731,25.1973548
K2-181 b,K2-181,k2-181,Transit,transit,2018,2018,false,2010s,6.8941,2.69,7.7,949.0,360.911,127.5541103,10.9101444
Kepler-1039 b,Kepler-1039,kepler-1039,Transit,transit,2016,2016,false,2010s,0.934884242,1.46,2.73,2080.0,306.91,298.3266169,45.3154212
HATS-69 b,HATS-69,hats-69,Transit,transit,2018,2018,false,2010s,2.2252577,10.592505,183.38791,1295.7,414.537,289.2974275,-60.8917599
HATS-68 b,HATS-68,hats-68,Transit,transit,2018,2018,false,2010s,3.5862202,13.809488,410.0007,1741.0,603.955,15.006077,-58.9047242
Kepler-1383 b,Kepler-1383,kepler-1383,Transit,transit,2016,2016,false,2010s,13.9093583,1.41,2.57,928.0,1027.21,297.9447714,42.1918449
Kepler-800 b,Kepler-800,kepler-800,Transit,transit,2016,2016,false,2010s,14.13176026,2.85,8.5,675.0,1019.26,286.5747697,44.7951858
GJ 4276 b,GJ 4276,gj 4276,Radial Velocity,radial velocity,2019,2019,false,2010s,13.352,4.22,16.57,,21.3362,336.3221454,59.412503
Kepler-1484 b,Kepler-1484,kepler-1484,Transit,transit,2016,2016,false,2010s,30.4549136,2.11,5.1,624.0,2879.83,292.6842738,38.1262604
WASP-161 b,WASP-161,wasp-161,Transit,transit,2018,2018,false,2010s,5.4060425,12.811887,791.3967,1557.0,343.08,126.3378248,-11.5009889
Kepler-172 e,Kepler-172,kepler-172,Transit,transit,2014,2014,false,2010s,35.118736,2.76,8.05,550.0,828.592,283.3684093,41.821839
HATS-70 b,HATS-70,hats-70,Transit,transit,2019,2019,false,2010s,1.8882378,15.513256,4100.007,2730.0,1458.83,109.1045212,-31.2443947
HD 1397 b,HD 1397,hd 1397,Transit,transit,2018,2018,false,2010s,11.53533,11.500434,131.89945,1228.3,79.5702,4.4471631,-66.3589285
Kepler-988 b,Kepler-988,kepler-988,Transit,transit,2016,2016,false,2010s,17.76080053,2.07,4.94,368.0,304.889,290.7082585,42.2372245
K2-285 b,K2-285,k2-285,Transit,transit,2018,2018,false,2010s,3.471745,2.59,9.68,1088.9,154.961,349.3843458,1.3001522
Kepler-526 b,Kepler-526,kepler-526,Transit,transit,2016,2016,false,2010s,5.458498316,1.99,4.62,1099.0,666.146,297.6509281,47.3962246
HD 47366 c,HD 47366,hd 47366,Radial Velocity,radial velocity,2016,2016,false,2010s,677.53,13.5,483.73483545,,84.3552,99.4200181,-12.9856593
K2-245 b,K2-245,k2-245,Transit,transit,2018,2018,false,2010s,11.89307,4.34,17.4,923.0,456.064,185.181563,-1.5909138
Kepler-159 b,Kepler-159,kepler-159,Transit,transit,2014,2014,false,2010s,10.139623,2.38,6.26,447.0,373.744,297.0702037,40.868734
Kepler-859 b,Kepler-859,kepler-859,Transit,transit,2016,2016,false,2010s,20.38177573,3.09,9.75,528.0,839.903,286.7418337,43.1901197
WASP-140 b,WASP-140,wasp-140,Transit,transit,2016,2016,false,2010s,2.23598448,14.23540549,775.5052,1270.0,117.598,60.3855387,-20.4509991
K2-18 b,K2-18,k2-18,Transit,transit,2015,2015,false,2010s,32.939623,2.37,8.92,284.0,38.0266,172.560141,7.5878315
HAT-P-35 b,HAT-P-35,hat-p-35,Transit,transit,2011,2011,false,2010s,3.646706,14.930388,335.62848,1581.0,506.965,123.250703,4.7870288
Kepler-208 d,Kepler-208,kepler-208,Transit,transit,2014,2014,false,2010s,11.131786,1.2,1.87,999.0,775.328,293.8901979,42.5279413
Kepler-1129 c,Kepler-1129,kepler-1129,Transit,transit,2016,2016,false,2010s,76.5369586,2.73,7.9,503.0,1183.88,291.6044965,41.3093275
Kepler-364 b,Kepler-364,kepler-364,Transit,transit,2014,2014,false,2010s,25.745718,1.55,3.02,753.0,891.462,281.5699998,47.3986233
Kepler-524 b,Kepler-524,kepler-524,Transit,transit,2016,2016,false,2010s,7.97419807,1.91,4.31,974.0,1058.24,296.8591787,49.1620125
Kepler-221 e,Kepler-221,kepler-221,Transit,transit,2014,2014,false,2010s,18.369917,2.63,7.86706,582.0,385.231,296.6547477,46.8352242
HD 10180 g,HD 10180,hd 10180,Radial Velocity,radial velocity,2010,2010,false,2010s,604.67,,3375.33768234,,38.9607,24.4731133,-60.5114881
Kepler-1189 b,Kepler-1189,kepler-1189,Transit,transit,2016,2016,false,2010s,3.78858982,1.77,3.78,1158.0,782.852,298.4264116,47.9468194
Kepler-401 d,Kepler-401,kepler-401,Transit,transit,2016,2016,false,2010s,184.256405,2.27,5.77,380.0,965.56,290.0827494,50.8634361
GJ 422 b,GJ 422,gj 422,Radial Velocity,radial velocity,2014,2014,false,2010s,20.129,3.33,11.07,,12.6631,168.9810458,-57.5425629
24 Boo b,24 Boo,24 boo,Radial Velocity,radial velocity,2018,2018,false,2010s,30.33,13.9,280.64248338,,95.9863,217.1555242,49.8446488
WASP-164 b,WASP-164,wasp-164,Transit,transit,2018,2018,false,2010s,1.7771255,12.643752,676.9779,1610.0,327.506,344.8735878,-60.4478194
Kepler-563 b,Kepler-563,kepler-563,Transit,transit,2016,2016,false,2010s,22.18432708,3.09,9.75,546.0,565.207,292.4461832,46.2897548
Kepler-1042 b,Kepler-1042,kepler-1042,Transit,transit,2016,2016,false,2010s,10.13202575,2.19,5.43,574.0,659.0,288.6689428,39.8239935
V1298 Tau d,V1298 Tau,v1298 tau,Transit,transit,2019,2019,false,2010s,12.4032,6.41,98.52680617,845.0,108.199,61.331654,20.1570318
HD 2685 b,HD 2685,hd 2685,Transit,transit,2019,2019,false,2010s,4.12688,16.14096,371.8611,2061.0,196.852,7.3289156,-76.304032
Kepler-25 b,Kepler-25,kepler-25,Transit,transit,2011,2011,false,2010s,6.238297,2.748,8.7,1185.0,243.249,286.6383905,39.4879038
KELT-23 A b,KELT-23 A,kelt-23 a,Transit,transit,2019,2019,false,2010s,2.255251,14.829507,298.12454,1561.0,126.261,232.1466406,66.3587097
Kepler-1491 b,Kepler-1491,kepler-1491,Transit,transit,2016,2016,false,2010s,16.5861762,1.51,2.89,821.0,2065.59,293.6297645,45.7406293
Kepler-1528 b,Kepler-1528,kepler-1528,Transit,transit,2016,2016,false,2010s,1.791110205,1.46,2.73,1549.0,817.534,287.4029864,46.5740084
Kepler-1436 b,Kepler-1436,kepler-1436,Transit,transit,2016,2016,false,2010s,9.705716,1.31,2.27,1001.0,2530.62,297.711553,46.7679816
GJ 180 c,GJ 180,gj 180,Radial Velocity,radial velocity,2014,2014,false,2010s,24.329,2.41,6.4,,11.9407,73.460097,-17.776194
HATS-24 b,HATS-24,hats-24,Transit,transit,2017,2017,false,2010s,1.3484978,15.636555,718.2958,2166.0,494.182,268.8907069,-61.7474
HAT-P-36 b,HAT-P-36,hat-p-36,Transit,transit,2011,2011,false,2010s,1.32734683,14.313893,587.413406,1780.97,294.419,188.2662048,44.9153672
HD 21749 c,GJ 143,gj 143,Transit,transit,2019,2019,false,2010s,7.78993,0.892,3.7,701.0,16.32,51.7501882,-63.500166
Kepler-1621 b,Kepler-1621,kepler-1621,Transit,transit,2016,2016,false,2010s,92.263714,2.16,5.31,469.0,1631.66,297.5885341,43.8411937
Kepler-1478 b,Kepler-1478,kepler-1478,Transit,transit,2016,2016,false,2010s,26.0840594,1.73,3.64,598.0,1845.58,293.1650085,41.746184
Kepler-203 c,Kepler-203,kepler-203,Transit,transit,2014,2014,false,2010s,5.370647,2.47,749.9,1096.0,703.302,297.089959,41.3880686
Kepler-221 b,Kepler-221,kepler-221,Transit,transit,2014,2014,false,2010s,2.795906,1.71,5.95575,1090.0,385.231,296.6547477,46.8352242
NGTS-5 b,NGTS-5,ngts-5,Transit,transit,2019,2019,false,2010s,3.3569866,12.733424,72.78307,952.0,306.779,221.0582692,5.6053735
NGTS-4 b,NGTS-4,ngts-4,Transit,transit,2019,2019,false,2010s,1.3373508,3.18,20.6,1650.0,280.555,89.5988945,-30.8117992
Kepler-386 b,Kepler-386,kepler-386,Transit,transit,2014,2014,false,2010s,12.31043,1.39,2.51,651.0,882.462,289.8589165,48.6938077
Kepler-1502 b,Kepler-1502,kepler-1502,Transit,transit,2016,2016,false,2010s,41.7083629,3.18,10.2,608.0,1514.02,296.1079271,39.3199201
Qatar-9 b,Qatar-9,qatar-9,Transit,transit,2019,2019,false,2010s,1.540731,11.309881,378.2177,1134.0,213.771,160.748095,60.9641194
Kepler-1591 b,Kepler-1591,kepler-1591,Transit,transit,2016,2016,false,2010s,8.18504949,1.27,2.15,892.0,1419.58,296.5166659,44.6086233
Kepler-160 c,Kepler-160,kepler-160,Transit,transit,2014,2014,false,2010s,13.699429,3.76,13.6,771.0,937.013,287.773573,42.8692755
Kepler-1057 b,Kepler-1057,kepler-1057,Transit,transit,2016,2016,false,2010s,14.08827448,3.36,11.2,724.0,1201.82,297.4521311,41.5580816
Kepler-115 b,Kepler-115,kepler-115,Transit,transit,2014,2014,false,2010s,2.403679,1.09,1.32,1489.0,623.609,297.7119299,45.261985
Kepler-527 b,Kepler-527,kepler-527,Transit,transit,2016,2016,false,2010s,13.28535633,2.84,8.45,1157.0,750.04,290.957913,47.4062673
Kepler-1011 b,Kepler-1011,kepler-1011,Transit,transit,2016,2016,false,2010s,5.753221974,2.87,8.6,920.0,736.779,297.4015491,46.8239976
Kepler-1600 b,Kepler-1600,kepler-1600,Transit,transit,2016,2016,false,2010s,386.370548,3.13,9.96,209.0,1030.81,291.3993802,38.7877563
Kepler-49 c,Kepler-49,kepler-49,Transit,transit,2012,2012,false,2010s,10.91,2.444,8.38,443.0,311.222,292.2945208,40.5918123
Kepler-717 b,Kepler-717,kepler-717,Transit,transit,2016,2016,false,2010s,4.40840023,2.42,6.44,1139.0,2805.48,292.9655071,43.346345
Kepler-1566 b,Kepler-1566,kepler-1566,Transit,transit,2016,2016,false,2010s,0.539915238,0.79,0.418,1871.0,466.586,283.5875459,40.5749018
Kepler-1022 b,Kepler-1022,kepler-1022,Transit,transit,2016,2016,false,2010s,10.99469878,2.36,6.17,512.0,420.042,289.3520595,46.9736345
HD 75784 b,HD 75784,hd 75784,Radial Velocity,radial velocity,2014,2014,false,2010s,341.2,13.8,317.83,,85.4321,133.0992289,13.2330548
Kepler-1340 b,Kepler-1340,kepler-1340,Transit,transit,2016,2016,false,2010s,0.665026916,1.55,3.02,2174.0,981.779,296.2328099,42.4727965
Kepler-411 d,Kepler-411,kepler-411,Transit,transit,2018,2018,false,2010s,58.02035,3.319,15.2,410.0,153.676,287.6057027,49.5233937
Kepler-411 c,Kepler-411,kepler-411,Transit,transit,2016,2016,false,2010s,7.834435,4.421,26.4,838.0,153.676,287.6057027,49.5233937
Kepler-742 b,Kepler-742,kepler-742,Transit,transit,2016,2016,false,2010s,8.360868238,3.24,10.6,690.0,489.253,283.8659676,46.7896522
Kepler-936 b,Kepler-936,kepler-936,Transit,transit,2016,2016,false,2010s,10.56134221,1.45,2.7,867.0,823.399,293.5777958,46.7362953
K2-295 b,K2-295,k2-295,Transit,transit,2018,2018,false,2010s,4.024867,10.054473,106.47305,852.0,232.801,19.6101417,6.8167277
Kepler-748 b,Kepler-748,kepler-748,Transit,transit,2016,2016,false,2010s,7.40742793,2.52,6.9,938.0,1705.99,292.2628779,37.2369732
HATS-18 b,HATS-18,hats-18,Transit,transit,2016,2016,false,2010s,0.83784,14.896761,629.144485,2069.48,624.368,173.9574203,-29.1560639
Kepler-1349 b,Kepler-1349,kepler-1349,Transit,transit,2016,2016,false,2010s,2.12823928,0.7,0.271,1668.0,276.323,286.3385562,48.7442697
Kepler-1627 b,Kepler-1627,kepler-1627,Transit,transit,2016,2016,false,2010s,7.20283653,3.69,13.2,794.0,317.437,284.0566675,41.5767277
Kepler-1601 b,Kepler-1601,kepler-1601,Transit,transit,2016,2016,false,2010s,2.20921951,0.82,0.477,1507.0,644.456,285.5129496,38.079839
K2-133 e,K2-133,k2-133,Transit,transit,2019,2019,false,2010s,26.5841,1.73,3.64,296.0,75.1703,70.1493775,25.0098135
K2-308 b,K2-308,k2-308,Transit,transit,2019,2019,false,2010s,3.38628,9.916,70.6,1213.76,1314.53,78.3391194,16.4141986
DS Tuc A b,DS Tuc A,ds tuc a,Transit,transit,2019,2019,false,2010s,8.138268,5.7,413.179,850.0,44.0622,354.9154673,-69.196043
Kepler-283 c,Kepler-283,kepler-283,Transit,transit,2014,2014,false,2010s,92.743711,1.82,3.97,240.0,468.094,293.6137413,47.838938
Kepler-1086 b,Kepler-1086,kepler-1086,Transit,transit,2016,2016,false,2010s,18.78425728,2.44,6.53,433.0,466.084,295.251187,45.8429537
Kepler-25 c,Kepler-25,kepler-25,Transit,transit,2011,2011,false,2010s,12.7207,5.217,15.2,934.0,243.249,286.6383905,39.4879038
Kepler-1023 b,Kepler-1023,kepler-1023,Transit,transit,2016,2016,false,2010s,62.1387714,2.63,7.41,524.0,694.175,289.0297232,49.7697034
Kepler-1497 b,Kepler-1497,kepler-1497,Transit,transit,2016,2016,false,2010s,8.74199772,1.66,3.39,924.0,1122.0,296.196155,45.6343124
Kepler-981 b,Kepler-981,kepler-981,Transit,transit,2016,2016,false,2010s,4.469757736,2.31,5.95,1103.0,878.082,289.2489051,47.6501141
K2-111 b,K2-111,k2-111,Transit,transit,2017,2017,false,2010s,5.3518,1.82,5.58,1309.0,200.394,59.8903081,21.2985263
Kepler-436 c,Kepler-436,kepler-436,Transit,transit,2016,2016,false,2010s,16.79713874,2.33,6.04,503.0,588.867,301.7207775,44.4120856
Kepler-139 c,Kepler-139,kepler-139,Transit,transit,2014,2014,false,2010s,157.072878,3.38,13.0,350.0,391.038,282.3919451,43.8894167
K2-173 b,K2-173,k2-173,Transit,transit,2018,2018,false,2010s,5.868699,1.60826194,3.22,,228.641,60.3752402,15.6251296
WASP-181 b,WASP-181,wasp-181,Transit,transit,2019,2019,false,2010s,4.5195064,13.271456,95.03117,1186.0,437.495,26.7932253,3.1329325
Kepler-583 b,Kepler-583,kepler-583,Transit,transit,2016,2016,false,2010s,6.5100253,2.28,5.82,1017.0,867.271,282.1113206,42.3545514
Kepler-987 b,Kepler-987,kepler-987,Transit,transit,2016,2016,false,2010s,105.3033148,3.26,10.7,351.0,914.126,289.4110582,46.1308443
Kepler-1201 b,Kepler-1201,kepler-1201,Transit,transit,2016,2016,false,2010s,15.18725932,2.29,5.86,789.0,944.241,294.6147908,40.8331158
Kepler-1540 b,Kepler-1540,kepler-1540,Transit,transit,2016,2016,false,2010s,125.4131177,2.49,6.76,266.0,244.96,283.3445555,41.2017544
HAT-P-70 b,HAT-P-70,hat-p-70,Transit,transit,2019,2019,false,2010s,2.74432452,20.96083,2154.8874,2562.0,330.739,74.5523332,9.9979794
Kepler-176 c,Kepler-176,kepler-176,Transit,transit,2014,2014,false,2010s,12.759712,2.6,1.33,633.0,527.321,294.6679021,43.8532104
Kepler-1568 b,Kepler-1568,kepler-1568,Transit,transit,2016,2016,false,2010s,20.925392,1.3,2.24,729.0,916.313,289.1826808,47.8733301
HATS-58 A b,HATS-58 A,hats-58 a,Transit,transit,2019,2019,false,2010s,4.2180896,12.273855,327.3649,1721.0,403.591,186.7873036,-48.9784105
WASP-169 b,WASP-169,wasp-169,Transit,transit,2019,2019,false,2010s,5.6114118,14.616536,178.30263,1604.0,627.066,127.3872297,-12.9447683
K2-147 b,K2-147,k2-147,Transit,transit,2018,2018,false,2010s,0.961939,1.47286006,2.77,1077.0,90.5494,293.8330329,-28.498475
Kepler-247 d,Kepler-247,kepler-247,Transit,transit,2014,2014,false,2010s,20.477912,3.94,14.7,530.0,663.711,288.6425609,43.0393769
Kepler-1552 b,Kepler-1552,kepler-1552,Transit,transit,2016,2016,false,2010s,184.771853,2.47,6.66,268.0,769.096,291.6768669,38.8749152
K2-268 b,K2-268,k2-268,Transit,transit,2018,2018,false,2010s,2.151676,1.5,2.86,1136.0,327.783,133.7094899,11.8482712
LkCa 15 c,LkCa 15,lkca 15,Imaging,imaging,2015,2015,false,2010s,,,,,158.152,69.8241791,22.3508662
Kepler-1542 c,Kepler-1542,kepler-1542,Transit,transit,2016,2016,false,2010s,2.89223021,0.65,0.208,1287.0,399.114,285.7284757,42.6544651
HD 30856 b,HD 30856,hd 30856,Radial Velocity,radial velocity,2011,2011,false,2010s,847.0,13.5,491.68301,,131.199,72.5745099,-24.3689282
Kepler-173 c,Kepler-173,kepler-173,Transit,transit,2014,2014,false,2010s,8.005777,2.43,6.48,956.0,833.165,294.6466171,41.8840952
TOI-163 b,TOI-163,toi-163,Transit,transit,2019,2019,false,2010s,4.231306,16.690201,387.7526,1669.0,411.719,79.7682532,-71.8955269
Kepler-1445 b,Kepler-1445,kepler-1445,Transit,transit,2016,2016,false,2010s,10.60052251,0.96,0.84,987.0,506.357,280.2495197,43.9150665
Kepler-1095 b,Kepler-1095,kepler-1095,Transit,transit,2016,2016,false,2010s,4.27103091,1.21,1.92,1108.0,792.522,293.2624215,41.3650155
Kepler-1123 b,Kepler-1123,kepler-1123,Transit,transit,2016,2016,false,2010s,4.33946454,1.67,3.43,1061.0,704.323,294.5177291,50.6703927
NGTS-8 b,NGTS-8,ngts-8,Transit,transit,2019,2019,false,2010s,2.4997,12.21781,295.5819,1345.0,428.976,328.9759206,-14.0684399
Kepler-1371 c,Kepler-1371,kepler-1371,Transit,transit,2016,2016,false,2010s,2.00541269,0.64,0.196,1216.0,515.334,288.8314251,47.5519753
Kepler-538 b,Kepler-538,kepler-538,Transit,transit,2016,2016,false,2010s,81.73778,2.215,12.9,417.0,155.956,297.4865503,49.6233975
Kepler-331 c,Kepler-331,kepler-331,Transit,transit,2014,2014,false,2010s,17.28111,1.84,4.04,425.0,580.119,291.8343455,39.3073462
Kepler-543 b,Kepler-543,kepler-543,Transit,transit,2016,2016,false,2010s,13.89961966,2.5,6.8,521.0,221.802,287.2187273,38.8625366
Kepler-1105 b,Kepler-1105,kepler-1105,Transit,transit,2016,2016,false,2010s,4.421572182,2.01,4.7,729.0,318.004,281.1117588,42.4549698
Kepler-1311 b,Kepler-1311,kepler-1311,Transit,transit,2016,2016,false,2010s,11.1726994,1.24,2.07,1019.0,866.331,289.6512597,43.8244445
K2-58 c,K2-58,k2-58,Transit,transit,2016,2016,false,2010s,2.53726,1.62,3.26,,181.746,333.8218395,-14.049857
Kepler-1449 b,Kepler-1449,kepler-1449,Transit,transit,2016,2016,false,2010s,13.2274528,1.68,3.46,867.0,2006.48,288.2317293,50.5678345
Kepler-389 c,Kepler-389,kepler-389,Transit,transit,2014,2014,false,2010s,14.51143,1.46,2.73,636.0,816.559,291.9600082,44.9000587
Kepler-147 c,Kepler-147,kepler-147,Transit,transit,2014,2014,false,2010s,33.416423,2.43,6.48,689.0,1042.02,287.9757213,39.087168
GJ 1265 b,GJ 1265,gj 1265,Radial Velocity,radial velocity,2018,2018,false,2010s,3.6511,2.63,7.4,,10.2525,333.4324675,-17.6870623
Kepler-604 b,Kepler-604,kepler-604,Transit,transit,2016,2016,false,2010s,25.85501786,2.59,7.22,637.0,1026.49,292.3159795,42.6262429
K2-12 b,K2-12,k2-12,Transit,transit,2015,2015,false,2010s,8.28246,2.44,5.2,1026.0,326.381,173.1919022,2.2446794
Kepler-92 c,Kepler-92,kepler-92,Transit,transit,2013,2013,false,2010s,26.723,2.6,6.1,781.0,477.992,289.0860607,41.5630224
Kepler-1635 b,Kepler-1635,kepler-1635,Transit,transit,2016,2016,false,2010s,469.63111,3.64,12.9,200.0,1069.45,285.3490542,45.5561768
Kepler-667 b,Kepler-667,kepler-667,Transit,transit,2016,2016,false,2010s,41.43962808,4.73,20.1,516.0,2302.45,295.5549918,49.0172956
K2-158 c,K2-158,k2-158,Transit,transit,2018,2018,false,2010s,5.90279,1.28,2.18,948.0,197.299,179.9397081,-5.7216879
EPIC 220674823 b,EPIC 220674823,epic 220674823,Transit,transit,2016,2016,false,2010s,0.5713127,1.676,7.8,2299.0,244.59,13.0800239,10.7947051
Kepler-167 b,Kepler-167,kepler-167,Transit,transit,2014,2014,false,2010s,4.3931539,1.718,3.6,918.0,341.908,292.6585253,38.3455558
Kepler-127 c,Kepler-127,kepler-127,Transit,transit,2014,2014,false,2010s,29.393195,2.66,7.56,698.0,352.794,285.1899439,46.0280596
Kepler-111 c,Kepler-111,kepler-111,Transit,transit,2014,2014,false,2010s,224.77833,7.0840758,222.4798849,352.2,657.223,291.653163,44.6882613
Kepler-890 b,Kepler-890,kepler-890,Transit,transit,2016,2016,false,2010s,52.75875577,8.89,58.6,540.0,1712.12,288.435718,43.7634712
GJ 357 d,GJ 357,gj 357,Radial Velocity,radial velocity,2019,2019,false,2010s,55.661,2.34,6.1,219.6,9.44181,144.0074644,-21.6650634
Kepler-175 b,Kepler-175,kepler-175,Transit,transit,2014,2014,false,2010s,11.903515,2.56,7.08,827.0,1312.34,289.553232,43.876116
WASP-175 b,WASP-175,wasp-175,Transit,transit,2019,2019,false,2010s,3.0652907,13.540472,314.6517,1571.0,539.36,166.3187996,-34.1227453
WASP-182 b,WASP-182,wasp-182,Transit,transit,2019,2019,false,2010s,3.3769848,9.52765,47.03884,1479.0,327.602,311.673345,-41.8209828
Kepler-374 c,Kepler-374,kepler-374,Transit,transit,2014,2014,false,2010s,3.282807,1.1,1.37,1467.0,1265.61,294.1378921,42.3704075
K2-43 b,K2-43,k2-43,Transit,transit,2016,2016,false,2010s,3.471149,4.51,18.5,939.3,182.536,169.117028,-3.9754405
Kepler-557 b,Kepler-557,kepler-557,Transit,transit,2016,2016,false,2010s,3.705989551,2.67,7.61,1281.0,2097.12,293.7084179,41.6151084
Kepler-186 e,Kepler-186,kepler-186,Transit,transit,2014,2014,false,2010s,22.407704,1.27,2.15,319.0,177.594,298.652736,43.9549884
Kepler-747 b,Kepler-747,kepler-747,Transit,transit,2016,2016,false,2010s,35.61760587,5.27,24.1,456.0,3347.16,288.4165196,41.0298175
Kepler-1044 b,Kepler-1044,kepler-1044,Transit,transit,2016,2016,false,2010s,6.77408868,2.67,7.61,1058.0,1278.96,293.1444017,46.6662155
Kepler-316 b,Kepler-316,kepler-316,Transit,transit,2014,2014,false,2010s,2.240508,1.06,1.2,837.0,384.938,290.825835,44.1838993
Kepler-1585 b,Kepler-1585,kepler-1585,Transit,transit,2016,2016,false,2010s,3.5827463,1.79,3.86,1064.0,944.465,296.1589897,44.5630457
Kepler-116 b,Kepler-116,kepler-116,Transit,transit,2014,2014,false,2010s,5.968734,3.42,11.6,1251.0,955.168,294.7420605,43.5367842
HD 12648 b,HD 12648,hd 12648,Radial Velocity,radial velocity,2015,2015,false,2010s,133.60001,13.4,622.9468,,182.192,34.7480718,85.7365329
Kepler-1301 b,Kepler-1301,kepler-1301,Transit,transit,2016,2016,false,2010s,9.08237046,1.4,2.54,734.0,854.28,286.6041816,42.4403309
NGTS-9 b,NGTS-9,ngts-9,Transit,transit,2019,2019,false,2010s,4.43527,11.99363,921.707,1448.0,609.128,141.9206435,-19.3476477
Qatar-6 b,Qatar-6,qatar-6,Transit,transit,2017,2017,false,2010s,3.506195,11.903958,212.31044,1006.0,100.848,222.2100773,22.1526136
HD 213885 b,HD 213885,hd 213885,Transit,transit,2019,2019,false,2010s,1.008035,1.745,8.83,2128.0,48.0883,338.9837166,-59.864829
Kepler-1103 b,Kepler-1103,kepler-1103,Transit,transit,2016,2016,false,2010s,19.79191978,2.27,5.77,736.0,1331.92,287.3821348,49.4524247
CoRoT-10 b,CoRoT-10,corot-10,Transit,transit,2010,2010,false,2010s,13.2406,10.87,874.0,600.0,338.386,291.0636813,0.7460143
Kepler-184 b,Kepler-184,kepler-184,Transit,transit,2014,2014,false,2010s,10.687576,2.36,6.17,780.0,610.326,291.9518784,43.0746172
GJ 3512 b,GJ 3512,gj 3512,Radial Velocity,radial velocity,2019,2019,false,2010s,203.109,14.3,146.51889563,,9.48637,130.3316616,59.4918364
Kepler-1112 b,Kepler-1112,kepler-1112,Transit,transit,2016,2016,false,2010s,14.36267939,3.02,9.38,918.0,1671.28,296.9687937,47.7514799
Kepler-345 c,Kepler-345,kepler-345,Transit,transit,2014,2014,false,2010s,9.387427,1.2,2.2,575.0,260.0,295.2288521,45.9710432
Kepler-993 b,Kepler-993,kepler-993,Transit,transit,2016,2016,false,2010s,22.08557563,2.97,9.11,352.0,324.423,292.6141076,44.3946644
Kepler-261 c,Kepler-261,kepler-261,Transit,transit,2014,2014,false,2010s,24.570858,2.0,4.66,505.0,317.499,291.3647333,37.609239
Kepler-1560 b,Kepler-1560,kepler-1560,Transit,transit,2016,2016,false,2010s,3.03195744,0.89,0.64,1269.0,502.497,292.7846013,43.21601
HD 213885 c,HD 213885,hd 213885,Radial Velocity,radial velocity,2019,2019,false,2010s,4.78503,4.71,19.95,1265.4,48.0883,338.9837166,-59.864829
WASP-126 b,WASP-126,wasp-126,Transit,transit,2016,2016,false,2010s,3.28883,10.51358773,90.3,1480.0,216.526,63.374706,-69.2265926
XO-7 b,XO-7,xo-7,Transit,transit,2019,2019,false,2010s,2.8641424,15.389957,225.34147,1743.0,234.149,277.4780753,85.2333208
Kepler-233 c,Kepler-233,kepler-233,Transit,transit,2014,2014,false,2010s,60.418955,2.71,7.8,390.0,856.417,296.3665054,51.3194548
Kepler-218 d,Kepler-218,kepler-218,Transit,transit,2016,2016,false,2010s,124.5244647,2.66,7.56,356.0,656.38,295.4128785,46.2665801
TOI-125 b,TOI-125,toi-125,Transit,transit,2019,2019,false,2010s,4.65382,2.726,9.5,1037.0,111.059,23.5934253,-66.6763495
Kepler-1360 b,Kepler-1360,kepler-1360,Transit,transit,2016,2016,false,2010s,40.5286413,3.4,11.5,933.0,1516.27,300.3440482,45.6231826
EPIC 220554210 c,K2-282,k2-282,Transit,transit,2019,2019,false,2010s,0.70531,1.6,3.19,,496.289,13.4321524,7.9952914
Kepler-270 b,Kepler-270,kepler-270,Transit,transit,2014,2014,false,2010s,11.476094,2.01,4.7,984.0,948.781,282.2001207,44.4222795
Kepler-215 d,Kepler-215,kepler-215,Transit,transit,2014,2014,false,2010s,30.864423,2.39,23.6,527.0,485.997,294.9735313,45.2136867
Kepler-48 b,Kepler-48,kepler-48,Transit,transit,2012,2012,false,2010s,4.778,1.88,3.94,932.0,306.738,299.1393094,40.948939
Kepler-1380 b,Kepler-1380,kepler-1380,Transit,transit,2016,2016,false,2010s,10.3108245,1.43,2.63,786.0,2462.94,288.1160421,42.4403832
Kepler-693 b,Kepler-693,kepler-693,Transit,transit,2016,2016,false,2010s,15.37563332,10.18,73.8,600.0,1151.51,283.253527,40.3582155
K2-54 b,K2-54,k2-54,Transit,transit,2016,2016,false,2010s,9.7833,2.6116925,7.33,560.0,174.955,338.0541631,-17.5440636
Kepler-1416 b,Kepler-1416,kepler-1416,Transit,transit,2016,2016,false,2010s,1.49514952,0.88,0.615,1870.0,949.59,298.6634624,43.8940593
Kepler-292 e,Kepler-292,kepler-292,Transit,transit,2014,2014,false,2010s,11.97901,2.67,7.61,678.0,1056.48,295.7661979,42.4242822
Kepler-653 b,Kepler-653,kepler-653,Transit,transit,2016,2016,false,2010s,14.70748976,1.95,4.46,819.0,595.634,282.2130447,46.7177898
K2-268 c,K2-268,k2-268,Transit,transit,2018,2018,false,2010s,9.327527,2.69,7.7,696.0,327.783,133.7094899,11.8482712
Kepler-1485 b,Kepler-1485,kepler-1485,Transit,transit,2016,2016,false,2010s,19.9157725,1.47,2.76,728.0,615.66,298.0954404,44.7370612
Kepler-1134 b,Kepler-1134,kepler-1134,Transit,transit,2016,2016,false,2010s,17.13263989,2.64,7.46,611.0,944.445,295.5678578,42.4781064
Kepler-416 c,Kepler-416,kepler-416,Transit Timing Variations,transit timing variations,2014,2014,false,2010s,12.209,2.352,6.13,791.0,690.819,291.5569554,39.2272923
Kepler-769 c,Kepler-769,kepler-769,Transit,transit,2016,2016,false,2010s,15.9870174,1.79,3.86,803.0,1169.57,292.7130925,38.3581685
Kepler-1466 b,Kepler-1466,kepler-1466,Transit,transit,2016,2016,false,2010s,31.1750448,1.55,3.02,585.0,631.949,289.8312418,44.6098415
K2-124 b,K2-124,k2-124,Transit,transit,2017,2017,false,2010s,6.413651,2.9,8.75,442.0,140.385,133.6410515,23.1329509
Kepler-322 b,Kepler-322,kepler-322,Transit,transit,2014,2014,false,2010s,1.653888,1.01,1.01,1373.0,400.48,281.3487514,44.2952525
Kepler-1317 b,Kepler-1317,kepler-1317,Transit,transit,2016,2016,false,2010s,0.568874427,1.56,3.05,1796.0,728.303,291.6118842,42.1159787
Kepler-740 b,Kepler-740,kepler-740,Transit,transit,2016,2016,false,2010s,3.584101216,4.57,18.9,1131.0,1442.02,286.4822566,46.692456
EPIC 201754305 d,K2-16,k2-16,Transit,transit,2019,2019,false,2010s,2.71578,1.03,1.08,,334.967,175.0972238,4.5574311
Kepler-567 b,Kepler-567,kepler-567,Transit,transit,2016,2016,false,2010s,16.54297375,2.25,5.69,611.0,558.81,297.6726072,48.3023458
Kepler-888 b,Kepler-888,kepler-888,Transit,transit,2016,2016,false,2010s,70.6979061,1.76,3.75,417.0,420.817,295.5212866,49.7386804
Kepler-648 b,Kepler-648,kepler-648,Transit,transit,2016,2016,false,2010s,17.4211749,3.22,10.5,674.0,636.03,283.8996207,45.0169137
HIP 12961 b,HIP 12961,hip 12961,Radial Velocity,radial velocity,2010,2010,false,2010s,57.435,13.2,114.4188,,23.371,41.6800749,-23.0860048
Kepler-95 b,Kepler-95,kepler-95,Transit,transit,2014,2014,false,2010s,11.5231,3.42,13.0,927.0,445.656,284.4824281,44.397891
Kepler-1308 b,Kepler-1308,kepler-1308,Transit,transit,2016,2016,false,2010s,2.104338119,0.52,0.0933,662.0,112.705,285.9287514,38.5207097
Kepler-404 c,Kepler-404,kepler-404,Transit,transit,2014,2014,false,2010s,14.751166,1.72,3.61,678.0,812.524,286.3985796,45.3435241
Kepler-1400 b,Kepler-1400,kepler-1400,Transit,transit,2016,2016,false,2010s,9.06689421,1.62,3.26,725.0,752.237,286.2716827,45.4408055
Kepler-326 d,Kepler-326,kepler-326,Transit,transit,2014,2014,false,2010s,6.766888,1.21,6.9,781.0,487.675,294.3255898,46.0022646
Kepler-1514 b,Kepler-1514,kepler-1514,Transit,transit,2016,2016,false,2010s,217.83184,12.419572,1678.1424,387.9,397.292,292.6274943,37.8601653
Kepler-129 c,Kepler-129,kepler-129,Transit,transit,2014,2014,false,2010s,82.2,2.52,43.0,525.0,408.845,285.3111845,47.8484775
Kepler-512 b,Kepler-512,kepler-512,Transit,transit,2016,2016,false,2010s,34.43587975,2.69,7.7,652.0,467.375,298.2689217,48.9167391
HD 72490 b,HD 72490,hd 72490,Radial Velocity,radial velocity,2018,2018,false,2010s,858.0,13.5,561.92344,,126.339,128.4028287,13.5507189
Kepler-1459 b,Kepler-1459,kepler-1459,Transit,transit,2016,2016,false,2010s,62.8691611,1.36,2.42,349.0,455.479,282.4229401,46.0139761
KOI-351 f,KOI-351,koi-351,Transit,transit,2013,2013,false,2010s,124.9144,2.88,8.65,407.0,848.254,284.4334642,49.3051239
Kepler-1615 b,Kepler-1615,kepler-1615,Transit,transit,2016,2016,false,2010s,47.3126192,2.06,4.9,658.0,1393.83,286.3592066,42.2273971
Kepler-880 b,Kepler-880,kepler-880,Transit,transit,2016,2016,false,2010s,7.71468975,2.66,7.56,1622.0,601.324,281.9712347,43.6727839
Kepler-351 d,Kepler-351,kepler-351,Transit,transit,2016,2016,false,2010s,142.544247,2.72,7.85,318.0,1083.91,286.4527949,42.6577891
Kepler-324 b,Kepler-324,kepler-324,Transit,transit,2014,2014,false,2010s,4.385315,1.14,2414.4,935.0,501.574,286.4714473,49.6490933
Kepler-570 b,Kepler-570,kepler-570,Transit,transit,2016,2016,false,2010s,4.301662003,2.45,6.57,1009.0,568.148,290.4376111,48.7918597
Kepler-1396 b,Kepler-1396,kepler-1396,Transit,transit,2016,2016,false,2010s,18.2206421,2.07,4.94,786.0,1066.46,294.3363936,44.9182296
Kepler-640 b,Kepler-640,kepler-640,Transit,transit,2016,2016,false,2010s,22.24813967,2.56,7.08,609.0,557.787,296.0322,42.1317392
Kepler-893 b,Kepler-893,kepler-893,Transit,transit,2016,2016,false,2010s,6.33855761,3.03,9.43,1034.0,1285.59,284.9630591,43.9130282
K2-138 d,K2-138,k2-138,Transit,transit,2017,2017,false,2010s,5.40479,2.39,7.92,888.0,202.585,348.9490311,-10.8497391
HD 103949 b,HD 103949,hd 103949,Radial Velocity,radial velocity,2019,2019,false,2010s,120.878,3.35,11.2,,26.4997,179.5479558,-23.9241221
Kepler-722 c,Kepler-722,kepler-722,Transit,transit,2016,2016,false,2010s,105.144749,2.82,8.35,401.0,1239.5,290.2632874,44.5564051
K2-138 e,K2-138,k2-138,Transit,transit,2017,2017,false,2010s,8.26146,3.39,12.97,757.0,202.585,348.9490311,-10.8497391
K2-138 f,K2-138,k2-138,Transit,transit,2017,2017,false,2010s,12.75758,2.904,1.63,653.0,202.585,348.9490311,-10.8497391
Kepler-170 b,Kepler-170,kepler-170,Transit,transit,2014,2014,false,2010s,7.930592,3.2,82.6,899.0,738.657,284.5211975,41.6296562
Kepler-1542 e,Kepler-1542,kepler-1542,Transit,transit,2016,2016,false,2010s,5.10115756,0.76,0.363,1065.0,399.114,285.7284757,42.6544651
Kepler-789 b,Kepler-789,kepler-789,Transit,transit,2016,2016,false,2010s,8.63847725,2.12,5.14,1419.0,1480.16,295.9751549,38.9466396
Kepler-328 c,Kepler-328,kepler-328,Transit,transit,2013,2013,false,2010s,71.312,5.4,39.4,475.0,2213.19,295.8092756,40.0084866
K2-32 d,K2-32,k2-32,Transit,transit,2016,2016,false,2010s,31.71701,3.484,6.7,550.0,157.682,252.426008,-19.5430504
K2-32 b,K2-32,k2-32,Transit,transit,2016,2016,false,2010s,8.992,5.299,15.0,837.0,157.682,252.426008,-19.5430504
Kepler-299 b,Kepler-299,kepler-299,Transit,transit,2014,2014,false,2010s,2.927128,1.32,2.3,1258.0,1052.24,283.2070156,48.5805222
K2-154 c,K2-154,k2-154,Transit,transit,2018,2018,false,2010s,7.95486,2.07,4.94,552.0,129.356,189.0015173,-2.6696217
K2-32 c,K2-32,k2-32,Transit,transit,2016,2016,false,2010s,20.66093,3.134,8.1,634.0,157.682,252.426008,-19.5430504
K2-100 b,K2-100,k2-100,Transit,transit,2016,2016,false,2010s,1.6739035,3.88,21.8,1841.0,188.959,129.6010863,20.1060074
HIP 71135 b,HIP 71135,hip 71135,Radial Velocity,radial velocity,2019,2019,false,2010s,87.19,4.55,18.8,,32.3311,218.2158073,-52.6464757
Kepler-55 f,Kepler-55,kepler-55,Transit,transit,2014,2014,false,2010s,10.198545,1.59,3.15,559.0,578.796,285.1683291,44.0264898
Kepler-804 c,Kepler-804,kepler-804,Transit,transit,2016,2016,false,2010s,9.65185017,1.14,1.55,890.0,649.65,293.3722109,44.7851812
GJ 15 A b,GJ 15 A,gj 15 a,Radial Velocity,radial velocity,2014,2014,false,2010s,11.4407,1.55,3.03,550.0,3.56228,4.6126677,44.0247296
Kepler-135 c,Kepler-135,kepler-135,Transit,transit,2014,2014,false,2010s,11.448708,1.16,1.65,975.0,621.855,290.4950939,38.7954956
Kepler-959 b,Kepler-959,kepler-959,Transit,transit,2016,2016,false,2010s,14.80074836,4.38,17.6,1912.0,807.729,292.171185,40.8113849
Kepler-1304 b,Kepler-1304,kepler-1304,Transit,transit,2016,2016,false,2010s,16.1288853,2.29,5.86,715.0,2176.08,285.2763652,39.4468274
PH2 b,PH2,ph2,Transit,transit,2013,2013,false,2010s,282.52542,9.33708092,87.08498352,295.1,343.863,289.7636212,51.962683
Kepler-1043 b,Kepler-1043,kepler-1043,Transit,transit,2016,2016,false,2010s,38.5053398,2.55,7.04,532.0,903.332,281.6629579,47.5685927
Kepler-156 c,Kepler-156,kepler-156,Transit,transit,2014,2014,false,2010s,15.906801,2.55,7.04,588.0,443.483,290.2964214,37.7494271
Kepler-168 b,Kepler-168,kepler-168,Transit,transit,2014,2014,false,2010s,4.425391,1.46,2.73,1240.0,1343.6,294.7101832,39.8250437
Kepler-1310 b,Kepler-1310,kepler-1310,Transit,transit,2016,2016,false,2010s,0.679336272,1.44,2.67,1883.0,569.185,283.9200236,40.7400419
Kepler-1404 b,Kepler-1404,kepler-1404,Transit,transit,2016,2016,false,2010s,15.9314739,2.01,4.7,596.0,962.183,296.0094827,50.4983929
Kepler-902 b,Kepler-902,kepler-902,Transit,transit,2016,2016,false,2010s,40.1099547,2.54,6.99,556.0,1165.34,289.7317067,46.953875
Kepler-894 b,Kepler-894,kepler-894,Transit,transit,2016,2016,false,2010s,9.803224,2.78,8.15,896.0,1162.91,288.7340513,46.939363
Kepler-213 c,Kepler-213,kepler-213,Transit,transit,2014,2014,false,2010s,4.822962,2.34,6.08,1060.0,634.939,290.8241931,44.6472832
Kepler-1561 b,Kepler-1561,kepler-1561,Transit,transit,2016,2016,false,2010s,1.005207007,1.09,1.32,1682.0,839.076,296.9235822,43.5664628
Kepler-1338 b,Kepler-1338,kepler-1338,Transit,transit,2016,2016,false,2010s,0.935118057,0.92,0.721,2124.0,753.26,284.0422701,41.6990348
Kepler-53 d,Kepler-53,kepler-53,Transit,transit,2014,2014,false,2010s,9.751962,2.12,37.1907,870.0,1366.07,290.4617926,40.5624966
Kepler-542 b,Kepler-542,kepler-542,Transit,transit,2016,2016,false,2010s,13.14497566,1.57,3.09,698.0,436.016,292.2149697,38.5485469
Kepler-394 c,Kepler-394,kepler-394,Transit,transit,2014,2014,false,2010s,12.130686,1.66,3.39,901.0,1058.72,296.3019792,50.6723115
Kepler-1640 b,Kepler-1640,kepler-1640,Transit,transit,2016,2016,false,2010s,7.5844126,4.82,20.7,1228.0,1859.78,294.5577857,40.8504949
Kepler-1423 b,Kepler-1423,kepler-1423,Transit,transit,2016,2016,false,2010s,23.955378,1.06,1.2,741.0,449.0,288.2437481,41.1100655
HAT-P-43 b,HAT-P-43,hat-p-43,Transit,transit,2012,2012,false,2010s,3.3326414,13.63,210.395,1353.0,528.825,128.9256885,10.2065866
Kepler-1512 b,Kepler-1512,kepler-1512,Transit,transit,2016,2016,false,2010s,20.35972599,1.18,1.76,322.0,162.0,289.2744976,44.4704056
Kepler-825 b,Kepler-825,kepler-825,Transit,transit,2016,2016,false,2010s,3.77360059,1.53,2.96,1270.0,807.85,294.769825,39.3984081
Kepler-245 c,Kepler-245,kepler-245,Transit,transit,2014,2014,false,2010s,17.460812,2.18,26.7,568.0,861.527,291.6389972,42.4363482
Kepler-1233 b,Kepler-1233,kepler-1233,Transit,transit,2016,2016,false,2010s,45.1263042,2.6,7.27,604.0,1178.7,297.3750954,46.6622201
Kepler-1398 b,Kepler-1398,kepler-1398,Transit,transit,2016,2016,false,2010s,2.78815679,0.9,0.666,1510.0,852.204,294.8661073,48.6389923
K2-19 d,K2-19,k2-19,Transit,transit,2016,2016,false,2010s,2.5081,1.11,10.0,1142.0,289.827,174.9602543,0.603596
USco1621 b,USco1621 A,usco1621 a,Imaging,imaging,2019,2019,false,2010s,,12.2,5085.28,2270.0,137.901,245.3730855,-25.4954265
Kepler-607 b,Kepler-607,kepler-607,Transit,transit,2016,2016,false,2010s,0.638163204,0.87,0.59,1874.0,519.122,291.0571451,44.632306
TRAPPIST-1 f,TRAPPIST-1,trappist-1,Transit,transit,2017,2017,false,2010s,9.20754,1.045,1.039,217.7,12.42988881,346.6263919,-5.0434618
TRAPPIST-1 e,TRAPPIST-1,trappist-1,Transit,transit,2017,2017,false,2010s,6.101013,0.92,0.692,249.7,12.42988881,346.6263919,-5.0434618
TRAPPIST-1 g,TRAPPIST-1,trappist-1,Transit,transit,2017,2017,false,2010s,12.352446,1.129,1.321,197.3,12.42988881,346.6263919,-5.0434618
Kepler-1019 b,Kepler-1019,kepler-1019,Transit,transit,2016,2016,false,2010s,1.411229847,1.46,2.73,1164.0,194.182,283.7175909,47.2043818
Kepler-97 b,Kepler-97,kepler-97,Transit,transit,2014,2014,false,2010s,2.58664,1.48,3.51,1328.0,400.907,287.3265292,48.6733443
Kepler-1230 b,Kepler-1230,kepler-1230,Transit,transit,2016,2016,false,2010s,9.95661537,2.71,7.8,946.0,1364.22,283.2645129,41.7114526
Kepler-300 b,Kepler-300,kepler-300,Transit,transit,2014,2014,false,2010s,10.446347,1.67,3.43,812.0,1098.45,295.2886934,48.5997243
K2-75 c,K2-75,k2-75,Transit,transit,2016,2016,false,2010s,18.311,2.77,8.1,,561.93,338.844896,-7.469895
K2-275 b,K2-275,k2-275,Transit,transit,2018,2018,false,2010s,3.2809626,2.34,6.08,1166.0,123.438,132.1698795,20.4550162
Kepler-1024 b,Kepler-1024,kepler-1024,Transit,transit,2016,2016,false,2010s,66.4162133,3.91,14.5,376.0,1087.4,291.9510277,38.2516419
Kepler-1559 b,Kepler-1559,kepler-1559,Transit,transit,2016,2016,false,2010s,0.971915428,0.72,0.299,1609.0,614.827,292.2866565,42.0725948
Kepler-155 c,Kepler-155,kepler-155,Transit,transit,2014,2014,false,2010s,52.661793,2.24,5.65,286.0,293.499,288.4957831,51.0819286
Kepler-307 b,Kepler-307,kepler-307,Transit,transit,2013,2013,false,2010s,10.4208,2.43,7.44,797.0,575.581,297.7950939,40.4176403
Kepler-755 c,Kepler-755,kepler-755,Transit,transit,2016,2016,false,2010s,2.853133644,1.26,2.13,1016.0,399.034,296.8609348,41.0973178
Kepler-1637 b,Kepler-1637,kepler-1637,Transit,transit,2016,2016,false,2010s,6.10960324,0.89,0.64,1093.0,567.187,282.2368006,48.1542016
Kepler-708 b,Kepler-708,kepler-708,Transit,transit,2016,2016,false,2010s,3.167891938,2.93,8.91,1221.0,1394.22,293.8164588,42.2125159
HD 10180 c,HD 10180,hd 10180,Radial Velocity,radial velocity,2010,2010,false,2010s,5.75969,,2741.58783878,,38.9607,24.4731133,-60.5114881
K2-19 c,K2-19,k2-19,Transit,transit,2015,2015,false,2010s,11.8993,4.1,10.8,679.0,289.827,174.9602543,0.603596
Kepler-836 b,Kepler-836,kepler-836,Transit,transit,2016,2016,false,2010s,11.36112327,2.73,7.9,869.0,980.035,287.4527659,45.7043964
Kepler-178 b,Kepler-178,kepler-178,Transit,transit,2014,2014,false,2010s,9.576694,2.9,8.75,846.0,716.025,287.1010275,46.8964033
Kepler-1348 b,Kepler-1348,kepler-1348,Transit,transit,2016,2016,false,2010s,27.5722742,1.94,4.42,636.0,1213.82,292.0874126,49.788709
Kepler-984 b,Kepler-984,kepler-984,Transit,transit,2016,2016,false,2010s,43.0342272,2.12,5.14,484.0,460.188,296.9588566,46.3940661
TRAPPIST-1 h,TRAPPIST-1,trappist-1,Transit,transit,2017,2017,false,2010s,18.772866,0.755,0.326,171.7,12.42988881,346.6263919,-5.0434618
Kepler-907 b,Kepler-907,kepler-907,Transit,transit,2016,2016,false,2010s,15.86621821,1.2,1.87,879.0,352.0,285.4764959,41.6326615
Kepler-823 b,Kepler-823,kepler-823,Transit,transit,2016,2016,false,2010s,4.16809082,1.57,3.09,1277.0,1389.27,284.5825682,39.2201737
K2-153 b,K2-153,k2-153,Transit,transit,2018,2018,false,2010s,7.51574,2.0,4.66,497.0,143.125,183.8088709,2.0208765
Kepler-1082 b,Kepler-1082,kepler-1082,Transit,transit,2016,2016,false,2010s,1.543206604,1.12,1.46,1827.0,739.557,289.3586737,50.5984489
Kepler-334 b,Kepler-334,kepler-334,Transit,transit,2014,2014,false,2010s,5.470319,1.12,1.46,1090.0,426.59,287.1406177,47.1151153
Kepler-1196 b,Kepler-1196,kepler-1196,Transit,transit,2016,2016,false,2010s,66.1849031,2.23,5.6,436.0,922.333,292.369585,43.9108663
Kepler-333 b,Kepler-333,kepler-333,Transit,transit,2014,2014,false,2010s,12.551158,1.32,28.2,480.0,324.413,292.2861201,40.9135429
Kepler-562 b,Kepler-562,kepler-562,Transit,transit,2016,2016,false,2010s,18.009314436,5.21,23.7,658.0,992.769,290.1196007,46.2737393
Kepler-1158 b,Kepler-1158,kepler-1158,Transit,transit,2016,2016,false,2010s,13.5396293,2.34,6.08,1079.0,1484.25,292.2339048,41.5751832
Kepler-311 b,Kepler-311,kepler-311,Transit,transit,2014,2014,false,2010s,9.176092,1.7,3.53,960.0,778.654,282.0612731,47.0854984
Kepler-57 b,Kepler-57,kepler-57,Transit,transit,2012,2012,false,2010s,5.72,3.135,25.06,850.0,644.14,293.6413146,44.6570692
Kepler-461 b,Kepler-461,kepler-461,Transit,transit,2016,2016,false,2010s,8.313783059,2.58,7.18,886.0,692.158,292.2490563,46.1647909
HD 24085 b,HD 24085,hd 24085,Radial Velocity,radial velocity,2019,2019,false,2010s,2.0455,3.46,11.8,,54.9004,56.2563447,-70.0245193
Kepler-1184 b,Kepler-1184,kepler-1184,Transit,transit,2016,2016,false,2010s,53.5991044,2.68,7.65,529.0,1157.84,291.282031,46.9659514
Kepler-1018 b,Kepler-1018,kepler-1018,Transit,transit,2016,2016,false,2010s,49.1013514,2.58,7.18,498.0,1010.01,283.5967317,45.4078654
K2-250 b,K2-250,k2-250,Transit,transit,2018,2018,false,2010s,4.01392,2.71257333,7.81,1003.0,414.708,185.0315429,-8.9757427
Kepler-881 b,Kepler-881,kepler-881,Transit,transit,2016,2016,false,2010s,4.44448017,1.78,3.82,1217.0,1375.18,288.9925529,46.6706513
Kepler-1294 b,Kepler-1294,kepler-1294,Transit,transit,2016,2016,false,2010s,115.6862258,3.19,10.3,401.0,1855.7,291.2681037,44.4881624
Kepler-1255 b,Kepler-1255,kepler-1255,Transit,transit,2016,2016,false,2010s,36.2919336,2.32,5.99,694.0,1617.07,295.2392569,42.7264842
Kepler-107 d,Kepler-107,kepler-107,Transit,transit,2014,2014,false,2010s,7.95839,0.86,7.7,1173.0,525.997,297.028162,48.2086019
Kepler-127 b,Kepler-127,kepler-127,Transit,transit,2014,2014,false,2010s,14.435889,1.4,2.54,884.0,352.794,285.1899439,46.0280596
Kepler-532 b,Kepler-532,kepler-532,Transit,transit,2016,2016,false,2010s,12.92491623,2.57,7.13,620.0,312.798,298.6609094,48.6063022
Kepler-1457 b,Kepler-1457,kepler-1457,Transit,transit,2016,2016,false,2010s,51.1110243,1.99,4.62,478.0,889.885,283.7705481,42.027203
Kepler-30 c,Kepler-30,kepler-30,Transit,transit,2012,2012,false,2010s,60.323105,12.3,640.0,411.0,914.221,285.2836483,38.9472625
HD 4732 b,HD 4732,hd 4732,Radial Velocity,radial velocity,2012,2012,false,2010s,371.74,13.4,631.2072163,,54.7841,12.3085089,-24.1369079
HIP 109600 b,HIP 109600,hip 109600,Radial Velocity,radial velocity,2016,2016,false,2010s,232.08,13.2,851.7844,,66.3361,333.027079,29.0662082
Kepler-896 b,Kepler-896,kepler-896,Transit,transit,2016,2016,false,2010s,144.547396,2.53,6.94,303.0,2334.93,282.4391402,43.7344291
Kepler-467 b,Kepler-467,kepler-467,Transit,transit,2016,2016,false,2010s,24.99324193,2.25,5.69,712.0,466.265,287.3629145,38.6497341
Kepler-302 c,Kepler-302,kepler-302,Transit,transit,2014,2014,false,2010s,127.282184,12.45,,392.0,1402.58,294.3169307,43.6292436
Kepler-683 b,Kepler-683,kepler-683,Transit,transit,2016,2016,false,2010s,2.539183179,1.97,4.54,1332.0,1023.07,291.4399598,37.9056293
Kepler-120 b,Kepler-120,kepler-120,Transit,transit,2014,2014,false,2010s,6.312501,2.15,8.5,575.0,388.63,287.8915707,39.3390979
Kepler-1326 b,Kepler-1326,kepler-1326,Transit,transit,2016,2016,false,2010s,42.3514267,4.18,16.3,938.0,698.326,296.222199,39.268942
Kepler-9 b,Kepler-9,kepler-9,Transit,transit,2010,2010,false,2010s,19.23891,8.29,43.4,661.0,628.257,285.5739904,38.4008192
Kepler-406 c,Kepler-406,kepler-406,Transit,transit,2014,2014,false,2010s,4.62332,0.85,2.71,1050.0,364.03,291.8481764,44.9682807
Kepler-315 b,Kepler-315,kepler-315,Transit,transit,2014,2014,false,2010s,96.101141,3.77,13.7,409.0,1160.63,298.0230967,43.3634761
Kepler-1078 b,Kepler-1078,kepler-1078,Transit,transit,2016,2016,false,2010s,3.00725242,1.9,4.27,1122.0,2481.71,293.2005664,43.0500379
Kepler-1038 b,Kepler-1038,kepler-1038,Transit,transit,2016,2016,false,2010s,148.4603382,3.53,12.2,285.0,584.136,298.9721472,44.1323499
Kepler-1632 b,Kepler-1632,kepler-1632,Transit,transit,2016,2016,false,2010s,448.303558,2.47,6.66,369.0,716.76,294.4948769,43.9135575
Kepler-1306 b,Kepler-1306,kepler-1306,Transit,transit,2016,2016,false,2010s,16.29595382,1.91,4.31,678.0,1107.5,294.4783627,46.9458638
HD 220773 b,HD 220773,hd 220773,Radial Velocity,radial velocity,2011,2011,false,2010s,3724.7,13.6,460.8,,50.5103,351.6144715,8.6428871
Kepler-60 d,Kepler-60,kepler-60,Transit,transit,2012,2012,false,2010s,11.8981,1.99,4.16,929.0,1025.1,288.9612535,42.2650472
Kepler-1452 b,Kepler-1452,kepler-1452,Transit,transit,2016,2016,false,2010s,42.913751,2.7,7.75,810.0,996.32,292.422792,38.2662824
Kepler-1138 b,Kepler-1138,kepler-1138,Transit,transit,2016,2016,false,2010s,3.17060005,1.7,3.53,1080.0,872.328,285.8993164,48.307285
Kepler-584 b,Kepler-584,kepler-584,Transit,transit,2016,2016,false,2010s,35.1810304,4.21,16.5,664.0,1848.84,288.230615,42.4136181
Kepler-270 c,Kepler-270,kepler-270,Transit,transit,2014,2014,false,2010s,25.262887,1.77,3.78,756.0,948.781,282.2001207,44.4222795
Kepler-1610 b,Kepler-1610,kepler-1610,Transit,transit,2016,2016,false,2010s,8.70181574,1.61,3.22,750.0,864.331,295.9049795,45.4054296
Kepler-1157 b,Kepler-1157,kepler-1157,Transit,transit,2016,2016,false,2010s,4.45743164,1.09,1.32,732.0,342.144,283.1209268,43.5255701
K2-243 c,K2-243,k2-243,Transit,transit,2018,2018,false,2010s,24.94598,2.01,4.7,801.0,266.864,181.1211419,-4.8991358
Kepler-403 d,Kepler-403,kepler-403,Transit,transit,2016,2016,false,2010s,13.61159129,1.42,2.6,958.0,840.269,289.9214256,46.7445267
Kepler-378 b,Kepler-378,kepler-378,Transit,transit,2014,2014,false,2010s,16.092361,0.75,0.347,503.0,152.094,294.9489697,46.4388673
TOI-216.01,TOI-216,toi-216,Transit,transit,2019,2019,false,2010s,34.525528,10.1,177.98390792,497.0,177.945,73.9800129,-63.2603301
Kepler-256 e,Kepler-256,kepler-256,Transit,transit,2014,2014,false,2010s,10.681572,2.35,6.12,897.0,1026.43,292.58042,46.0973588
Kepler-1408 b,Kepler-1408,kepler-1408,Transit,transit,2016,2016,false,2010s,2.99793191,0.89,0.64,1616.0,535.048,282.6998783,45.4257884
Kepler-826 b,Kepler-826,kepler-826,Transit,transit,2016,2016,false,2010s,4.48758907,1.25,2.1,1305.0,779.596,284.8601128,39.2405076
Kepler-1284 b,Kepler-1284,kepler-1284,Transit,transit,2016,2016,false,2010s,0.664073806,1.21,1.92,1703.0,882.324,291.2789549,47.6875766
Kepler-1587 b,Kepler-1587,kepler-1587,Transit,transit,2016,2016,false,2010s,9.4060467,1.33,2.33,981.0,1026.48,292.6777294,49.6638666
Kepler-482 b,Kepler-482,kepler-482,Transit,transit,2016,2016,false,2010s,56.35418576,2.36,6.17,352.0,313.068,296.8229326,48.1077628
Kepler-1070 b,Kepler-1070,kepler-1070,Transit,transit,2016,2016,false,2010s,6.2216147,1.73,3.64,1101.0,939.001,293.1953923,49.316541
HD 68402 b,HD 68402,hd 68402,Radial Velocity,radial velocity,2016,2016,false,2010s,1103.0,12.6,2510.8444153,,78.4293,121.3474609,-74.4100732
Kepler-736 b,Kepler-736,kepler-736,Transit,transit,2016,2016,false,2010s,3.60147201,2.93,8.91,996.0,1005.43,285.3913092,46.1809293
K2-69 b,K2-69,k2-69,Transit,transit,2016,2016,false,2010s,7.06599,2.32,5.99,,180.697,335.7596816,-10.4886817
omi CrB b,omi CrB,omi crb,Radial Velocity,radial velocity,2012,2012,false,2010s,187.01,13.7,355.96781584,,84.7883,230.0350768,29.6160222
Kepler-649 b,Kepler-649,kepler-649,Transit,transit,2016,2016,false,2010s,29.90722674,2.26,5.73,564.0,513.748,285.6558336,45.0794516
K2-25 b,K2-25,k2-25,Transit,transit,2015,2015,false,2010s,3.48456408,3.44,24.5,494.0,44.9565,63.2739346,15.2477027
Kepler-1237 b,Kepler-1237,kepler-1237,Transit,transit,2016,2016,false,2010s,84.5733226,2.86,8.55,366.0,1064.31,295.6292745,44.6905815
HD 564 b,HD 564,hd 564,Radial Velocity,radial velocity,2014,2014,false,2010s,492.3,12.5,104.88,,51.1659,2.4694459,-50.2678998
Kepler-111 b,Kepler-111,kepler-111,Transit,transit,2014,2014,false,2010s,3.341815,1.58,3.12,1356.0,657.223,291.653163,44.6882613
Kepler-466 b,Kepler-466,kepler-466,Transit,transit,2016,2016,false,2010s,51.07926307,2.85,8.5,503.0,530.122,295.6486585,48.4955191
Kepler-1401 b,Kepler-1401,kepler-1401,Transit,transit,2016,2016,false,2010s,11.20066445,1.68,3.46,808.0,1425.43,287.4660334,40.75842
Kepler-928 b,Kepler-928,kepler-928,Transit,transit,2016,2016,false,2010s,3.932461302,1.59,3.15,894.0,508.809,289.920676,41.5427758
Kepler-1361 b,Kepler-1361,kepler-1361,Transit,transit,2016,2016,false,2010s,3.57554956,0.86,0.566,1061.0,389.143,283.5653603,46.9042278
K2-58 b,K2-58,k2-58,Transit,transit,2016,2016,false,2010s,7.05254,2.68,7.65,,181.746,333.8218395,-14.049857
TAP 26 b,TAP 26,tap 26,Radial Velocity,radial velocity,2017,2017,false,2010s,10.79,13.5,527.5978,,121.402,64.715445,17.3878826
Kepler-192 d,Kepler-192,kepler-192,Transit,transit,2016,2016,false,2010s,6.47027579,1.02,1.04,926.0,651.674,287.9179379,45.5928829
Kepler-939 b,Kepler-939,kepler-939,Transit,transit,2016,2016,false,2010s,14.878296,1.75,3.71,692.0,2093.62,293.8656181,47.0268148
Kepler-282 e,Kepler-282,kepler-282,Transit,transit,2013,2013,false,2010s,44.347,3.1,56.2,484.0,1337.61,284.6772402,44.7976401
Kepler-1357 b,Kepler-1357,kepler-1357,Transit,transit,2016,2016,false,2010s,3.0091324,1.28,2.18,1177.0,1015.69,291.5480665,50.3532584
Kepler-1320 b,Kepler-1320,kepler-1320,Transit,transit,2016,2016,false,2010s,0.868386528,1.7,3.53,1389.0,647.424,288.4335977,40.3808519
Kepler-90 i,KOI-351,koi-351,Transit,transit,2017,2017,false,2010s,14.44912,1.32,2.3,709.0,848.254,284.4334642,49.3051239
K2-99 b,K2-99,k2-99,Transit,transit,2016,2016,false,2010s,18.24783,11.88151954,276.51071409,1184.0,519.229,208.7737624,-5.4424943
Kepler-992 b,Kepler-992,kepler-992,Transit,transit,2016,2016,false,2010s,20.16034462,1.62,3.26,510.0,259.639,284.4304085,47.6416613
Kepler-1273 b,Kepler-1273,kepler-1273,Transit,transit,2016,2016,false,2010s,28.625653,2.49,6.76,573.0,1114.24,285.8032016,44.8733983
Kepler-613 b,Kepler-613,kepler-613,Transit,transit,2016,2016,false,2010s,15.77979614,2.29,5.86,713.0,861.494,282.7868415,46.2449846
Kepler-393 b,Kepler-393,kepler-393,Transit,transit,2014,2014,false,2010s,9.182417,1.29,2.21,1052.0,881.404,290.995205,45.192188
Kepler-51 b,Kepler-51,kepler-51,Transit,transit,2012,2012,false,2010s,45.154,7.1,2.1,543.0,783.831,296.4797624,49.9376486
Kepler-713 b,Kepler-713,kepler-713,Transit,transit,2016,2016,false,2010s,7.411141,2.48,6.71,905.0,1089.87,295.6513819,43.0297781
K2-150 b,K2-150,k2-150,Transit,transit,2018,2018,false,2010s,10.59357,2.0,4.66,,102.483,18.3443908,8.9874328
K2-212 b,K2-212,k2-212,Transit,transit,2018,2018,false,2010s,9.795647,2.65,7.51,542.0,109.218,18.4241015,3.0970732
Kepler-183 c,Kepler-183,kepler-183,Transit,transit,2014,2014,false,2010s,11.637071,2.27,35.7,857.0,1050.64,293.5308112,39.3159329
Kepler-131 b,Kepler-131,kepler-131,Transit,transit,2014,2014,false,2010s,16.092,2.41,16.13,718.0,228.678,288.5308924,40.942373
Kepler-62 f,Kepler-62,kepler-62,Transit,transit,2013,2013,false,2010s,267.291,1.41,35.0,208.0,300.874,283.2125621,45.3496992
Kepler-951 b,Kepler-951,kepler-951,Transit,transit,2016,2016,false,2010s,71.52530845,5.59,26.7,340.0,382.509,287.7375794,38.1146488
Kepler-732 b,Kepler-732,kepler-732,Transit,transit,2016,2016,false,2010s,9.467814048,2.18,5.39,407.0,174.826,283.7317274,45.9585288
Kepler-1040 b,Kepler-1040,kepler-1040,Transit,transit,2016,2016,false,2010s,201.1214,2.08,4.98,300.0,482.119,283.1137663,48.1312774
Kepler-901 b,Kepler-901,kepler-901,Transit,transit,2016,2016,false,2010s,3.517494394,1.37,2.45,704.0,253.867,291.1528056,40.8876814
Kepler-1487 b,Kepler-1487,kepler-1487,Transit,transit,2016,2016,false,2010s,7.31946363,2.13,5.18,1682.0,1014.62,295.4980737,38.6444499
HD 23472 c,HD 23472,hd 23472,Transit,transit,2019,2019,false,2010s,29.79749,1.87,3.41,467.0,39.0341,55.4590314,-62.7672667
Kepler-597 b,Kepler-597,kepler-597,Transit,transit,2016,2016,false,2010s,13.02365861,2.37,6.21,743.0,663.418,293.4700919,39.2528182
HD 100655 b,HD 100655,hd 100655,Radial Velocity,radial velocity,2011,2011,false,2010s,157.57001,13.5,511.7063,,137.178,173.7653631,20.441541
Kepler-203 b,Kepler-203,kepler-203,Transit,transit,2014,2014,false,2010s,3.162697,2.57,7.13,1308.0,703.302,297.089959,41.3880686
Kepler-520 c,Kepler-520,kepler-520,Transit,transit,2016,2016,false,2010s,5.21104261,1.07,1.24,1107.0,623.901,293.1802903,41.6177408
Kepler-330 b,Kepler-330,kepler-330,Transit,transit,2014,2014,false,2010s,8.25978,1.35,2.39,714.0,717.527,288.4474035,44.8017616
Kepler-167 c,Kepler-167,kepler-167,Transit,transit,2014,2014,false,2010s,7.406106,1.674,3.44,771.0,341.908,292.6585253,38.3455558
Kepler-1137 b,Kepler-1137,kepler-1137,Transit,transit,2016,2016,false,2010s,23.9210791,2.2,5.48,1020.0,921.778,287.1302407,48.665347
Kepler-267 c,Kepler-267,kepler-267,Transit,transit,2014,2014,false,2010s,6.87745,2.13,5.18,484.0,264.993,299.8305655,47.1575741
Kepler-242 b,Kepler-242,kepler-242,Transit,transit,2014,2014,false,2010s,8.20395,2.61,7.32,742.0,600.241,286.5656932,41.8084168
Kepler-62 d,Kepler-62,kepler-62,Transit,transit,2013,2013,false,2010s,18.16406,1.95,14.0,510.0,300.874,283.2125621,45.3496992
K2-213 b,K2-213,k2-213,Transit,transit,2018,2018,false,2010s,8.13087,1.51398464,2.9,,389.702,13.1403998,3.5077702
DMPP-1 e,DMPP-1,dmpp-1,Radial Velocity,radial velocity,2019,2019,false,2010s,5.516,1.86,4.13,1314.0,62.5388,86.7761233,-10.6303217
Kepler-1577 b,Kepler-1577,kepler-1577,Transit,transit,2016,2016,false,2010s,6.30560247,1.13,1.51,1125.0,510.029,292.9552704,47.5730433
Kepler-656 b,Kepler-656,kepler-656,Transit,transit,2016,2016,false,2010s,1.260259094,3.12,9.91,1569.0,890.352,288.3278778,47.381538
Kepler-751 b,Kepler-751,kepler-751,Transit,transit,2016,2016,false,2010s,17.44490636,2.46,6.62,679.0,760.43,294.8438103,44.0776872
Kepler-606 b,Kepler-606,kepler-606,Transit,transit,2016,2016,false,2010s,24.31575992,3.31,11.0,683.0,1215.11,292.42737,44.3812406
Kepler-1575 b,Kepler-1575,kepler-1575,Transit,transit,2016,2016,false,2010s,2.55314213,1.31,2.27,1312.0,1246.92,293.7432102,45.7615507
HD 207832 b,HD 207832,hd 207832,Radial Velocity,radial velocity,2012,2012,false,2010s,160.07,14.2,177.9848,,58.9291,328.1517893,-26.0271749
HD 102956 b,HD 102956,hd 102956,Radial Velocity,radial velocity,2010,2010,false,2010s,6.4947,13.8,305.1168,,121.89,177.8436988,57.6406584
Kepler-1490 b,Kepler-1490,kepler-1490,Transit,transit,2016,2016,false,2010s,92.4362973,3.04,9.48,348.0,862.92,295.6935734,42.6094543
NN Ser c,NN Ser,nn ser,Eclipse Timing Variations,eclipse timing variations,2010,2010,false,2010s,6987.0,12.6,2329.6,,515.818,238.2337015,12.9120871
Kepler-377 b,Kepler-377,kepler-377,Transit,transit,2014,2014,false,2010s,12.509529,1.39,2.51,875.0,823.804,295.4220717,38.7356737
EPIC 212499991 b,EPIC 212499991,epic 212499991,Transit,transit,2019,2019,false,2010s,34.885,1.6,3.19,,283.29,202.488752,-12.7347749
Kepler-227 c,Kepler-227,kepler-227,Transit,transit,2014,2014,false,2010s,54.418694,3.04,9.48,443.0,1083.06,291.9342748,48.141676
Kepler-887 b,Kepler-887,kepler-887,Transit,transit,2016,2016,false,2010s,20.42228798,1.84,4.04,785.0,886.588,290.0907893,39.8169085
GJ 3138 c,GJ 3138,gj 3138,Radial Velocity,radial velocity,2017,2017,false,2010s,5.974,1.88,4.18,,28.4712,32.2977385,-16.3392495
Kepler-1503 b,Kepler-1503,kepler-1503,Transit,transit,2016,2016,false,2010s,96.16987,2.27,5.77,321.0,1225.57,293.7271604,42.8067119
Kepler-198 d,Kepler-198,kepler-198,Transit,transit,2016,2016,false,2010s,1.31184443,1.53,2.96,1562.0,495.358,290.6731326,38.6910045
LP 791-18 b,LP 791-18,lp 791-18,Transit,transit,2019,2019,false,2010s,0.9479981,1.212,1.94,564.3,26.4927,165.6904843,-16.4064445
Kepler-1204 b,Kepler-1204,kepler-1204,Transit,transit,2016,2016,false,2010s,85.7350285,3.05,9.53,448.0,1175.22,289.4415238,42.4981476
Kepler-251 e,Kepler-251,kepler-251,Transit,transit,2014,2014,false,2010s,99.640161,2.77,8.1,360.0,924.625,296.5662171,44.1058077
Kepler-547 b,Kepler-547,kepler-547,Transit,transit,2016,2016,false,2010s,6.010384289,4.0,15.1,768.0,378.972,286.1185888,44.3452063
Kepler-1328 b,Kepler-1328,kepler-1328,Transit,transit,2016,2016,false,2010s,4.52158888,0.98,0.904,1214.0,813.543,284.6753857,44.4177225
Kepler-874 b,Kepler-874,kepler-874,Transit,transit,2016,2016,false,2010s,40.0686727,3.94,14.7,560.0,1082.16,294.9568477,43.0142991
Kepler-164 d,Kepler-164,kepler-164,Transit,transit,2014,2014,false,2010s,28.986769,2.45,6.57,637.0,890.758,287.7808115,47.6298453
Kepler-32 b,Kepler-32,kepler-32,Transit,transit,2011,2011,false,2010s,5.90124,2.2,1303.0,514.0,323.847,297.8423073,46.5743595
Kepler-1150 b,Kepler-1150,kepler-1150,Transit,transit,2016,2016,false,2010s,2.787868386,1.02,1.04,1432.0,358.518,296.7244553,49.5326846
K2-104 b,K2-104,k2-104,Transit,transit,2016,2016,false,2010s,1.9741954,1.79,3.86,798.0,189.289,129.6366594,19.7737202
HD 65216 c,HD 65216,hd 65216,Radial Velocity,radial velocity,2013,2013,false,2010s,5370.0,13.4,645.1949,,35.1205,118.4209646,-63.6466892
Kepler-1151 b,Kepler-1151,kepler-1151,Transit,transit,2016,2016,false,2010s,65.6478424,2.22,5.56,485.0,682.436,292.2477819,47.8784257
HIP 65407 c,HIP 65407,hip 65407,Radial Velocity,radial velocity,2016,2016,false,2010s,67.3,13.9,249.17872,,61.7804,201.087663,48.8847322
Kepler-124 c,Kepler-124,kepler-124,Transit,transit,2014,2014,false,2010s,13.821375,1.75,3.71,560.0,420.046,286.7527322,49.0648788
Kepler-999 b,Kepler-999,kepler-999,Transit,transit,2016,2016,false,2010s,5.991857017,2.34,6.08,1355.0,545.063,299.6604865,46.1984679
K2-11 b,K2-11,k2-11,Transit,transit,2015,2015,false,2010s,39.93767,7.55,44.4,734.0,329.309,169.0418328,1.9866832
HD 38283 b,HD 38283,hd 38283,Radial Velocity,radial velocity,2010,2010,false,2010s,363.20001,14.0,127.132,,38.0615,84.2605324,-73.6998131
Kepler-518 b,Kepler-518,kepler-518,Transit,transit,2016,2016,false,2010s,8.512035877,2.11,5.1,839.0,337.901,287.090019,41.3737576
Kepler-265 d,Kepler-265,kepler-265,Transit,transit,2014,2014,false,2010s,43.130617,2.49,6.76,554.0,1280.25,290.5104788,41.244743
Kepler-24 e,Kepler-24,kepler-24,Transit,transit,2014,2014,false,2010s,18.998355,2.78,26.2118,792.0,1156.81,290.4132621,38.3437283
HATS-54 b,HATS-54,hats-54,Transit,transit,2019,2019,false,2010s,2.5441765,11.37711541,239.32479047,1429.0,748.585,200.6348641,-44.6888393
Kepler-797 b,Kepler-797,kepler-797,Transit,transit,2016,2016,false,2010s,27.07237711,2.17,5.35,605.0,1315.26,297.2089078,41.781645
HD 11755 b,HD 11755,hd 11755,Radial Velocity,radial velocity,2015,2015,false,2010s,433.70001,12.8,1789.3829,,235.045,29.707836,73.1521372
KOI-351 b,KOI-351,koi-351,Transit,transit,2013,2013,false,2010s,7.008151,1.31,2.27,1062.0,848.254,284.4334642,49.3051239
Kepler-309 c,Kepler-309,kepler-309,Transit,transit,2014,2014,false,2010s,105.356383,2.51,6.85,204.0,544.568,297.5098911,46.9614121
HD 7199 b,HD 7199,hd 7199,Radial Velocity,radial velocity,2011,2011,false,2010s,615.0,,3639.13526015,,36.1531,17.6979344,-66.1886947
K2-136 d,K2-136,k2-136,Transit,transit,2017,2017,false,2010s,25.575,1.565,3.0,420.0,59.2474,67.4128615,22.8825674
K2-200 b,K2-200,k2-200,Transit,transit,2018,2018,false,2010s,2.849883,1.3643987,2.43,,184.131,202.251206,-4.6100532
Kepler-922 b,Kepler-922,kepler-922,Transit,transit,2016,2016,false,2010s,0.938466832,1.42,2.6,1876.0,536.323,284.7316084,49.533149
Kepler-509 b,Kepler-509,kepler-509,Transit,transit,2016,2016,false,2010s,41.74600392,2.49,6.76,584.0,332.443,289.664394,48.706165
Kepler-813 b,Kepler-813,kepler-813,Transit,transit,2016,2016,false,2010s,19.12947337,2.14,5.22,817.0,840.0,285.6626752,48.4353251
Kepler-1551 b,Kepler-1551,kepler-1551,Transit,transit,2016,2016,false,2010s,24.4973698,2.66,7.56,722.0,1463.72,295.7855238,39.9078956
Kepler-1352 b,Kepler-1352,kepler-1352,Transit,transit,2016,2016,false,2010s,1.877882748,0.89,0.64,1701.0,670.829,290.6937988,48.7014417
Kepler-1422 b,Kepler-1422,kepler-1422,Transit,transit,2016,2016,false,2010s,18.6051942,2.02,4.74,833.0,2465.84,293.8902214,48.3360926
GJ 849 c,GJ 849,gj 849,Radial Velocity,radial velocity,2014,2014,false,2010s,5990.0,13.8,314.65012293,,8.80058,332.4229938,-4.6408317
EPIC 206042996 b,EPIC 206042996,epic 206042996,Transit,transit,2019,2019,false,2010s,5.2986,1.7,3.53,,451.769,337.5136198,-13.6101475
Kepler-26 d,Kepler-26,kepler-26,Transit,transit,2014,2014,false,2010s,3.543919,1.07,1.24,652.0,335.307,284.9410627,46.5664505
Kepler-229 d,Kepler-229,kepler-229,Transit,transit,2014,2014,false,2010s,41.194912,3.85,14.2,439.0,826.265,286.9994758,48.3757867
Kepler-320 c,Kepler-320,kepler-320,Transit,transit,2014,2014,false,2010s,17.934937,1.37,2.45,1002.0,826.613,293.2135155,46.1751457
Kepler-926 b,Kepler-926,kepler-926,Transit,transit,2016,2016,false,2010s,52.0688601,2.31,5.95,524.0,921.361,289.6793396,40.7004265
Kepler-106 e,Kepler-106,kepler-106,Transit,transit,2014,2014,false,2010s,43.8445,2.56,11.17,531.0,444.322,300.864006,44.3375497
Kepler-402 b,Kepler-402,kepler-402,Transit,transit,2014,2014,false,2010s,4.028751,1.22,1.98,1311.0,625.339,288.3701976,43.3546109
Kepler-1202 b,Kepler-1202,kepler-1202,Transit,transit,2016,2016,false,2010s,28.6851324,2.94,8.96,547.0,1175.38,292.290606,44.6532281
Kepler-1474 b,Kepler-1474,kepler-1474,Transit,transit,2016,2016,false,2010s,36.4333452,2.16,5.31,561.0,1180.9,294.6940261,45.866809
Kepler-128 c,Kepler-128,kepler-128,Transit,transit,2013,2013,false,2010s,22.8,1.521,3.38,843.0,396.379,282.4922622,43.9802442
Kepler-671 b,Kepler-671,kepler-671,Transit,transit,2016,2016,false,2010s,4.280958588,2.69,7.7,1012.0,1168.26,294.2657519,49.3140933
Kepler-186 c,Kepler-186,kepler-186,Transit,transit,2014,2014,false,2010s,7.267302,1.25,2.1,464.0,177.594,298.652736,43.9549884
Kepler-339 b,Kepler-339,kepler-339,Transit,transit,2014,2014,false,2010s,4.977656,1.42,2.6,1023.0,616.637,293.351701,48.4445922
Kepler-102 d,Kepler-102,kepler-102,Transit,transit,2014,2014,false,2010s,10.311767,1.154,3.0,686.0,107.796,281.4824731,47.2078263
Kepler-777 b,Kepler-777,kepler-777,Transit,transit,2016,2016,false,2010s,5.72812599,1.47,2.76,569.0,443.106,282.7241098,44.3465098
Kepler-83 c,Kepler-83,kepler-83,Transit,transit,2012,2012,false,2010s,20.09,2.36,2.03,362.0,400.409,282.2325197,43.6655662
CoRoT-27 b,CoRoT-27,corot-27,Transit,transit,2014,2014,false,2010s,3.57532,11.287,3302.11,1500.0,1010.28,278.4958319,5.5383811
K2-131 b,K2-131,k2-131,Transit,transit,2017,2017,false,2010s,0.3693038,1.69,7.9,2223.0,152.509,182.751404,-9.7652392
K2-141 b,K2-141,k2-141,Transit,transit,2018,2018,false,2010s,0.2803244,1.51,4.97,2103.0,61.8736,350.9170464,-1.1891827
K2-141 c,K2-141,k2-141,Transit,transit,2018,2018,false,2010s,7.7485,7.0,8.0,695.0,61.8736,350.9170464,-1.1891827
Kepler-1206 b,Kepler-1206,kepler-1206,Transit,transit,2016,2016,false,2010s,1.216997663,1.64,3.33,1314.0,762.019,295.9383737,49.7911337
Kepler-102 e,Kepler-102,kepler-102,Transit,transit,2013,2013,false,2010s,16.1456994,2.17,4.7,590.0,107.796,281.4824731,47.2078263
Kepler-68 b,Kepler-68,kepler-68,Transit,transit,2013,2013,false,2010s,5.39875259,2.357,8.03,1275.0,144.166,291.0323102,49.0402129
K2-136 c,K2-136,k2-136,Transit,transit,2017,2017,false,2010s,17.30713,3.0,18.1,470.0,59.2474,67.4128615,22.8825674
Kepler-1602 b,Kepler-1602,kepler-1602,Transit,transit,2016,2016,false,2010s,11.17931605,1.34,2.36,1159.0,629.804,293.5808607,40.4275396
Kepler-78 b,Kepler-78,kepler-78,Transit,transit,2013,2013,false,2010s,0.35500745,1.201,1.68,2223.0,124.376,293.7419543,44.4482521
K2-169 b,K2-169,k2-169,Transit,transit,2018,2018,false,2010s,6.380803,1.27328671,2.16,,235.867,337.0442461,-14.5993376
Kepler-370 b,Kepler-370,kepler-370,Transit,transit,2014,2014,false,2010s,4.57953,1.59,3.15,1040.0,1167.94,292.1710683,40.9162381
KOI-1843.03,Kepler-974,kepler-974,Transit,transit,2013,2013,false,2010s,0.1768913,0.61,8.0,1654.0,134.311,285.0131082,40.2209547
Kepler-369 b,Kepler-369,kepler-369,Transit,transit,2014,2014,false,2010s,2.732756,1.13,1.51,687.0,214.0,293.6743322,47.9084727
Kepler-778 b,Kepler-778,kepler-778,Transit,transit,2016,2016,false,2010s,3.75574426,1.68,3.46,977.0,938.168,287.4774867,44.2374702
Kepler-68 d,Kepler-68,kepler-68,Radial Velocity,radial velocity,2013,2013,false,2010s,632.62,13.9,267.0,,144.166,291.0323102,49.0402129
K2-222 b,K2-222,k2-222,Transit,transit,2018,2018,false,2010s,15.38857,2.35,8.7,871.0,101.321,16.4625203,11.7537171
Kepler-878 b,Kepler-878,kepler-878,Transit,transit,2016,2016,false,2010s,25.9422033,1.93,4.38,501.0,791.625,285.2962562,46.6034497
K2-72 e,K2-72,k2-72,Transit,transit,2016,2016,false,2010s,24.158868,1.29,2.21,,66.4321,334.6227504,-9.6120084
HD 25171 b,HD 25171,hd 25171,Radial Velocity,radial velocity,2010,2010,false,2010s,1802.29,13.9,290.81445,,55.6146,58.9574779,-65.1863239
Kepler-1508 b,Kepler-1508,kepler-1508,Transit,transit,2016,2016,false,2010s,20.7056504,1.33,2.33,967.0,1260.28,298.1188802,40.3750316
Kepler-156 b,Kepler-156,kepler-156,Transit,transit,2014,2014,false,2010s,4.973456,2.3,5.9,867.0,443.483,290.2964214,37.7494271
Kepler-1356 b,Kepler-1356,kepler-1356,Transit,transit,2016,2016,false,2010s,0.634002937,1.53,2.96,1714.0,845.228,290.9953825,43.2438792
Kepler-1012 b,Kepler-1012,kepler-1012,Transit,transit,2016,2016,false,2010s,5.50860439,1.29,2.21,934.0,411.077,289.2962253,46.4579889
Kepler-154 f,Kepler-154,kepler-154,Transit,transit,2016,2016,false,2010s,9.91935684,1.5,2.86,838.0,915.212,289.7805393,49.8965624
Kepler-1234 b,Kepler-1234,kepler-1234,Transit,transit,2016,2016,false,2010s,11.94014029,2.81,8.3,625.0,916.749,287.5220359,51.3759464
HD 34445 e,HD 34445,hd 34445,Radial Velocity,radial velocity,2017,2017,false,2010s,49.175,4.26,16.8,,46.0907,79.4207483,7.3527156
Kepler-384 c,Kepler-384,kepler-384,Transit,transit,2014,2014,false,2010s,45.348269,1.13,1.51,531.0,895.678,286.0261113,44.7828571
Kepler-1153 b,Kepler-1153,kepler-1153,Transit,transit,2016,2016,false,2010s,1.755835327,1.73,3.64,1343.0,1119.49,289.1471849,45.86613
Kepler-37 c,Kepler-37,kepler-37,Transit,transit,2013,2013,false,2010s,21.301848,0.755,1.3,615.0,63.9207,284.0592503,44.5183733
Kepler-37 b,Kepler-37,kepler-37,Transit,transit,2013,2013,false,2010s,13.36702,0.3098,0.79,718.0,63.9207,284.0592503,44.5183733
Kepler-1271 b,Kepler-1271,kepler-1271,Transit,transit,2016,2016,false,2010s,3.0255955,1.48,2.79,1484.0,831.991,286.3442954,37.4119347
Kepler-182 c,Kepler-182,kepler-182,Transit,transit,2014,2014,false,2010s,20.684342,3.43,11.6,729.0,1549.09,289.8301128,50.5862025
Kepler-416 b,Kepler-416,kepler-416,Transit Timing Variations,transit timing variations,2014,2014,false,2010s,6.319,2.48,58.2,986.0,690.819,291.5569554,39.2272923
K2-152 b,K2-152,k2-152,Transit,transit,2018,2018,false,2010s,32.6479,2.29,5.86,337.0,108.449,181.6324078,-5.8274311
Kepler-1626 b,Kepler-1626,kepler-1626,Transit,transit,2016,2016,false,2010s,4.13962966,2.02,4.74,1352.0,1368.83,296.5004384,40.7212069
HD 97048 b,HD 97048,hd 97048,Disk Kinematics,disk kinematics,2019,2019,false,2010s,,13.3,794.575,,183.857,167.0133422,-77.654853
Kepler-19 b,Kepler-19,kepler-19,Transit,transit,2011,2011,false,2010s,9.28699,2.209,6.1,851.0,218.562,290.4209694,37.8516556
Kepler-68 c,Kepler-68,kepler-68,Transit,transit,2013,2013,false,2010s,9.605027,0.979,1.3,1052.0,144.166,291.0323102,49.0402129
Kepler-580 b,Kepler-580,kepler-580,Transit,transit,2016,2016,false,2010s,8.222419656,2.57,7.13,558.0,323.899,283.4997537,40.5528053
Kepler-219 b,Kepler-219,kepler-219,Transit,transit,2014,2014,false,2010s,4.585512,2.95,9.01,1307.0,787.07,288.7389481,46.7625929
K2-254 b,K2-254,k2-254,Transit,transit,2018,2018,false,2010s,4.09639,1.63,3.29,791.0,227.775,185.5507926,-4.7172908
Kepler-294 b,Kepler-294,kepler-294,Transit,transit,2014,2014,false,2010s,3.701212,1.77,3.78,1087.0,1357.01,287.3920392,46.0592578
Kepler-296 b,Kepler-296,kepler-296,Transit,transit,2014,2014,false,2010s,10.864384,1.61,3.22,495.0,167.0,286.5400278,49.4372614
HD 64114 b,HD 64114,hd 64114,Radial Velocity,radial velocity,2019,2019,false,2010s,45.791,4.41,17.8,,31.5262,117.982556,-11.0337221
Kepler-546 b,Kepler-546,kepler-546,Transit,transit,2016,2016,false,2010s,4.147020258,7.0,39.1,1258.0,1019.65,283.257573,40.9904095
K2-6 b,K2-6,k2-6,Transit,transit,2015,2015,false,2010s,30.94191,2.5,6.8,615.0,316.819,178.1921152,-1.1984418
Kepler-497 b,Kepler-497,kepler-497,Transit,transit,2016,2016,false,2010s,3.573203671,6.04,30.4,1210.0,1291.98,290.7659557,38.9279468
Kepler-971 b,Kepler-971,kepler-971,Transit,transit,2016,2016,false,2010s,9.59070716,2.13,5.18,1087.0,338.522,284.0945699,41.1828131
Kepler-452 b,Kepler-452,kepler-452,Transit,transit,2015,2015,false,2010s,384.843,1.63,3.29,265.0,551.727,296.003752,44.2775861
Kepler-553 b,Kepler-553,kepler-553,Transit,transit,2016,2016,false,2010s,4.030467,4.74139884,116.00736855,1089.0,728.525,298.5508922,48.3325405
Kepler-399 d,Kepler-399,kepler-399,Transit,transit,2014,2014,false,2010s,58.034616,1.89,4.23,486.0,740.537,299.5017242,40.6707669
Kepler-1355 b,Kepler-1355,kepler-1355,Transit,transit,2016,2016,false,2010s,1.289588112,1.46,2.73,1448.0,911.269,283.7414249,49.0679833
Kepler-83 b,Kepler-83,kepler-83,Transit,transit,2012,2012,false,2010s,9.77,2.83,2.94,460.0,400.409,282.2325197,43.6655662
Kepler-102 f,Kepler-102,kepler-102,Transit,transit,2014,2014,false,2010s,27.453592,0.861,4.3,495.0,107.796,281.4824731,47.2078263
Kepler-102 b,Kepler-102,kepler-102,Transit,transit,2014,2014,false,2010s,5.286965,0.46,1.1,857.0,107.796,281.4824731,47.2078263
Kepler-1467 b,Kepler-1467,kepler-1467,Transit,transit,2016,2016,false,2010s,47.0569043,3.3,10.9,411.0,852.888,295.0485389,45.3426781
Kepler-204 b,Kepler-204,kepler-204,Transit,transit,2014,2014,false,2010s,14.400974,2.53,6.94,828.0,686.723,285.347162,41.761845
Kepler-1311 c,Kepler-1311,kepler-1311,Transit,transit,2016,2016,false,2010s,2.53573424,1.22,1.98,1671.0,866.331,289.6512597,43.8244445
Kepler-366 c,Kepler-366,kepler-366,Transit,transit,2014,2014,false,2010s,12.51616,1.79,3.86,848.0,1856.28,296.8520316,49.0844359
Kepler-283 b,Kepler-283,kepler-283,Transit,transit,2014,2014,false,2010s,11.008151,2.13,5.18,488.0,468.094,293.6137413,47.838938
GJ 357 b,GJ 357,gj 357,Transit,transit,2019,2019,false,2010s,3.9306,1.2,1.84,518.0,9.44181,144.0074644,-21.6650634
Kepler-185 c,Kepler-185,kepler-185,Transit,transit,2014,2014,false,2010s,20.729042,2.02,4.74,530.0,466.735,282.4681674,43.8899464
Kepler-1285 b,Kepler-1285,kepler-1285,Transit,transit,2016,2016,false,2010s,14.7967458,0.97,0.871,874.0,422.269,281.8353366,44.1558825
Kepler-1003 b,Kepler-1003,kepler-1003,Transit,transit,2016,2016,false,2010s,3.554856915,1.78,3.82,1157.0,941.902,292.0204349,44.8762427
Kepler-213 b,Kepler-213,kepler-213,Transit,transit,2014,2014,false,2010s,2.46236,1.62,3.26,1326.0,634.939,290.8241931,44.6472832
Kepler-112 b,Kepler-112,kepler-112,Transit,transit,2014,2014,false,2010s,8.408878,2.36,6.17,809.0,513.206,296.9811361,43.2097025
HD 109271 c,HD 109271,hd 109271,Radial Velocity,radial velocity,2013,2013,false,2010s,30.93,5.27,24.154,,55.8716,188.397397,-11.6215204
Kepler-26 e,Kepler-26,kepler-26,Transit,transit,2014,2014,false,2010s,46.827915,2.41,6.39,276.0,335.307,284.9410627,46.5664505
Kepler-169 b,Kepler-169,kepler-169,Transit,transit,2014,2014,false,2010s,3.250619,1.13,1.51,962.0,406.529,285.9999204,40.9193822
Kepler-239 b,Kepler-239,kepler-239,Transit,transit,2014,2014,false,2010s,11.763051,2.33,6.04,616.0,648.109,294.2020505,40.6633313
Kepler-738 b,Kepler-738,kepler-738,Transit,transit,2016,2016,false,2010s,24.58721573,2.5,6.8,530.0,1113.65,287.5696516,46.5679011
Kepler-1005 b,Kepler-1005,kepler-1005,Transit,transit,2016,2016,false,2010s,6.49801525,1.5,2.86,1026.0,567.806,286.2858998,43.3205085
Kepler-617 b,Kepler-617,kepler-617,Transit,transit,2016,2016,false,2010s,1.682696148,1.32,2.3,750.0,173.354,283.7407247,47.5161237
Kepler-371 c,Kepler-371,kepler-371,Transit,transit,2014,2014,false,2010s,67.968015,1.78,3.82,443.0,813.192,292.3264835,38.6575441
Kepler-211 b,Kepler-211,kepler-211,Transit,transit,2014,2014,false,2010s,4.138575,1.26,2.13,954.0,309.353,285.4391183,43.1685051
HD 284149 AB b,HD 284149 A,hd 284149 a,Imaging,imaging,2017,2017,false,2010s,,12.0,8352.53053596,2395.0,117.807,61.6616887,20.3030344
Kepler-925 b,Kepler-925,kepler-925,Transit,transit,2016,2016,false,2010s,33.8678531,2.34,6.08,394.0,611.115,290.1065581,40.4906242
Kepler-54 c,Kepler-54,kepler-54,Transit,transit,2012,2012,false,2010s,12.0717249,1.23,0.7,395.0,271.701,294.7739245,43.0561976
HD 210193 b,HD 210193,hd 210193,Radial Velocity,radial velocity,2019,2019,false,2010s,649.918,14.3,153.1,,42.2029,332.3951324,-41.225205
WASP-84 b,WASP-84,wasp-84,Transit,transit,2014,2014,false,2010s,8.52349648,10.72,220.0,732.0,100.588,131.1069959,1.8598933
Kepler-801 b,Kepler-801,kepler-801,Transit,transit,2016,2016,false,2010s,11.41928253,2.0,4.66,419.0,440.426,286.0751815,44.6646277
Kepler-750 c,Kepler-750,kepler-750,Transit,transit,2016,2016,false,2010s,4.08899022,1.62,3.26,1537.0,1296.02,289.0968274,44.004364
Kepler-117 b,Kepler-117,kepler-117,Transit,transit,2014,2014,false,2010s,18.7959228,8.059,29.875,984.0,1455.57,288.7930651,48.040176
Kepler-34 b,Kepler-34,kepler-34,Transit,transit,2011,2011,false,2010s,288.822,8.564,69.92,,1800.82,296.4358022,44.6415369
MOA-2011-BLG-291L b,MOA-2011-BLG-291L,moa-2011-blg-291l,Microlensing,microlensing,2018,2018,false,2010s,,4.43,18.0,,4400.0,268.867889,-29.1706657
Kepler-126 c,Kepler-126,kepler-126,Transit,transit,2014,2014,false,2010s,21.869741,1.58,1.27942148,790.0,237.401,289.3473634,44.2084445
Kepler-1455 b,Kepler-1455,kepler-1455,Transit,transit,2016,2016,false,2010s,49.276764,2.16,5.31,298.0,357.621,294.0830662,50.5027572
Kepler-998 b,Kepler-998,kepler-998,Transit,transit,2016,2016,false,2010s,5.65377733,2.32,5.99,1020.0,986.364,296.7541629,49.2087085
eps CrB b,eps CrB,eps crb,Radial Velocity,radial velocity,2012,2012,false,2010s,417.9,12.7,2129.461,,69.8683,239.3965057,26.8776171
GJ 685 b,GJ 685,gj 685,Radial Velocity,radial velocity,2019,2019,false,2010s,24.16,2.95,9.0,,14.3155,263.8960378,61.6793482
K2-3 c,K2-3,k2-3,Transit,transit,2015,2015,false,2010s,24.646729,1.582,2.68,371.8,44.0727,172.3353708,-1.4551364
K2-3 d,K2-3,k2-3,Transit,transit,2015,2015,false,2010s,44.55603,1.458,2.2,305.2,44.0727,172.3353708,-1.4551364
Kepler-733 b,Kepler-733,kepler-733,Transit,transit,2016,2016,false,2010s,20.83424726,2.82,8.35,595.0,916.706,293.0181882,45.9147063
Kepler-1451 b,Kepler-1451,kepler-1451,Transit,transit,2016,2016,false,2010s,35.622233,3.35,11.2,523.0,1058.72,293.4464227,40.4098813
Kepler-108 c,Kepler-108,kepler-108,Transit,transit,2014,2014,false,2010s,190.323494,8.18,50.9,426.0,338.732,294.5589885,46.0623952
Kepler-397 b,Kepler-397,kepler-397,Transit,transit,2014,2014,false,2010s,22.250949,2.46,6.62,539.0,969.0,295.8940373,42.3805156
OGLE-2012-BLG-0358L b,OGLE-2012-BLG-0358L,ogle-2012-blg-0358l,Microlensing,microlensing,2013,2013,false,2010s,,13.4,588.0,,1760.0,265.694875,-24.261
Kepler-52 d,Kepler-52,kepler-52,Transit,transit,2014,2014,false,2010s,36.445171,1.95,88.8775,332.0,321.542,286.7380152,49.9757383
Kepler-756 b,Kepler-756,kepler-756,Transit,transit,2016,2016,false,2010s,1.224866322,1.12,1.46,1741.0,852.0,290.6079736,41.201094
Kepler-1286 b,Kepler-1286,kepler-1286,Transit,transit,2016,2016,false,2010s,11.25402929,2.15,5.27,888.0,1354.46,280.2583709,43.8357433
Kepler-132 c,Kepler-132,kepler-132,Transit,transit,2014,2014,false,2010s,6.414914,1.28,2.18,1069.0,349.549,283.23581,41.343037
OGLE-2016-BLG-0263L b,OGLE-2016-BLG-0263L,ogle-2016-blg-0263l,Microlensing,microlensing,2017,2017,false,2010s,,13.0,1300.0,,6500.0,269.895416,-31.8186111
UKIRT-2017-BLG-001L b,UKIRT-2017-BLG-001L,ukirt-2017-blg-001l,Microlensing,microlensing,2018,2018,false,2010s,,13.7,407.0,,6300.0,266.654083,-29.2113609
Kepler-1430 b,Kepler-1430,kepler-1430,Transit,transit,2016,2016,false,2010s,2.46050993,1.18,1.76,969.0,875.523,289.6975391,43.3719581
Kepler-924 b,Kepler-924,kepler-924,Transit,transit,2016,2016,false,2010s,61.0370117,3.07,9.64,610.0,1053.04,290.6685136,40.3977086
K2-73 b,K2-73,k2-73,Transit,transit,2016,2016,false,2010s,7.49556,2.58,9.2,968.0,269.183,335.025662,-9.0560881
Kepler-1453 b,Kepler-1453,kepler-1453,Transit,transit,2016,2016,false,2010s,47.1611696,2.67,7.61,503.0,1196.04,286.1255037,47.9475586
Kepler-535 b,Kepler-535,kepler-535,Transit,transit,2016,2016,false,2010s,4.903321551,2.36,6.17,1247.0,685.599,296.5666587,49.6961742
MOA-2010-BLG-328L b,MOA-2010-BLG-328L,moa-2010-blg-328l,Microlensing,microlensing,2013,2013,false,2010s,,2.99,9.2,,810.0,269.496333,-30.715175
MOA-2012-BLG-006L b,MOA-2012-BLG-006L,moa-2012-blg-006l,Microlensing,microlensing,2017,2017,false,2010s,,12.6,2700.0,,5300.0,270.442963,-29.108778
OGLE-2018-BLG-1011L b,OGLE-2018-BLG-1011L,ogle-2018-blg-1011l,Microlensing,microlensing,2019,2019,false,2010s,,13.5,570.0,,7100.0,269.014,-29.0828889
BD+20 594 b,BD+20 594,bd+20 594,Transit,transit,2016,2016,false,2010s,41.6855,2.57807,22.2481,546.0,179.461,53.6511231,20.5990205
HD 147873 b,HD 147873,hd 147873,Radial Velocity,radial velocity,2016,2016,false,2010s,116.596,12.8,1633.6462,,109.055,246.4380471,-33.5672217
Kepler-1061 b,Kepler-1061,kepler-1061,Transit,transit,2016,2016,false,2010s,2.757982666,1.98,4.58,1332.0,543.375,296.2300306,50.2752091
Kepler-1539 b,Kepler-1539,kepler-1539,Transit,transit,2016,2016,false,2010s,133.3036741,2.7,7.75,301.0,748.326,284.2194566,44.2685146
GJ 3942 b,GJ 3942,gj 3942,Radial Velocity,radial velocity,2017,2017,false,2010s,6.905,2.57,7.14,590.0,16.9287,242.2645452,52.9441443
Kepler-235 d,Kepler-235,kepler-235,Transit,transit,2014,2014,false,2010s,20.060548,2.05,4.86,401.0,428.018,286.0790779,39.278237
Kepler-661 b,Kepler-661,kepler-661,Transit,transit,2016,2016,false,2010s,6.029301321,3.07,9.64,678.0,534.788,283.7107463,47.8631748
MOA-2011-BLG-028L b,MOA-2011-BLG-028L,moa-2011-blg-028l,Microlensing,microlensing,2016,2016,false,2010s,,5.99,30.0,,7380.0,270.854,-29.2134167
MOA-2013-BLG-605L b,MOA-2013-BLG-605L,moa-2013-blg-605l,Microlensing,microlensing,2016,2016,false,2010s,,1.62,3.24,,850.0,272.019257,-29.7315826
OGLE-2012-BLG-0406L b,OGLE-2012-BLG-0406L,ogle-2012-blg-0406l,Microlensing,microlensing,2013,2013,false,2010s,,13.2,868.0,,4970.0,268.325708,-30.4711667
Kepler-1076 b,Kepler-1076,kepler-1076,Transit,transit,2016,2016,false,2010s,6.14727918,0.8,0.437,770.0,199.0,287.5902594,51.0606047
Kepler-1258 b,Kepler-1258,kepler-1258,Transit,transit,2016,2016,false,2010s,0.984940167,0.86,0.566,2335.0,717.555,285.4049723,49.9948186
Kepler-87 c,Kepler-87,kepler-87,Transit,transit,2013,2013,false,2010s,191.2318,6.14,6.4,403.0,1232.9,297.9168433,46.9651146
HD 1605 b,HD 1605,hd 1605,Radial Velocity,radial velocity,2015,2015,false,2010s,577.2,13.8,296.85322,,88.8047,5.1317548,30.9750611
Kepler-1171 b,Kepler-1171,kepler-1171,Transit,transit,2016,2016,false,2010s,1.44259224,2.56,7.08,2700.0,573.0,294.9589285,38.5915968
Kepler-336 d,Kepler-336,kepler-336,Transit,transit,2014,2014,false,2010s,20.678772,2.37,6.21,749.0,768.86,290.2376224,41.3313637
CoRoT-16 b,CoRoT-16,corot-16,Transit,transit,2011,2011,false,2010s,5.35227,13.11,170.032,,732.409,278.5246658,-6.0026026
alf Tau b,alf Tau,alf tau,Radial Velocity,radial velocity,2015,2015,false,2010s,628.96,12.7,2056.3601,,20.4332,68.980174,16.509201
Kepler-1031 b,Kepler-1031,kepler-1031,Transit,transit,2016,2016,false,2010s,1.22621732,0.87,0.59,2024.0,682.882,296.0898796,48.9554121
mu Leo b,mu Leo,mu leo,Radial Velocity,radial velocity,2014,2014,false,2010s,357.8,13.3,762.8,,32.6081,148.1898673,26.0067142
Kepler-1533 b,Kepler-1533,kepler-1533,Transit,transit,2016,2016,false,2010s,308.5471,3.46,11.8,330.0,966.801,295.9755645,44.7133739
Kepler-61 b,Kepler-61,kepler-61,Transit,transit,2013,2013,false,2010s,59.87756,2.15,5.27,273.0,335.079,295.3044942,42.4753193
Kepler-120 c,Kepler-120,kepler-120,Transit,transit,2014,2014,false,2010s,12.794585,1.53,2.96,455.0,388.63,287.8915707,39.3390979
Kepler-1403 b,Kepler-1403,kepler-1403,Transit,transit,2016,2016,false,2010s,5.19492202,2.14,5.22,1238.0,2163.9,290.8676391,38.9600779
Kepler-118 c,Kepler-118,kepler-118,Transit,transit,2014,2014,false,2010s,20.17202,7.68,45.7,564.0,574.228,299.2131881,41.4248195
Kepler-822 b,Kepler-822,kepler-822,Transit,transit,2016,2016,false,2010s,3.222969273,1.77,3.78,1239.0,860.391,292.2760929,39.5501136
Kepler-608 b,Kepler-608,kepler-608,Transit,transit,2016,2016,false,2010s,6.412515037,3.64,12.9,1069.0,946.683,293.882901,44.6380717
Kepler-388 c,Kepler-388,kepler-388,Transit,transit,2014,2014,false,2010s,13.297004,0.86,0.566,515.0,425.0,284.8280577,44.6086451
Kepler-900 b,Kepler-900,kepler-900,Transit,transit,2016,2016,false,2010s,6.9913086,2.08,4.98,716.0,487.525,296.177272,46.9989635
Kepler-666 b,Kepler-666,kepler-666,Transit,transit,2016,2016,false,2010s,4.49876092,2.4,6.35,1133.0,1508.71,298.4568899,48.7915925
HIP 91258 b,HIP 91258,hip 91258,Radial Velocity,radial velocity,2013,2013,false,2010s,5.0505,13.7,346.4347,,45.8846,279.2211173,61.7015065
K2-22 b,K2-22,k2-22,Transit,transit,2015,2015,false,2010s,0.381073,2.3,444.962,2100.0,243.836,169.4827046,2.6190363
Kepler-1606 b,Kepler-1606,kepler-1606,Transit,transit,2016,2016,false,2010s,196.435224,2.07,4.94,324.0,831.287,286.3782987,43.0732287
HD 4917 b,HD 4917,hd 4917,Radial Velocity,radial velocity,2018,2018,false,2010s,400.5,13.5,513.29545,,204.277,12.7762624,-12.9276648
MOA-2012-BLG-505L b,MOA-2012-BLG-505L,moa-2012-blg-505l,Microlensing,microlensing,2017,2017,false,2010s,,2.48,6.7,,7210.0,268.143097,-32.0400925
Kepler-1461 b,Kepler-1461,kepler-1461,Transit,transit,2016,2016,false,2010s,29.3494775,2.03,4.78,451.0,679.106,285.8305091,43.198377
Kepler-361 c,Kepler-361,kepler-361,Transit,transit,2014,2014,false,2010s,55.188023,2.52,6.9,568.0,930.32,296.8034146,46.7411011
Kepler-763 b,Kepler-763,kepler-763,Transit,transit,2016,2016,false,2010s,1.19655156,1.22,1.98,1414.0,962.459,292.1445534,47.1573604
HD 98736 b,HD 98736,hd 98736,Radial Velocity,radial velocity,2018,2018,false,2010s,968.8,13.3,740.5439,,32.4459,170.4549045,18.1896082
KMT-2016-BLG-2142L b,KMT-2016-BLG-2142L,kmt-2016-blg-2142l,Microlensing,microlensing,2018,2018,false,2010s,,12.2,4923.0,,7010.0,268.112,-29.3845615
Kepler-340 b,Kepler-340,kepler-340,Transit,transit,2014,2014,false,2010s,14.844387,2.53,6.94,1092.0,808.762,295.933471,40.3005515
BD+48 738 b,BD+48 738,bd+48 738,Radial Velocity,radial velocity,2011,2011,false,2010s,392.6,13.9,289.2253,,871.493,40.7102869,49.5869395
Kepler-1307 b,Kepler-1307,kepler-1307,Transit,transit,2016,2016,false,2010s,18.01621096,2.47,6.66,768.0,1014.62,292.8698348,46.7418679
HAT-P-55 b,HAT-P-55,hat-p-55,Transit,transit,2015,2015,false,2010s,3.5852313,14.84069045,189.42573057,1367.0,511.388,264.2735096,25.7311468
HAT-P-65 b,HAT-P-65,hat-p-65,Transit,transit,2016,2016,false,2010s,2.60544751,18.05766791,176.07693748,1818.0,738.519,315.9054895,11.9893675
Kepler-326 c,Kepler-326,kepler-326,Transit,transit,2014,2014,false,2010s,4.580358,1.4,17.4,889.0,487.675,294.3255898,46.0022646
Kepler-132 b,Kepler-132,kepler-132,Transit,transit,2014,2014,false,2010s,6.178196,1.21,1.92,1082.0,349.549,283.23581,41.343037
MOA-bin-29 b,MOA-bin-29,moa-bin-29,Microlensing,microlensing,2019,2019,false,2010s,,14.1,190.0,,7120.0,269.3759583,-29.7365639
Kepler-707 b,Kepler-707,kepler-707,Transit,transit,2016,2016,false,2010s,2.237492751,1.33,2.33,1160.0,591.776,290.007564,42.1164698
Kepler-262 b,Kepler-262,kepler-262,Transit,transit,2014,2014,false,2010s,13.060855,1.36,2.42,734.0,613.129,290.7287168,37.2526575
Kepler-265 c,Kepler-265,kepler-265,Transit,transit,2014,2014,false,2010s,17.028937,2.63,7.41,755.0,1280.25,290.5104788,41.244743
Kepler-1572 b,Kepler-1572,kepler-1572,Transit,transit,2016,2016,false,2010s,5.49548621,0.94,0.779,1293.0,946.602,281.8973341,46.7227061
Kepler-352 c,Kepler-352,kepler-352,Transit,transit,2014,2014,false,2010s,16.332995,1.24,2.07,591.0,252.733,299.8966237,46.0519022
Kepler-278 c,Kepler-278,kepler-278,Transit,transit,2014,2014,false,2010s,51.111,3.268,34.9,492.0,443.03,290.1072124,38.7022694
WASP-157 b,WASP-157,wasp-157,Transit,transit,2016,2016,false,2010s,3.951623,11.19,182.43442,1193.0,334.037,201.6551525,-8.3176353
Kepler-400 c,Kepler-400,kepler-400,Transit,transit,2014,2014,false,2010s,17.340824,1.49,2.83,755.0,845.97,290.9444679,40.4800528
HATS-2 b,HATS-2,hats-2,Transit,transit,2013,2013,false,2010s,1.35413379,12.57647635,435.42491759,1550.0,341.925,176.7388264,-22.5630097
Kepler-1634 b,Kepler-1634,kepler-1634,Transit,transit,2016,2016,false,2010s,374.876239,3.19,10.3,282.0,617.339,294.043399,45.1398201
Kepler-122 b,Kepler-122,kepler-122,Transit,transit,2014,2014,false,2010s,5.766193,2.34,6.08,1159.0,1027.45,291.1118647,39.9490248
GJ 9827 c,GJ 9827,gj 9827,Transit,transit,2017,2017,false,2010s,3.648103,1.13,1.86,715.94,29.661,351.7717763,-1.2853435
Kepler-271 d,Kepler-271,kepler-271,Transit,transit,2016,2016,false,2010s,5.24972541,0.66,0.219,954.0,404.542,283.0029316,44.284108
GJ 273 c,GJ 273,gj 273,Radial Velocity,radial velocity,2017,2017,false,2010s,4.7234,1.06,1.18,,5.921535,111.852091,5.225807
Kepler-446 c,Kepler-446,kepler-446,Transit,transit,2015,2015,false,2010s,3.036179,1.11,1.41,520.0,96.339,282.2501047,44.921002
MOA-2010-BLG-117L b,MOA-2010-BLG-117L,moa-2010-blg-117l,Microlensing,microlensing,2018,2018,false,2010s,,14.2,170.0,,3500.0,271.95697,-25.3446388
Kepler-235 c,Kepler-235,kepler-235,Transit,transit,2014,2014,false,2010s,7.824904,1.28,2.18,555.0,428.018,286.0790779,39.278237
Kepler-20 d,Kepler-20,kepler-20,Transit,transit,2011,2011,false,2010s,77.611455,2.606,13.4,430.0,282.563,287.6979913,42.3385782
Kepler-697 b,Kepler-697,kepler-697,Transit,transit,2016,2016,false,2010s,3.709870645,4.13,16.0,1151.0,1277.33,283.8643937,41.3463859
Kepler-99 b,Kepler-99,kepler-99,Transit,transit,2014,2014,false,2010s,4.60358,1.48,6.15,810.0,208.369,297.3539994,41.3000452
Kepler-1555 b,Kepler-1555,kepler-1555,Transit,transit,2016,2016,false,2010s,8.10501635,1.61,3.22,959.0,2013.27,287.6354587,45.7160327
KMT-2018-BLG-1990L b,KMT-2018-BLG-1990L,kmt-2018-blg-1990l,Microlensing,microlensing,2019,2019,false,2010s,,12.9,111.0,,967.0,268.435375,-22.1525389
K2-247 c,K2-247,k2-247,Transit,transit,2018,2018,false,2010s,6.49424,2.19,5.43,688.0,258.113,188.8935189,-10.0692793
OGLE-2014-BLG-1722L b,OGLE-2014-BLG-1722L,ogle-2014-blg-1722l,Microlensing,microlensing,2018,2018,false,2010s,,8.59,55.3,,6400.0,268.75238,-31.4690552
KMT-2016-BLG-1820L b,KMT-2016-BLG-1820L,kmt-2016-blg-1820l,Microlensing,microlensing,2018,2018,false,2010s,,12.9,1450.0,,6260.0,268.76474,-29.5169201
OGLE-2007-BLG-349L AB c,OGLE-2007-BLG-349L A,ogle-2007-blg-349l a,Microlensing,microlensing,2016,2016,false,2010s,2557.0,10.7,80.0,,2760.0,271.351807,-26.4219437
Kepler-1104 b,Kepler-1104,kepler-1104,Transit,transit,2016,2016,false,2010s,5.03728015,1.23,2.04,1321.0,530.658,294.4685197,49.3309789
Kepler-860 b,Kepler-860,kepler-860,Transit,transit,2016,2016,false,2010s,5.101379454,3.24,10.6,1050.0,1056.36,295.5772681,46.2547028
LHS 1140 b,LHS 1140,lhs 1140,Transit,transit,2017,2017,false,2010s,24.73723,1.73,5.6,226.0,14.9861,11.248632,-15.2741085
LHS 1140 c,LHS 1140,lhs 1140,Transit,transit,2018,2018,false,2010s,3.77794,1.272,1.91,422.0,14.9861,11.248632,-15.2741085
Kepler-1604 b,Kepler-1604,kepler-1604,Transit,transit,2016,2016,false,2010s,0.683684256,1.41,2.57,2023.0,541.189,285.4106549,44.4122318
Kepler-804 b,Kepler-804,kepler-804,Transit,transit,2016,2016,false,2010s,14.37457351,1.94,4.42,779.0,649.65,293.3722109,44.7851812
Kepler-203 d,Kepler-203,kepler-203,Transit,transit,2014,2014,false,2010s,11.32972,1.44,33.9,855.0,703.302,297.089959,41.3880686
Kepler-1221 b,Kepler-1221,kepler-1221,Transit,transit,2016,2016,false,2010s,12.00096042,1.88,4.19,632.0,913.65,285.8223636,45.7118423
Kepler-920 c,Kepler-920,kepler-920,Transit,transit,2016,2016,false,2010s,100.8274113,3.8,13.8,364.0,1001.68,284.2969363,49.1585983
Kepler-750 b,Kepler-750,kepler-750,Transit,transit,2016,2016,false,2010s,9.42887179,3.07,9.64,1163.0,1296.02,289.0968274,44.004364
Kepler-955 b,Kepler-955,kepler-955,Transit,transit,2016,2016,false,2010s,14.53244172,3.13,9.96,664.0,550.383,288.4714969,40.2698157
OGLE-2011-BLG-0265L b,OGLE-2011-BLG-0265L,ogle-2011-blg-0265l,Microlensing,microlensing,2015,2015,false,2010s,,13.9,280.0,,4380.0,269.448833,-27.3945278
OGLE-2018-BLG-0740L b,OGLE-2018-BLG-0740L,ogle-2018-blg-0740l,Microlensing,microlensing,2019,2019,false,2010s,5480.0,12.9,1500.0,,3200.0,272.1769583,-29.8358056
Kepler-651 b,Kepler-651,kepler-651,Transit,transit,2016,2016,false,2010s,21.38521506,2.37,6.21,574.0,509.408,287.3327284,46.2034366
OGLE-2014-BLG-0124L b,OGLE-2014-BLG-0124L,ogle-2014-blg-0124l,Microlensing,microlensing,2015,2015,false,2010s,,14.1,206.58846455,,3500.0,270.6217083,-28.39625
Kepler-364 c,Kepler-364,kepler-364,Transit,transit,2014,2014,false,2010s,59.980627,2.15,5.27,568.0,891.462,281.5699998,47.3986233
Kepler-828 b,Kepler-828,kepler-828,Transit,transit,2016,2016,false,2010s,0.567857136,1.51,2.89,1848.0,575.322,286.8872555,42.4712271
Kepler-229 b,Kepler-229,kepler-229,Transit,transit,2014,2014,false,2010s,6.252972,2.2,5.48,823.0,826.265,286.9994758,48.3757867
Kepler-29 b,Kepler-29,kepler-29,Transit,transit,2011,2011,false,2010s,10.33974,2.55,5.0,777.0,832.532,298.348382,47.4913021
MOA-2016-BLG-227L b,MOA-2016-BLG-227L,moa-2016-blg-227l,Microlensing,microlensing,2017,2017,false,2010s,,13.2,890.0,,6500.0,271.473755,-27.7142868
Kepler-629 b,Kepler-629,kepler-629,Transit,transit,2016,2016,false,2010s,7.2385854,1.38,2.48,816.0,372.05,289.4179128,39.9450757
Kepler-1384 b,Kepler-1384,kepler-1384,Transit,transit,2016,2016,false,2010s,15.36262753,1.94,4.42,608.0,618.0,296.2151275,39.5270248
Kepler-847 b,Kepler-847,kepler-847,Transit,transit,2016,2016,false,2010s,2.343231895,1.18,1.76,1054.0,513.103,283.5048144,49.4509371
Kepler-1262 b,Kepler-1262,kepler-1262,Transit,transit,2016,2016,false,2010s,8.67900242,1.82,3.97,949.0,1054.87,288.7718287,42.2131694
Kepler-764 b,Kepler-764,kepler-764,Transit,transit,2016,2016,false,2010s,7.33683936,1.64,3.33,875.0,1047.84,297.3931183,47.1645814
Kepler-782 b,Kepler-782,kepler-782,Transit,transit,2016,2016,false,2010s,158.6853308,3.21,10.4,350.0,446.844,288.868246,47.75947
Kepler-824 b,Kepler-824,kepler-824,Transit,transit,2016,2016,false,2010s,4.51436633,1.87,4.16,1231.0,1201.4,290.477406,39.7319975
Kepler-743 b,Kepler-743,kepler-743,Transit,transit,2016,2016,false,2010s,3.179262921,1.21,1.92,1101.0,278.987,295.57423,42.8064255
Kepler-821 b,Kepler-821,kepler-821,Transit,transit,2016,2016,false,2010s,1.92279873,1.31,2.27,1215.0,614.571,285.6173937,39.3794684
Kepler-749 b,Kepler-749,kepler-749,Transit,transit,2016,2016,false,2010s,17.31716585,3.1,9.8,454.0,721.027,299.8973341,43.9040667
Kepler-820 b,Kepler-820,kepler-820,Transit,transit,2016,2016,false,2010s,127.8338098,6.09,30.8,554.0,1387.2,291.0201523,39.2206091
OGLE-2015-BLG-0051L b,OGLE-2015-BLG-0051L,ogle-2015-blg-0051l,Microlensing,microlensing,2016,2016,false,2010s,,14.0,230.0,,8200.0,269.662537,-28.0316944
Kepler-56 d,Kepler-56,kepler-56,Radial Velocity,radial velocity,2016,2016,false,2010s,1002.0,12.8,1784.0,,912.994,293.7583002,41.871807
Kepler-755 b,Kepler-755,kepler-755,Transit,transit,2016,2016,false,2010s,1.269090374,1.76,3.75,1331.0,399.034,296.8609348,41.0973178
Kepler-816 b,Kepler-816,kepler-816,Transit,transit,2016,2016,false,2010s,10.506825646,10.24,74.5,668.0,983.697,293.3628165,39.2124394
Kepler-791 b,Kepler-791,kepler-791,Transit,transit,2016,2016,false,2010s,14.5539759,3.05,9.53,939.0,1266.34,293.5958044,39.0294267
Kepler-793 b,Kepler-793,kepler-793,Transit,transit,2016,2016,false,2010s,4.24153639,1.37,2.45,1177.0,985.699,295.2167334,38.7744269
OGLE-2012-BLG-0950L b,OGLE-2012-BLG-0950L,ogle-2012-blg-0950l,Microlensing,microlensing,2016,2016,false,2010s,,6.56,35.0,,2600.0,272.019257,-29.7315826
HD 42618 b,HD 42618,hd 42618,Radial Velocity,radial velocity,2016,2016,false,2010s,149.61,3.89,14.4,337.0,24.3358,93.0032173,6.7819742
Kepler-757 b,Kepler-757,kepler-757,Transit,transit,2016,2016,false,2010s,1.022678821,1.36,2.42,1734.0,1068.68,296.6804876,41.3865279
Kepler-759 b,Kepler-759,kepler-759,Transit,transit,2016,2016,false,2010s,41.805985,2.27,5.77,533.0,1073.48,290.1314231,41.3814345
Kepler-815 b,Kepler-815,kepler-815,Transit,transit,2016,2016,false,2010s,8.57503552,4.11,15.8,1374.0,1259.28,285.2211238,47.8813037
Kepler-790 b,Kepler-790,kepler-790,Transit,transit,2016,2016,false,2010s,13.73469807,2.18,5.39,634.0,703.168,286.9171489,38.8722123
Kepler-787 b,Kepler-787,kepler-787,Transit,transit,2016,2016,false,2010s,0.928310498,1.28,2.18,1115.0,503.568,291.6924773,38.5729105
TYC 3667-1280-1 b,TYC 3667-1280-1,tyc 3667-1280-1,Radial Velocity,radial velocity,2016,2016,false,2010s,26.468,12.8,1716.282,1350.0,477.516,12.8875757,58.4261485
Kepler-26 b,Kepler-26,kepler-26,Transit,transit,2011,2011,false,2010s,12.28,2.78,5.12,431.0,335.307,284.9410627,46.5664505
Kepler-760 b,Kepler-760,kepler-760,Transit,transit,2016,2016,false,2010s,8.70419416,3.06,9.59,748.0,792.336,287.5931997,44.1794278
Kepler-502 b,Kepler-502,kepler-502,Transit,transit,2016,2016,false,2010s,4.28686431,4.77,20.4,1217.0,1591.04,291.080133,43.8601911
Kepler-812 b,Kepler-812,kepler-812,Transit,transit,2016,2016,false,2010s,10.11716531,3.55,12.3,1163.0,1482.74,288.8552821,48.208517
Kepler-811 b,Kepler-811,kepler-811,Transit,transit,2016,2016,false,2010s,23.58447697,2.7,7.75,730.0,985.041,285.4241593,47.8345586
Kepler-484 b,Kepler-484,kepler-484,Transit,transit,2016,2016,false,2010s,10.045569313,2.28,5.82,766.0,382.136,284.3942844,46.2491109
Kepler-26 c,Kepler-26,kepler-26,Transit,transit,2011,2011,false,2010s,17.2559,2.72,6.2,385.0,335.307,284.9410627,46.5664505
Kepler-474 b,Kepler-474,kepler-474,Transit,transit,2016,2016,false,2010s,5.660672935,3.06,9.59,1115.0,841.496,292.3215174,43.8811723
Kepler-768 b,Kepler-768,kepler-768,Transit,transit,2016,2016,false,2010s,11.3910025,1.79,3.86,618.0,784.56,294.1156858,38.3934378
Kepler-810 b,Kepler-810,kepler-810,Transit,transit,2016,2016,false,2010s,4.59725385,1.93,4.38,1105.0,1458.59,296.6148615,48.0825642
Kepler-827 b,Kepler-827,kepler-827,Transit,transit,2016,2016,false,2010s,51.92927591,5.63,27.0,574.0,2046.68,294.9660027,42.7085608
Kepler-458 c,KIC 9663113,kic 9663113,Transit,transit,2016,2016,false,2010s,20.74028413,4.2,16.4,798.0,1594.74,297.0454037,46.3286653
Kepler-307 c,Kepler-307,kepler-307,Transit,transit,2013,2013,false,2010s,13.0729,2.2,3.64,739.0,575.581,297.7950939,40.4176403
Kepler-500 b,Kepler-500,kepler-500,Transit,transit,2016,2016,false,2010s,8.508324398,2.58,7.18,909.0,807.48,295.9513472,43.8519884
Kepler-806 b,Kepler-806,kepler-806,Transit,transit,2016,2016,false,2010s,8.09219642,1.14,1.55,1089.0,361.896,296.0071956,44.8535698
Kepler-784 b,Kepler-784,kepler-784,Transit,transit,2016,2016,false,2010s,31.5922646,1.58,3.12,688.0,1303.72,295.9206663,47.4486164
Kepler-831 b,Kepler-831,kepler-831,Transit,transit,2016,2016,false,2010s,5.62153941,1.27,2.15,992.0,593.54,294.9855607,42.7277355
Kepler-779 b,Kepler-779,kepler-779,Transit,transit,2016,2016,false,2010s,7.09714223,0.92,0.721,425.0,283.155,285.6285208,44.3107855
Kepler-803 b,Kepler-803,kepler-803,Transit,transit,2016,2016,false,2010s,50.28638192,3.79,13.8,543.0,639.771,299.2216728,44.6939033
Kepler-802 b,Kepler-802,kepler-802,Transit,transit,2016,2016,false,2010s,40.0587473,3.54,12.3,489.0,780.585,286.0157998,45.0077413
Kepler-830 b,Kepler-830,kepler-830,Transit,transit,2016,2016,false,2010s,11.29695137,1.7,3.53,907.0,1122.0,295.054238,42.7568316
Kepler-829 b,Kepler-829,kepler-829,Transit,transit,2016,2016,false,2010s,6.88337562,2.11,5.1,857.0,1073.76,282.3328312,42.4638125
Kepler-477 b,Kepler-477,kepler-477,Transit,transit,2016,2016,false,2010s,11.11990653,2.07,4.94,649.0,367.0,288.067445,42.355305
Kepler-505 b,Kepler-505,kepler-505,Transit,transit,2016,2016,false,2010s,27.52197994,2.6,7.27,314.0,283.41,287.857953,42.5426758
Kepler-499 b,Kepler-499,kepler-499,Transit,transit,2016,2016,false,2010s,5.632528453,2.17,5.35,844.0,556.726,295.1099549,43.9151012
HD 141399 b,HD 141399,hd 141399,Radial Velocity,radial velocity,2014,2014,false,2010s,94.44,14.3,143.34133,,37.0169,236.7235392,46.986288
HD 141399 c,HD 141399,hd 141399,Radial Velocity,radial velocity,2014,2014,false,2010s,201.99,13.6,422.7139,,37.0169,236.7235392,46.986288
Kepler-745 b,Kepler-745,kepler-745,Transit,transit,2016,2016,false,2010s,9.93143556,2.16,5.31,931.0,1780.38,291.4994412,37.0592571
Kepler-848 b,Kepler-848,kepler-848,Transit,transit,2016,2016,false,2010s,6.91134416,1.7,3.53,1086.0,1378.47,293.2882949,48.8116114
Kepler-794 b,Kepler-794,kepler-794,Transit,transit,2016,2016,false,2010s,11.13125132,2.11,5.1,952.0,931.192,288.1336793,38.9968923
Kepler-796 b,Kepler-796,kepler-796,Transit,transit,2016,2016,false,2010s,6.40087618,1.3,2.24,1109.0,817.584,287.3078999,39.1447097
HD 141399 e,HD 141399,hd 141399,Radial Velocity,radial velocity,2014,2014,false,2010s,5000.0,14.1,209.7678,,37.0169,236.7235392,46.986288
Kepler-753 b,Kepler-753,kepler-753,Transit,transit,2016,2016,false,2010s,5.747725012,1.91,4.31,641.0,274.767,291.9032411,37.9023677
Kepler-752 b,Kepler-752,kepler-752,Transit,transit,2016,2016,false,2010s,18.82747265,2.81,8.3,632.0,1232.29,292.2681469,37.955672
Kepler-846 b,Kepler-846,kepler-846,Transit,transit,2016,2016,false,2010s,19.80792185,2.48,6.71,624.0,1127.12,287.0570731,49.0460112
Kepler-845 b,Kepler-845,kepler-845,Transit,transit,2016,2016,false,2010s,0.927859821,2.04,4.82,1361.0,431.051,290.9576363,49.2037262
Kepler-771 b,Kepler-771,kepler-771,Transit,transit,2016,2016,false,2010s,8.73485836,1.82,3.97,890.0,1393.85,287.4441104,38.0884183
Kepler-773 b,Kepler-773,kepler-773,Transit,transit,2016,2016,false,2010s,3.749100061,1.43,2.63,1160.0,547.026,290.8846217,38.0575539
Kepler-844 b,Kepler-844,kepler-844,Transit,transit,2016,2016,false,2010s,2.613020856,1.68,3.46,713.0,431.776,287.8578541,48.7739646
Kepler-843 b,Kepler-843,kepler-843,Transit,transit,2016,2016,false,2010s,2.053879821,2.59,7.22,1523.0,1165.66,296.3219786,48.9714373
HIP 74890 b,HIP 74890,hip 74890,Radial Velocity,radial velocity,2016,2016,false,2010s,822.3,13.3,762.792,,78.6562,229.5714974,-41.4210961
Kepler-767 b,Kepler-767,kepler-767,Transit,transit,2016,2016,false,2010s,161.5280101,6.64,35.7,366.0,2251.03,291.5791562,38.0358066
Kepler-774 b,Kepler-774,kepler-774,Transit,transit,2016,2016,false,2010s,11.0895723,3.17,10.2,1422.0,917.804,291.0318604,38.211894
Kepler-841 b,Kepler-841,kepler-841,Transit,transit,2016,2016,false,2010s,124.4198398,5.23,23.8,416.0,998.961,284.2513637,48.8095962
Kepler-842 b,Kepler-842,kepler-842,Transit,transit,2016,2016,false,2010s,1.21956827,1.6,3.19,1252.0,532.726,292.3285976,49.6535171
Kepler-839 b,Kepler-839,kepler-839,Transit,transit,2016,2016,false,2010s,37.8144514,2.57,7.13,626.0,944.561,291.074684,45.242544
HD 133131 A b,HD 133131 A,hd 133131 a,Radial Velocity,radial velocity,2016,2016,false,2010s,649.0,13.6,451.3186,,51.4736,225.8984524,-27.8431369
Kepler-770 b,Kepler-770,kepler-770,Transit,transit,2016,2016,false,2010s,18.92540274,2.3,5.9,1171.0,930.457,286.4904589,38.374872
Kepler-769 b,Kepler-769,kepler-769,Transit,transit,2016,2016,false,2010s,7.42608998,2.92,8.85,1037.0,1169.57,292.7130925,38.3581685
HD 133131 B b,HD 133131 B,hd 133131 b,Radial Velocity,radial velocity,2016,2016,false,2010s,5769.0,13.3,794.575,,51.2993,225.8999745,-27.8415947
Kepler-744 b,Kepler-744,kepler-744,Transit,transit,2016,2016,false,2010s,12.06222443,1.62,3.26,750.0,449.964,296.4960493,47.1827848
Kepler-765 b,Kepler-765,kepler-765,Transit,transit,2016,2016,false,2010s,27.6655226,2.43,6.48,641.0,1076.28,283.1846044,47.1557114
Kepler-834 b,Kepler-834,kepler-834,Transit,transit,2016,2016,false,2010s,13.32388301,2.02,4.74,378.0,633.937,287.0544674,45.1803351
Kepler-832 b,Kepler-832,kepler-832,Transit,transit,2016,2016,false,2010s,7.1396941,2.06,4.9,965.0,1688.12,295.9261101,45.383869
Kepler-912 b,Kepler-912,kepler-912,Transit,transit,2016,2016,false,2010s,2.534756273,2.8,8.25,1218.0,2004.72,298.1111779,41.758324
Kepler-1017 b,Kepler-1017,kepler-1017,Transit,transit,2016,2016,false,2010s,7.23400469,1.99,4.62,831.0,552.058,283.469299,40.1325185
Kepler-980 b,Kepler-980,kepler-980,Transit,transit,2016,2016,false,2010s,11.55102504,2.67,7.61,845.0,961.468,294.6129869,45.060174
Kepler-983 b,Kepler-983,kepler-983,Transit,transit,2016,2016,false,2010s,60.0855082,2.36,6.17,485.0,714.437,285.1042243,45.0080745
Kepler-870 b,Kepler-870,kepler-870,Transit,transit,2016,2016,false,2010s,21.3587621,2.78,8.15,691.0,1259.46,295.4025625,50.4785992
Kepler-869 b,Kepler-869,kepler-869,Transit,transit,2016,2016,false,2010s,40.4287755,3.61,12.7,494.0,939.455,289.4245955,50.9941198
Kepler-913 b,Kepler-913,kepler-913,Transit,transit,2016,2016,false,2010s,10.29672521,2.06,4.9,1129.0,991.618,297.5830564,41.9523531
Kepler-910 b,Kepler-910,kepler-910,Transit,transit,2016,2016,false,2010s,2.364369015,0.82,0.477,1752.0,400.289,296.0472937,42.7429414
Kepler-964 b,Kepler-964,kepler-964,Transit,transit,2016,2016,false,2010s,13.5225106,2.12,5.14,652.0,454.626,295.300065,40.5565792
Kepler-963 b,Kepler-963,kepler-963,Transit,transit,2016,2016,false,2010s,9.97683705,2.66,7.56,802.0,771.494,296.7529742,45.0411049
Kepler-866 b,Kepler-866,kepler-866,Transit,transit,2016,2016,false,2010s,2.617032536,1.63,3.29,996.0,646.667,290.1222112,43.085407
Kepler-865 b,Kepler-865,kepler-865,Transit,transit,2016,2016,false,2010s,14.16399294,2.49,6.76,694.0,586.137,297.7242257,43.5272796
Kepler-915 b,Kepler-915,kepler-915,Transit,transit,2016,2016,false,2010s,4.59489604,1.5,2.86,1319.0,849.036,290.5921293,45.7372184
Kepler-914 b,Kepler-914,kepler-914,Transit,transit,2016,2016,false,2010s,4.40966548,1.38,2.48,1192.0,753.723,290.4120774,44.8993227
Kepler-1051 b,Kepler-1051,kepler-1051,Transit,transit,2016,2016,false,2010s,25.96200249,3.4,11.5,850.0,829.343,295.1581062,40.8988186
Kepler-1058 b,Kepler-1058,kepler-1058,Transit,transit,2016,2016,false,2010s,110.96546,2.72,7.85,239.0,491.997,294.5956256,45.8750556
Kepler-864 b,Kepler-864,kepler-864,Transit,transit,2016,2016,false,2010s,5.83376092,2.4,6.35,1143.0,2022.9,285.0570943,46.3206074
Kepler-863 b,Kepler-863,kepler-863,Transit,transit,2016,2016,false,2010s,15.59461874,2.9,8.75,718.0,1499.66,297.6644677,43.2489903
Kepler-923 b,Kepler-923,kepler-923,Transit,transit,2016,2016,false,2010s,6.93366476,1.38,2.48,1104.0,1000.28,294.1710831,40.0551372
Kepler-916 b,Kepler-916,kepler-916,Transit,transit,2016,2016,false,2010s,32.2968798,1.76,3.75,503.0,830.712,290.9833818,45.9733334
Kepler-950 b,Kepler-950,kepler-950,Transit,transit,2016,2016,false,2010s,98.7180406,8.98,59.6,360.0,2161.6,287.9565768,41.1302834
Kepler-1029 b,Kepler-1029,kepler-1029,Transit,transit,2016,2016,false,2010s,4.417696479,1.26,2.13,790.0,366.656,292.1328738,41.5474786
Kepler-958 b,Kepler-958,kepler-958,Transit,transit,2016,2016,false,2010s,9.7678805,2.06,4.9,749.0,449.773,287.2566578,46.0667247
Kepler-861 b,Kepler-861,kepler-861,Transit,transit,2016,2016,false,2010s,3.949631375,2.28,5.82,966.0,850.327,292.3539624,46.2262465
Kepler-862 b,Kepler-862,kepler-862,Transit,transit,2016,2016,false,2010s,3.148664534,2.21,5.52,1097.0,1039.03,297.7792466,46.4926688
Kepler-927 b,Kepler-927,kepler-927,Transit,transit,2016,2016,false,2010s,9.1149903,1.72,3.61,906.0,831.685,289.3834807,41.3926651
Kepler-962 b,Kepler-962,kepler-962,Transit,transit,2016,2016,false,2010s,12.05707239,1.97,4.54,689.0,411.486,295.3131906,46.2375024
Kepler-930 b,Kepler-930,kepler-930,Transit,transit,2016,2016,false,2010s,71.4517775,2.13,5.18,561.0,848.396,298.3144494,42.2473698
Kepler-929 b,Kepler-929,kepler-929,Transit,transit,2016,2016,false,2010s,0.921032135,1.11,1.41,2362.0,1311.23,298.4811022,41.6152603
Kepler-952 b,Kepler-952,kepler-952,Transit,transit,2016,2016,false,2010s,130.3546919,7.65,45.4,369.0,1304.25,285.3718781,41.9938697
Kepler-965 b,Kepler-965,kepler-965,Transit,transit,2016,2016,false,2010s,134.2527298,3.38,11.4,393.0,582.828,298.5153169,41.8912305
Kepler-979 b,Kepler-979,kepler-979,Transit,transit,2016,2016,false,2010s,8.0880135,2.72,7.85,792.0,576.503,300.3712023,46.4081872
Kepler-932 b,Kepler-932,kepler-932,Transit,transit,2016,2016,false,2010s,1.921437396,1.37,2.45,1276.0,465.612,296.9520797,43.2720233
Kepler-931 b,Kepler-931,kepler-931,Transit,transit,2016,2016,false,2010s,8.03755877,1.33,2.33,744.0,490.0,297.1326937,42.7682885
Kepler-1006 b,Kepler-1006,kepler-1006,Transit,transit,2016,2016,false,2010s,19.76172042,1.54,2.99,791.0,1081.738,295.7542063,42.5373065
Kepler-990 b,Kepler-990,kepler-990,Transit,transit,2016,2016,false,2010s,9.91723428,2.6,7.27,903.0,802.163,297.9381813,46.8813194
Kepler-892 b,Kepler-892,kepler-892,Transit,transit,2016,2016,false,2010s,13.7521072,2.81,8.3,556.0,570.727,283.1296399,43.8880983
Kepler-895 b,Kepler-895,kepler-895,Transit,transit,2016,2016,false,2010s,2.806242328,1.54,2.99,771.0,540.134,289.2906978,51.4089936
Kepler-507 b,Kepler-507,kepler-507,Transit,transit,2016,2016,false,2010s,3.568096926,1.3,5.69692195,1407.0,391.644,297.0188074,50.409046
Kepler-1027 b,Kepler-1027,kepler-1027,Transit,transit,2016,2016,false,2010s,1.907805199,0.89,0.64,1268.0,405.104,287.5711746,42.8138159
Kepler-982 b,Kepler-982,kepler-982,Transit,transit,2016,2016,false,2010s,15.7738221,2.25,5.69,955.0,801.479,288.4176803,46.5904531
Kepler-1052 b,Kepler-1052,kepler-1052,Transit,transit,2016,2016,false,2010s,34.8538276,2.93,8.91,522.0,943.444,295.34273,46.6022134
Kepler-897 b,Kepler-897,kepler-897,Transit,transit,2016,2016,false,2010s,8.0472642,2.39,6.3,855.0,1519.25,290.5867992,51.6957731
Kepler-898 b,Kepler-898,kepler-898,Transit,transit,2016,2016,false,2010s,5.8706191,1.49,2.83,616.0,484.891,286.5854116,46.8708877
Kepler-938 b,Kepler-938,kepler-938,Transit,transit,2016,2016,false,2010s,52.6298417,2.22,5.56,544.0,1182.05,294.7890593,46.9839352
Kepler-986 b,Kepler-986,kepler-986,Transit,transit,2016,2016,false,2010s,56.4349938,2.36,6.17,465.0,548.364,293.0940391,42.8964457
Kepler-978 b,Kepler-978,kepler-978,Transit,transit,2016,2016,false,2010s,49.6221509,2.99,9.22,546.0,682.522,286.7107166,43.0433585
Kepler-960 b,Kepler-960,kepler-960,Transit,transit,2016,2016,false,2010s,3.12686223,2.29,5.86,1391.0,284.916,281.4572217,46.7465538
Kepler-976 b,Kepler-976,kepler-976,Transit,transit,2016,2016,false,2010s,105.9564148,3.96,14.9,324.0,1012.41,289.8696232,46.7296855
Kepler-899 b,Kepler-899,kepler-899,Transit,transit,2016,2016,false,2010s,19.17891293,2.68,7.65,640.0,1246.43,297.4825612,40.6807412
Kepler-1015 b,Kepler-1015,kepler-1015,Transit,transit,2016,2016,false,2010s,16.00494214,3.55,12.3,1040.0,739.357,292.7573088,43.4268439
Kepler-1002 b,Kepler-1002,kepler-1002,Transit,transit,2016,2016,false,2010s,4.336429331,1.71,3.57,1453.0,408.303,293.0794629,43.073677
Kepler-889 b,Kepler-889,kepler-889,Transit,transit,2016,2016,false,2010s,3.744439,1.09,1.32,1328.0,598.313,291.467454,50.7595597
Kepler-903 b,Kepler-903,kepler-903,Transit,transit,2016,2016,false,2010s,10.3507721,2.01,4.7,842.0,1369.24,288.7710137,40.6641771
Kepler-904 b,Kepler-904,kepler-904,Transit,transit,2016,2016,false,2010s,3.021668632,1.77,3.78,1332.0,978.125,288.8229001,40.38901
Kepler-918 b,Kepler-918,kepler-918,Transit,transit,2016,2016,false,2010s,4.85386933,1.74,3.68,1052.0,1025.03,298.2007268,48.2677925
Kepler-920 b,Kepler-920,kepler-920,Transit,transit,2016,2016,false,2010s,6.53192704,2.42,6.44,907.0,1001.68,284.2969363,49.1585983
Kepler-961 b,Kepler-961,kepler-961,Transit,transit,2016,2016,false,2010s,16.87727414,2.55,7.04,642.0,574.314,282.0354942,43.6312491
Kepler-972 b,Kepler-972,kepler-972,Transit,transit,2016,2016,false,2010s,7.03932553,4.65,19.5,1060.0,1198.03,295.828679,43.4254371
Kepler-886 b,Kepler-886,kepler-886,Transit,transit,2016,2016,false,2010s,6.24146367,1.52,2.92,1111.0,711.297,286.2717162,43.5952037
Kepler-885 b,Kepler-885,kepler-885,Transit,transit,2016,2016,false,2010s,18.11472949,2.5,6.8,830.0,651.318,288.6615682,49.7371538
Kepler-906 b,Kepler-906,kepler-906,Transit,transit,2016,2016,false,2010s,41.6979976,2.11,5.1,537.0,757.791,291.4055614,40.1254254
Kepler-466 c,Kepler-466,kepler-466,Transit,transit,2016,2016,false,2010s,3.709213846,1.25,2.1,1206.0,530.122,295.6486585,48.4955191
Kepler-921 b,Kepler-921,kepler-921,Transit,transit,2016,2016,false,2010s,51.300634,2.87,8.6,492.0,934.49,284.6162253,49.1907438
Kepler-943 b,Kepler-943,kepler-943,Transit,transit,2016,2016,false,2010s,49.7701438,5.93,29.5,455.0,2300.53,284.2739322,41.5349809
Kepler-946 b,Kepler-946,kepler-946,Transit,transit,2016,2016,false,2010s,11.79162572,1.93,4.38,857.0,1137.29,300.9295551,44.028671
Kepler-1014 b,Kepler-1014,kepler-1014,Transit,transit,2016,2016,false,2010s,16.57110363,2.39,6.3,614.0,624.8,285.1219875,44.1105331
Kepler-852 b,Kepler-852,kepler-852,Transit,transit,2016,2016,false,2010s,44.9309804,2.54,6.99,565.0,1619.03,297.3915863,48.5606875
Kepler-884 b,Kepler-884,kepler-884,Transit,transit,2016,2016,false,2010s,5.69919514,1.23,2.04,964.0,476.733,292.5844328,49.9232012
Kepler-529 c,Kepler-529,kepler-529,Transit,transit,2016,2016,false,2010s,12.8345022,2.0,4.66,891.0,799.008,285.8884067,47.880364
Kepler-944 b,Kepler-944,kepler-944,Transit,transit,2016,2016,false,2010s,43.3167737,2.63,7.41,459.0,1349.43,293.6012911,42.379791
Kepler-942 b,Kepler-942,kepler-942,Transit,transit,2016,2016,false,2010s,44.96417488,2.13,5.18,379.0,216.354,294.9550809,44.1499518
Kepler-1010 b,Kepler-1010,kepler-1010,Transit,transit,2016,2016,false,2010s,34.2685705,2.32,5.99,477.0,579.273,289.1926026,44.1493165
Kepler-882 b,Kepler-882,kepler-882,Transit,transit,2016,2016,false,2010s,3.989539666,1.23,2.04,903.0,504.605,294.6500256,43.3356106
Kepler-255 d,Kepler-255,kepler-255,Transit,transit,2016,2016,false,2010s,1.045622658,1.32,2.3,1710.0,1052.53,296.0642702,45.9767647
Kepler-758 c,Kepler-758,kepler-758,Transit,transit,2016,2016,false,2010s,4.75793986,1.69,3.5,1372.0,1502.32,293.0846115,41.1354049
Kepler-1034 b,Kepler-1034,kepler-1034,Transit,transit,2016,2016,false,2010s,12.12400943,2.26,5.73,675.0,654.549,286.1154093,37.9669464
Kepler-1013 b,Kepler-1013,kepler-1013,Transit,transit,2016,2016,false,2010s,18.93054959,2.15,5.27,766.0,422.246,290.2481023,44.4352935
Kepler-1054 b,Kepler-1054,kepler-1054,Transit,transit,2016,2016,false,2010s,4.30655689,2.63,7.41,1177.0,1090.51,290.6011085,44.5563604
Kepler-760 c,Kepler-760,kepler-760,Transit,transit,2016,2016,false,2010s,2.46697439,1.48,2.79,1139.0,792.336,287.5931997,44.1794278
Kepler-271 c,Kepler-271,kepler-271,Transit,transit,2014,2014,false,2010s,7.41086267,0.95,0.809,850.0,404.542,283.0029316,44.284108
Kepler-967 b,Kepler-967,kepler-967,Transit,transit,2016,2016,false,2010s,13.22713379,2.35,6.12,638.0,568.546,286.5580128,38.4052418
Kepler-995 b,Kepler-995,kepler-995,Transit,transit,2016,2016,false,2010s,28.26731672,2.7,7.75,517.0,609.638,284.6157154,39.130998
Kepler-1033 b,Kepler-1033,kepler-1033,Transit,transit,2016,2016,false,2010s,7.56052806,2.51,6.85,914.0,1455.5,283.8450963,44.6090251
Kepler-876 b,Kepler-876,kepler-876,Transit,transit,2016,2016,false,2010s,5.14438011,1.43,2.63,923.0,820.913,283.4781717,43.3837235
Kepler-875 b,Kepler-875,kepler-875,Transit,transit,2016,2016,false,2010s,27.5073799,2.9,8.75,569.0,1242.62,297.3012497,43.1418313
Kepler-732 c,Kepler-732,kepler-732,Transit,transit,2016,2016,false,2010s,0.893041236,1.27,2.15,893.0,174.826,283.7317274,45.9585288
Kepler-1060 b,Kepler-1060,kepler-1060,Transit,transit,2016,2016,false,2010s,46.8779367,2.38,6.26,484.0,946.565,286.0252285,39.6309204
Kepler-1008 b,Kepler-1008,kepler-1008,Transit,transit,2016,2016,false,2010s,12.43931193,1.28,2.18,627.0,282.565,296.5476395,44.9418307
Kepler-1055 b,Kepler-1055,kepler-1055,Transit,transit,2016,2016,false,2010s,2.295036233,1.23,2.04,1304.0,389.397,290.4867838,44.932541
Kepler-1045 b,Kepler-1045,kepler-1045,Transit,transit,2016,2016,false,2010s,26.41045478,2.69,7.7,512.0,942.485,284.1832668,45.0740897
Kepler-872 b,Kepler-872,kepler-872,Transit,transit,2016,2016,false,2010s,2.578855068,1.99,4.62,1230.0,879.683,295.4174725,43.6056117
Kepler-1071 b,Kepler-1071,kepler-1071,Transit,transit,2016,2016,false,2010s,6.1799844,2.38,6.26,814.0,1042.27,293.0579794,45.2487472
Kepler-1139 b,Kepler-1139,kepler-1139,Transit,transit,2016,2016,false,2010s,0.813166719,1.19,1.81,1693.0,495.156,287.9455985,39.2305281
Kepler-1180 b,Kepler-1180,kepler-1180,Transit,transit,2016,2016,false,2010s,16.8601286,1.99,4.62,765.0,1596.8,295.8874773,43.1559952
Kepler-1181 b,Kepler-1181,kepler-1181,Transit,transit,2016,2016,false,2010s,4.89337519,1.57,3.09,1374.0,938.417,289.7473165,39.5234131
Kepler-991 b,Kepler-991,kepler-991,Transit,transit,2016,2016,false,2010s,82.5342519,2.54,6.99,260.0,389.561,297.0905543,49.6264867
Kepler-1141 b,Kepler-1141,kepler-1141,Transit,transit,2016,2016,false,2010s,2.344511944,0.82,0.477,1471.0,393.642,290.5436836,47.7259073
Kepler-1140 b,Kepler-1140,kepler-1140,Transit,transit,2016,2016,false,2010s,24.0862707,2.77,8.1,500.0,656.48,281.6940529,46.946521
Kepler-1183 b,Kepler-1183,kepler-1183,Transit,transit,2016,2016,false,2010s,28.5057189,2.82,8.35,555.0,1919.19,292.2324228,38.8921946
Kepler-1192 b,Kepler-1192,kepler-1192,Transit,transit,2016,2016,false,2010s,25.2034787,2.36,6.17,600.0,1304.19,282.1405603,43.8964934
Kepler-1028 b,Kepler-1028,kepler-1028,Transit,transit,2016,2016,false,2010s,2.51462432,1.33,2.33,1217.0,607.916,289.5931004,49.7812447
Kepler-1004 b,Kepler-1004,kepler-1004,Transit,transit,2016,2016,false,2010s,5.28789787,6.28,32.5,1661.0,1152.68,297.3593427,49.7975464
Kepler-1072 b,Kepler-1072,kepler-1072,Transit,transit,2016,2016,false,2010s,1.569066502,1.58,3.12,1849.0,982.716,292.0443891,46.3289723
Kepler-1065 b,Kepler-1065,kepler-1065,Transit,transit,2016,2016,false,2010s,3.609308907,3.73,13.4,1092.0,1122.48,294.511319,38.7904648
Kepler-1077 b,Kepler-1077,kepler-1077,Transit,transit,2016,2016,false,2010s,34.3511874,2.77,8.1,576.0,1101.42,291.0336333,42.2678448
Kepler-1194 b,Kepler-1194,kepler-1194,Transit,transit,2016,2016,false,2010s,16.22371307,1.51,2.89,676.0,757.382,291.6994841,38.1452065
Kepler-1197 b,Kepler-1197,kepler-1197,Transit,transit,2016,2016,false,2010s,2.03231845,1.25,2.1,1011.0,486.94,291.6693437,42.5907441
Kepler-1146 b,Kepler-1146,kepler-1146,Transit,transit,2016,2016,false,2010s,2.352265797,1.23,2.04,1019.0,703.038,286.716712,47.425658
Kepler-1144 b,Kepler-1144,kepler-1144,Transit,transit,2016,2016,false,2010s,17.14647302,1.99,4.62,811.0,1140.57,290.0432936,47.2578857
Kepler-1079 b,Kepler-1079,kepler-1079,Transit,transit,2016,2016,false,2010s,13.24503188,1.63,3.29,887.0,591.098,299.5495794,45.7696769
Kepler-1066 b,Kepler-1066,kepler-1066,Transit,transit,2016,2016,false,2010s,1.931559839,2.36,6.17,1290.0,344.251,298.866621,46.5022325
Kepler-1198 b,Kepler-1198,kepler-1198,Transit,transit,2016,2016,false,2010s,7.6847716,1.47,2.76,830.0,743.03,288.8339659,44.838198
Kepler-1199 b,Kepler-1199,kepler-1199,Transit,transit,2016,2016,false,2010s,15.0447198,1.15,1.6,931.0,563.493,293.7258092,47.2469219
Kepler-968 b,Kepler-968,kepler-968,Transit,transit,2016,2016,false,2010s,3.692983728,2.0,4.66,745.0,290.324,285.6025889,50.1120401
Kepler-1047 b,Kepler-1047,kepler-1047,Transit,transit,2016,2016,false,2010s,56.1886887,2.09,5.02,503.0,817.647,288.6462564,50.7889645
Kepler-1148 b,Kepler-1148,kepler-1148,Transit,transit,2016,2016,false,2010s,1.104463509,1.69,3.5,1397.0,625.692,290.9536059,45.7195545
Kepler-1147 b,Kepler-1147,kepler-1147,Transit,transit,2016,2016,false,2010s,10.62784997,2.61,7.32,872.0,1657.36,292.5474753,41.6429221
Kepler-1081 b,Kepler-1081,kepler-1081,Transit,transit,2016,2016,false,2010s,3.856918547,1.01,1.01,972.0,420.215,289.444752,41.3179652
Kepler-1062 b,Kepler-1062,kepler-1062,Transit,transit,2016,2016,false,2010s,9.30412078,1.76,3.75,583.0,397.455,283.8994187,41.221594
Kepler-1063 b,Kepler-1063,kepler-1063,Transit,transit,2016,2016,false,2010s,14.07971466,1.49,2.83,931.0,343.226,290.5267975,38.1428283
Kepler-1064 b,Kepler-1064,kepler-1064,Transit,transit,2016,2016,false,2010s,16.54080322,1.55,3.02,570.0,374.0,291.7415821,37.6888103
Kepler-1084 b,Kepler-1084,kepler-1084,Transit,transit,2016,2016,false,2010s,2.05333679,1.11,1.41,1737.0,405.533,290.1019809,48.251146
Kepler-1087 b,Kepler-1087,kepler-1087,Transit,transit,2016,2016,false,2010s,0.693842855,0.61,0.165,2161.0,362.623,294.9789253,46.0056741
Kepler-1207 b,Kepler-1207,kepler-1207,Transit,transit,2016,2016,false,2010s,13.68237119,1.62,3.26,802.0,1754.19,295.0641963,49.3589615
Kepler-1209 b,Kepler-1209,kepler-1209,Transit,transit,2016,2016,false,2010s,25.369116,1.51,2.89,755.0,505.531,287.5849352,49.1547328
Kepler-1114 b,Kepler-1114,kepler-1114,Transit,transit,2016,2016,false,2010s,14.97435694,1.35,2.39,631.0,418.417,299.2370531,45.8347781
Kepler-1115 b,Kepler-1115,kepler-1115,Transit,transit,2016,2016,false,2010s,23.5540725,1.7,3.53,1381.0,983.245,294.9917723,40.1443964
Kepler-1154 b,Kepler-1154,kepler-1154,Transit,transit,2016,2016,false,2010s,5.1856142,2.34,6.08,1314.0,1460.1,297.4771158,39.8772345
Kepler-1089 b,Kepler-1089,kepler-1089,Transit,transit,2016,2016,false,2010s,5.132485618,1.83,4.01,584.0,259.328,291.0926509,49.1901729
Kepler-1216 b,Kepler-1216,kepler-1216,Transit,transit,2016,2016,false,2010s,4.37034536,1.39,2.51,1191.0,1258.36,287.4052661,45.917979
Kepler-1215 b,Kepler-1215,kepler-1215,Transit,transit,2016,2016,false,2010s,4.76703963,1.22,1.98,1046.0,661.022,297.4636477,48.1813978
Kepler-1117 b,Kepler-1117,kepler-1117,Transit,transit,2016,2016,false,2010s,4.79028459,1.11,1.41,938.0,568.487,292.0847866,49.2374206
Kepler-1156 b,Kepler-1156,kepler-1156,Transit,transit,2016,2016,false,2010s,11.89520511,1.32,2.3,787.0,691.331,288.9240901,46.0575865
Kepler-1092 b,Kepler-1092,kepler-1092,Transit,transit,2016,2016,false,2010s,58.6017925,2.07,4.94,508.0,981.233,297.7232008,47.1126833
Kepler-1093 b,Kepler-1093,kepler-1093,Transit,transit,2016,2016,false,2010s,25.0824626,1.95,4.46,776.0,1072.88,284.9780251,41.4202077
Kepler-1210 b,Kepler-1210,kepler-1210,Transit,transit,2016,2016,false,2010s,8.07124073,1.7,3.53,856.0,1176.53,292.8321598,48.2193376
Kepler-1212 b,Kepler-1212,kepler-1212,Transit,transit,2016,2016,false,2010s,12.94130146,2.14,5.22,795.0,1316.57,296.8534096,50.0373196
Kepler-1120 b,Kepler-1120,kepler-1120,Transit,transit,2016,2016,false,2010s,2.949029052,1.38,2.48,1027.0,615.231,290.9144516,42.2865522
Kepler-1159 b,Kepler-1159,kepler-1159,Transit,transit,2016,2016,false,2010s,22.70816791,2.37,6.21,677.0,1213.71,294.266325,45.2042317
Kepler-1160 b,Kepler-1160,kepler-1160,Transit,transit,2016,2016,false,2010s,7.97034958,2.14,5.22,839.0,1077.63,287.8793899,43.3640752
Kepler-1096 b,Kepler-1096,kepler-1096,Transit,transit,2016,2016,false,2010s,2.892217506,1.24,2.07,794.0,377.976,294.7094688,45.9695533
Kepler-1094 b,Kepler-1094,kepler-1094,Transit,transit,2016,2016,false,2010s,78.1000231,3.18,10.2,480.0,1291.01,292.3012109,38.2669983
Kepler-1214 b,Kepler-1214,kepler-1214,Transit,transit,2016,2016,false,2010s,18.82634264,2.36,6.17,591.0,729.227,285.1427113,49.8006565
Kepler-1122 b,Kepler-1122,kepler-1122,Transit,transit,2016,2016,false,2010s,42.1917357,2.04,4.82,526.0,1230.42,288.2805801,46.3408747
Kepler-1124 b,Kepler-1124,kepler-1124,Transit,transit,2016,2016,false,2010s,2.852348975,1.28,2.18,621.0,289.899,286.5942529,37.8912836
Kepler-1161 b,Kepler-1161,kepler-1161,Transit,transit,2016,2016,false,2010s,10.71252541,2.13,5.18,485.0,547.726,299.0770621,45.4405583
Kepler-1097 b,Kepler-1097,kepler-1097,Transit,transit,2016,2016,false,2010s,187.747029,3.26,10.7,267.0,719.802,281.5941261,42.5963949
Kepler-1098 b,Kepler-1098,kepler-1098,Transit,transit,2016,2016,false,2010s,2.543072855,1.3,2.24,1319.0,1049.19,295.502673,43.2326992
Kepler-1046 b,Kepler-1046,kepler-1046,Transit,transit,2016,2016,false,2010s,14.37508035,1.71,3.57,786.0,721.534,296.7558056,46.9982799
Kepler-1125 b,Kepler-1125,kepler-1125,Transit,transit,2016,2016,false,2010s,17.6700642,1.84,4.04,778.0,2011.41,295.4812018,40.7319316
Kepler-1126 b,Kepler-1126,kepler-1126,Transit,transit,2016,2016,false,2010s,108.593329,1.73,3.64,374.0,635.736,285.691955,45.6893993
Kepler-1166 b,Kepler-1166,kepler-1166,Transit,transit,2016,2016,false,2010s,33.2406882,1.69,3.5,486.0,634.906,290.3484956,50.9028387
Kepler-1164 b,Kepler-1164,kepler-1164,Transit,transit,2016,2016,false,2010s,3.97599768,1.12,1.46,936.0,431.622,287.5296372,38.8945065
Kepler-1102 b,Kepler-1102,kepler-1102,Transit,transit,2016,2016,false,2010s,51.3285623,2.66,7.56,546.0,1246.05,281.3225917,48.0664955
Kepler-1100 b,Kepler-1100,kepler-1100,Transit,transit,2016,2016,false,2010s,6.42200058,1.75,3.71,1000.0,693.618,291.8713535,44.0873907
Kepler-1000 b,Kepler-1000,kepler-1000,Transit,transit,2016,2016,false,2010s,120.0181272,4.76,20.3,473.0,1115.62,286.6854729,47.0981948
Kepler-1127 b,Kepler-1127,kepler-1127,Transit,transit,2016,2016,false,2010s,5.12330347,1.96,4.5,994.0,842.459,293.2173563,42.7205846
Kepler-1128 b,Kepler-1128,kepler-1128,Transit,transit,2016,2016,false,2010s,61.6178167,3.65,12.9,424.0,1083.41,293.063315,39.4034052
Kepler-1073 b,Kepler-1073,kepler-1073,Transit,transit,2016,2016,false,2010s,8.67888593,2.3,5.9,905.0,809.897,294.1527259,38.2330886
Kepler-1169 b,Kepler-1169,kepler-1169,Transit,transit,2016,2016,false,2010s,6.11009134,0.94,0.779,1125.0,522.823,294.9115874,46.4914718
Kepler-1106 b,Kepler-1106,kepler-1106,Transit,transit,2016,2016,false,2010s,1.252752174,1.65,3.36,2199.0,1090.7,291.1451576,44.0624715
Kepler-1037 b,Kepler-1037,kepler-1037,Transit,transit,2016,2016,false,2010s,1.063788673,1.28,2.18,1650.0,446.914,296.3410342,47.1709335
Kepler-1131 b,Kepler-1131,kepler-1131,Transit,transit,2016,2016,false,2010s,3.53232449,1.59,3.15,1159.0,1030.7,295.6514492,49.2612954
Kepler-1132 b,Kepler-1132,kepler-1132,Transit,transit,2016,2016,false,2010s,62.8916228,2.35,6.12,384.0,867.931,286.3675188,48.4238906
Kepler-480 b,Kepler-480,kepler-480,Transit,transit,2016,2016,false,2010s,4.919583795,2.78,8.15,1312.0,847.508,294.4639165,49.7650473
Kepler-1108 b,Kepler-1108,kepler-1108,Transit,transit,2016,2016,false,2010s,4.51005748,1.46,2.73,1063.0,767.701,296.0422962,45.98514
Kepler-1109 b,Kepler-1109,kepler-1109,Transit,transit,2016,2016,false,2010s,37.6467384,2.19,5.43,787.0,685.087,291.6462654,39.3966122
Kepler-994 b,Kepler-994,kepler-994,Transit,transit,2016,2016,false,2010s,1.151166506,1.6,3.19,957.0,188.158,289.0720752,47.406918
Kepler-1133 b,Kepler-1133,kepler-1133,Transit,transit,2016,2016,false,2010s,11.55562343,1.97,4.54,703.0,753.135,293.3224114,42.8674925
Kepler-1172 b,Kepler-1172,kepler-1172,Transit,transit,2016,2016,false,2010s,26.0204423,3.2,10.3,675.0,1306.53,290.4744875,37.7665499
Kepler-1173 b,Kepler-1173,kepler-1173,Transit,transit,2016,2016,false,2010s,0.7698536,0.89,0.64,1650.0,377.06,293.1311803,45.6634153
Kepler-1111 b,Kepler-1111,kepler-1111,Transit,transit,2016,2016,false,2010s,8.79617863,2.0,4.66,938.0,841.536,295.4634045,45.8127697
Kepler-1049 b,Kepler-1049,kepler-1049,Transit,transit,2016,2016,false,2010s,3.273460736,0.95,0.809,625.0,162.006,287.3469567,47.7729078
Kepler-1135 b,Kepler-1135,kepler-1135,Transit,transit,2016,2016,false,2010s,76.957857,1.85,4.08,451.0,1314.64,286.0029904,44.7565551
Kepler-478 b,Kepler-478,kepler-478,Transit,transit,2016,2016,false,2010s,13.2217576,2.71,7.8,640.0,420.0,292.4870063,46.196187
Kepler-1175 b,Kepler-1175,kepler-1175,Transit,transit,2016,2016,false,2010s,37.94563,2.99,9.22,515.0,1121.89,289.1426847,46.8129656
Kepler-1174 b,Kepler-1174,kepler-1174,Transit,transit,2016,2016,false,2010s,6.89225223,1.59,3.15,1156.0,1408.75,281.8314296,42.298891
Kepler-508 b,Kepler-508,kepler-508,Transit,transit,2016,2016,false,2010s,25.30889748,1.64,3.33,710.0,324.618,295.4042546,42.9812789
Kepler-954 b,Kepler-954,kepler-954,Transit,transit,2016,2016,false,2010s,16.78176602,2.32,5.99,545.0,215.814,295.8594318,47.9396001
Kepler-1050 b,Kepler-1050,kepler-1050,Transit,transit,2016,2016,false,2010s,15.3787546,1.6,3.19,1039.0,490.488,282.9249847,48.6264015
Kepler-1136 b,Kepler-1136,kepler-1136,Transit,transit,2016,2016,false,2010s,2.361724329,1.64,3.33,922.0,491.406,284.1078441,44.2458047
Kepler-1177 b,Kepler-1177,kepler-1177,Transit,transit,2016,2016,false,2010s,106.247547,1.9,4.27,377.0,1299.97,286.6714813,49.4062964
Kepler-1075 b,Kepler-1075,kepler-1075,Transit,transit,2016,2016,false,2010s,1.52372816,1.42,2.6,818.0,291.275,287.5011404,47.4691157
Kepler-1186 b,Kepler-1186,kepler-1186,Transit,transit,2016,2016,false,2010s,16.07677615,2.23,5.6,724.0,1337.25,288.4796333,47.1017438
Kepler-1188 b,Kepler-1188,kepler-1188,Transit,transit,2016,2016,false,2010s,17.1369543,2.08,4.98,775.0,1717.48,283.1038438,43.1480487
Kepler-1001 b,Kepler-1001,kepler-1001,Transit,transit,2016,2016,false,2010s,14.30511983,3.15,10.1,693.0,928.978,286.2739151,48.6186972
Kepler-1277 b,Kepler-1277,kepler-1277,Transit,transit,2016,2016,false,2010s,40.8365012,1.6,3.19,496.0,557.193,295.1025166,40.5723736
Kepler-1276 b,Kepler-1276,kepler-1276,Transit,transit,2016,2016,false,2010s,12.5720095,1.19,1.81,886.0,538.481,287.8570173,40.5471909
Kepler-1323 b,Kepler-1323,kepler-1323,Transit,transit,2016,2016,false,2010s,0.929906678,1.52,2.92,2291.0,465.417,292.8722515,46.098729
Kepler-1322 b,Kepler-1322,kepler-1322,Transit,transit,2016,2016,false,2010s,0.962867382,1.61,3.22,1666.0,1350.32,293.2045009,45.4353919
Kepler-1368 b,Kepler-1368,kepler-1368,Transit,transit,2016,2016,false,2010s,0.675649486,1.65,3.36,2085.0,1635.82,294.7669795,41.6446434
Kepler-1236 b,Kepler-1236,kepler-1236,Transit,transit,2016,2016,false,2010s,31.0571618,2.14,5.22,480.0,999.64,295.6247375,42.5458739
Kepler-1280 b,Kepler-1280,kepler-1280,Transit,transit,2016,2016,false,2010s,66.5579057,1.87,4.16,757.0,1486.7,293.5738933,45.3844919
Kepler-1279 b,Kepler-1279,kepler-1279,Transit,transit,2016,2016,false,2010s,23.4774101,1.75,3.71,738.0,1494.22,288.0955917,40.365909
Kepler-1281 b,Kepler-1281,kepler-1281,Transit,transit,2016,2016,false,2010s,3.11602791,1.64,3.33,1123.0,1090.0,295.3543571,48.5153932
Kepler-1327 b,Kepler-1327,kepler-1327,Transit,transit,2016,2016,false,2010s,14.88801098,1.8,3.89,831.0,678.069,289.0648073,50.4609183
Kepler-1325 b,Kepler-1325,kepler-1325,Transit,transit,2016,2016,false,2010s,33.8786838,2.86,8.55,564.0,973.368,285.0171505,42.085312
Kepler-1372 b,Kepler-1372,kepler-1372,Transit,transit,2016,2016,false,2010s,1.311555568,1.27,2.15,1655.0,1303.22,288.8865895,44.8394672
Kepler-1239 b,Kepler-1239,kepler-1239,Transit,transit,2016,2016,false,2010s,5.19104016,2.9,8.75,1183.0,2140.6,293.1273357,42.3200578
Kepler-1283 b,Kepler-1283,kepler-1283,Transit,transit,2016,2016,false,2010s,12.9460978,1.91,4.31,764.0,2921.99,295.4623336,40.7769335
Kepler-1330 b,Kepler-1330,kepler-1330,Transit,transit,2016,2016,false,2010s,10.10769068,1.65,3.36,879.0,1720.48,290.5767116,39.9568913
Kepler-1373 b,Kepler-1373,kepler-1373,Transit,transit,2016,2016,false,2010s,1.29123275,1.16,1.65,1887.0,1699.46,285.7520229,39.2491731
Kepler-1374 b,Kepler-1374,kepler-1374,Transit,transit,2016,2016,false,2010s,10.65276707,2.29,5.86,737.0,1078.46,291.3499783,45.1722521
Kepler-1287 b,Kepler-1287,kepler-1287,Transit,transit,2016,2016,false,2010s,11.47685909,1.54,2.99,796.0,1003.26,289.1346298,47.063018
Kepler-1333 b,Kepler-1333,kepler-1333,Transit,transit,2016,2016,false,2010s,109.6471842,2.81,8.3,428.0,932.446,293.5275797,41.111394
Kepler-1332 b,Kepler-1332,kepler-1332,Transit,transit,2016,2016,false,2010s,11.87456832,1.37,2.45,728.0,528.685,291.0286411,43.9137055
Kepler-528 b,Kepler-528,kepler-528,Transit,transit,2016,2016,false,2010s,19.78297415,2.08,4.98,708.0,784.23,295.6848595,47.7480914
Kepler-1376 b,Kepler-1376,kepler-1376,Transit,transit,2016,2016,false,2010s,5.30880656,1.05,1.16,1042.0,868.056,286.9584368,42.541409
Kepler-1289 b,Kepler-1289,kepler-1289,Transit,transit,2016,2016,false,2010s,7.99019627,1.52,2.92,1113.0,1053.57,296.388767,41.040509
Kepler-1335 b,Kepler-1335,kepler-1335,Transit,transit,2016,2016,false,2010s,6.26406846,1.45,2.7,809.0,621.853,284.8384394,42.0703371
Kepler-1334 b,Kepler-1334,kepler-1334,Transit,transit,2016,2016,false,2010s,15.64591713,2.29,5.86,710.0,1223.04,289.311532,51.3209059
Kepler-1377 b,Kepler-1377,kepler-1377,Transit,transit,2016,2016,false,2010s,0.740928422,1.25,2.1,1873.0,1146.1,289.1954229,46.6516055
Kepler-1378 b,Kepler-1378,kepler-1378,Transit,transit,2016,2016,false,2010s,11.95398936,2.2,5.48,525.0,506.434,297.373403,40.3663986
Kepler-1247 b,Kepler-1247,kepler-1247,Transit,transit,2016,2016,false,2010s,13.71220213,2.33,6.04,676.0,1045.92,294.5335974,46.6182365
Kepler-520 b,Kepler-520,kepler-520,Transit,transit,2016,2016,false,2010s,19.67416124,1.66,3.39,711.0,623.901,293.1802903,41.6177408
Kepler-1291 b,Kepler-1291,kepler-1291,Transit,transit,2016,2016,false,2010s,8.63043276,1.66,3.39,739.0,897.352,289.3770051,40.0010791
Kepler-1292 b,Kepler-1292,kepler-1292,Transit,transit,2016,2016,false,2010s,3.27646405,1.82,3.97,1195.0,1493.43,284.9057222,43.9491434
Kepler-1337 b,Kepler-1337,kepler-1337,Transit,transit,2016,2016,false,2010s,24.4002549,2.41,6.39,437.0,601.629,287.0091176,46.7961229
Kepler-1381 b,Kepler-1381,kepler-1381,Transit,transit,2016,2016,false,2010s,25.3842686,2.25,5.69,649.0,1197.04,287.5357911,48.727783
Kepler-1248 b,Kepler-1248,kepler-1248,Transit,transit,2016,2016,false,2010s,7.46725407,1.18,1.76,1035.0,593.026,288.0592191,51.3544564
Kepler-1251 b,Kepler-1251,kepler-1251,Transit,transit,2016,2016,false,2010s,45.0904643,1.84,4.04,487.0,902.204,292.1151093,49.2563792
Kepler-1293 b,Kepler-1293,kepler-1293,Transit,transit,2016,2016,false,2010s,5.57654784,0.97,0.871,1183.0,1028.16,290.0258783,48.3359227
Kepler-1341 b,Kepler-1341,kepler-1341,Transit,transit,2016,2016,false,2010s,132.9968322,2.99,9.22,241.0,476.957,280.5116813,44.1593503
Kepler-1342 b,Kepler-1342,kepler-1342,Transit,transit,2016,2016,false,2010s,2.215710358,1.66,3.39,1283.0,890.724,297.0200549,43.4325382
Kepler-1388 b,Kepler-1388,kepler-1388,Transit,transit,2016,2016,false,2010s,12.2854603,2.59,7.22,434.0,453.795,283.3360156,47.1744499
Kepler-1252 b,Kepler-1252,kepler-1252,Transit,transit,2016,2016,false,2010s,15.0540329,1.67,3.43,665.0,648.979,298.9503634,46.6928437
Kepler-1253 b,Kepler-1253,kepler-1253,Transit,transit,2016,2016,false,2010s,68.8861915,1.33,2.33,501.0,514.524,283.8852196,47.6371507
Kepler-1295 b,Kepler-1295,kepler-1295,Transit,transit,2016,2016,false,2010s,3.81371974,1.55,3.02,1029.0,1174.46,291.3978451,45.588553
Kepler-1344 b,Kepler-1344,kepler-1344,Transit,transit,2016,2016,false,2010s,4.7683049,1.84,4.04,1219.0,853.959,287.0862799,46.9457998
Kepler-1343 b,Kepler-1343,kepler-1343,Transit,transit,2016,2016,false,2010s,3.35183158,1.93,4.38,1294.0,1756.71,294.294483,50.725385
Kepler-1379 b,Kepler-1379,kepler-1379,Transit,transit,2016,2016,false,2010s,0.881841146,1.3,2.24,1564.0,971.325,293.6704404,41.4102105
Kepler-1382 b,Kepler-1382,kepler-1382,Transit,transit,2016,2016,false,2010s,16.3583055,1.88,4.19,959.0,738.261,295.3774182,39.0480365
Kepler-1256 b,Kepler-1256,kepler-1256,Transit,transit,2016,2016,false,2010s,12.4127754,1.49,2.83,933.0,891.192,291.4742443,44.6834119
Kepler-1254 b,Kepler-1254,kepler-1254,Transit,transit,2016,2016,false,2010s,9.99113313,1.55,3.02,660.0,622.818,285.1733174,48.7700099
Kepler-1347 b,Kepler-1347,kepler-1347,Transit,transit,2016,2016,false,2010s,14.00947528,1.03,1.08,617.0,321.0,299.6595903,40.8438526
Kepler-1346 b,Kepler-1346,kepler-1346,Transit,transit,2016,2016,false,2010s,3.40165668,1.58,3.12,1236.0,843.701,291.841341,45.179185
Kepler-1386 b,Kepler-1386,kepler-1386,Transit,transit,2016,2016,false,2010s,6.73972381,1.24,2.07,1011.0,835.882,280.8233646,42.6360518
Kepler-1259 b,Kepler-1259,kepler-1259,Transit,transit,2016,2016,false,2010s,0.663085258,1.43,2.63,1681.0,805.562,297.8414628,46.9676288
Kepler-1257 b,Kepler-1257,kepler-1257,Transit,transit,2016,2016,false,2010s,2.668313762,1.52,2.92,1252.0,1105.95,296.0756231,45.6270165
Kepler-616 c,Kepler-616,kepler-616,Transit,transit,2016,2016,false,2010s,90.4113556,3.41,11.5,413.0,945.775,294.989137,46.8383058
Kepler-1300 b,Kepler-1300,kepler-1300,Transit,transit,2016,2016,false,2010s,22.2419092,1.37,2.45,954.0,777.025,289.0330532,40.0869182
Kepler-1350 b,Kepler-1350,kepler-1350,Transit,transit,2016,2016,false,2010s,4.4968604,2.52,6.9,535.0,340.691,288.250611,46.6794847
Kepler-1351 b,Kepler-1351,kepler-1351,Transit,transit,2016,2016,false,2010s,0.916140768,0.65,0.208,1212.0,202.782,293.6084289,42.1978746
Kepler-516 b,Kepler-516,kepler-516,Transit,transit,2016,2016,false,2010s,24.85462415,5.74,27.9,1095.0,687.094,295.6087625,38.7357368
Kepler-1217 b,Kepler-1217,kepler-1217,Transit,transit,2016,2016,false,2010s,2.032325072,1.99,4.62,1542.0,1347.71,289.1866841,50.9375614
Kepler-1218 b,Kepler-1218,kepler-1218,Transit,transit,2016,2016,false,2010s,22.9221266,1.44,2.67,684.0,840.503,291.5788505,44.5316825
Kepler-1261 b,Kepler-1261,kepler-1261,Transit,transit,2016,2016,false,2010s,48.4308991,2.26,5.73,396.0,744.294,285.2324786,48.8066963
Kepler-1263 b,Kepler-1263,kepler-1263,Transit,transit,2016,2016,false,2010s,4.55139967,1.14,1.55,907.0,664.83,286.483626,46.7526182
Kepler-1303 b,Kepler-1303,kepler-1303,Transit,transit,2016,2016,false,2010s,7.56127224,1.42,2.6,891.0,897.783,284.287147,42.3555784
Kepler-1305 b,Kepler-1305,kepler-1305,Transit,transit,2016,2016,false,2010s,13.5630972,1.88,4.19,733.0,1575.23,297.3394624,46.3472165
Kepler-521 b,Kepler-521,kepler-521,Transit,transit,2016,2016,false,2010s,22.20813214,3.18,10.2,803.0,830.638,298.8163801,43.9980203
Kepler-1219 b,Kepler-1219,kepler-1219,Transit,transit,2016,2016,false,2010s,16.10467749,2.12,5.14,1159.0,880.895,297.2158443,47.3785082
Kepler-1220 b,Kepler-1220,kepler-1220,Transit,transit,2016,2016,false,2010s,7.42693741,1.52,2.92,899.0,961.907,297.070398,42.9777396
Kepler-1264 b,Kepler-1264,kepler-1264,Transit,transit,2016,2016,false,2010s,0.968526023,1.18,1.76,1677.0,801.993,289.8844102,45.2115075
Kepler-1265 b,Kepler-1265,kepler-1265,Transit,transit,2016,2016,false,2010s,6.49441289,1.35,2.39,732.0,583.641,284.5858364,47.0795646
Kepler-1223 b,Kepler-1223,kepler-1223,Transit,transit,2016,2016,false,2010s,16.301259,1.22,1.98,557.0,459.957,285.2956462,44.5527542
Kepler-1224 b,Kepler-1224,kepler-1224,Transit,transit,2016,2016,false,2010s,13.32351601,1.33,2.33,872.0,559.598,286.6257591,37.537313
Kepler-1268 b,Kepler-1268,kepler-1268,Transit,transit,2016,2016,false,2010s,40.9903986,2.03,4.78,627.0,1840.77,287.838419,43.1531776
Kepler-1266 b,Kepler-1266,kepler-1266,Transit,transit,2016,2016,false,2010s,28.474748,2.58,7.18,489.0,849.312,285.8693277,42.7279996
Kepler-1309 b,Kepler-1309,kepler-1309,Transit,transit,2016,2016,false,2010s,28.8432647,2.37,6.21,491.0,845.0,298.7351131,40.7641262
Kepler-517 b,Kepler-517,kepler-517,Transit,transit,2016,2016,false,2010s,60.92832271,2.67,7.61,467.0,289.907,293.6755138,41.2952061
Kepler-1358 b,Kepler-1358,kepler-1358,Transit,transit,2016,2016,false,2010s,7.06317341,1.12,1.46,827.0,546.998,286.1705469,43.0089
Kepler-1359 b,Kepler-1359,kepler-1359,Transit,transit,2016,2016,false,2010s,59.4970952,2.83,8.4,369.0,614.859,289.538818,41.8928154
Kepler-1225 b,Kepler-1225,kepler-1225,Transit,transit,2016,2016,false,2010s,7.01075434,1.82,3.97,1453.0,1347.52,290.6332748,40.1369671
Kepler-1270 b,Kepler-1270,kepler-1270,Transit,transit,2016,2016,false,2010s,6.03356196,3.32,11.0,1598.0,1095.05,286.7156676,48.6452552
Kepler-1314 b,Kepler-1314,kepler-1314,Transit,transit,2016,2016,false,2010s,5.424749281,5.11,22.9,625.0,141.98685057,294.2373599,45.1968274
Kepler-1362 b,Kepler-1362,kepler-1362,Transit,transit,2016,2016,false,2010s,136.205626,2.6,7.27,248.0,731.298,288.5385574,40.8771276
Kepler-1363 b,Kepler-1363,kepler-1363,Transit,transit,2016,2016,false,2010s,2.94194094,1.25,2.1,988.0,541.714,296.9964872,49.2563228
Kepler-1227 b,Kepler-1227,kepler-1227,Transit,transit,2016,2016,false,2010s,94.2887577,2.29,5.86,369.0,623.706,287.0664109,41.8749712
Kepler-1228 b,Kepler-1228,kepler-1228,Transit,transit,2016,2016,false,2010s,0.577369579,1.54,2.99,1757.0,515.453,296.552761,46.9661945
Kepler-1316 b,Kepler-1316,kepler-1316,Transit,transit,2016,2016,false,2010s,87.9732136,3.54,12.3,446.0,800.871,298.8358277,40.2930714
Kepler-1318 b,Kepler-1318,kepler-1318,Transit,transit,2016,2016,false,2010s,213.257663,3.11,9.85,202.0,475.248,290.3763246,41.1507928
Kepler-1364 b,Kepler-1364,kepler-1364,Transit,transit,2016,2016,false,2010s,13.32196237,2.15,5.27,1299.0,1056.9,295.1521334,49.5876179
Kepler-1366 b,Kepler-1366,kepler-1366,Transit,transit,2016,2016,false,2010s,2.164570968,1.43,2.63,783.0,465.826,285.0648845,41.5548464
Kepler-1231 b,Kepler-1231,kepler-1231,Transit,transit,2016,2016,false,2010s,10.41725184,1.42,2.6,870.0,987.237,288.5882888,42.6056644
Kepler-523 b,Kepler-523,kepler-523,Transit,transit,2016,2016,false,2010s,5.835983111,1.96,4.5,884.0,253.295,284.0611224,45.5068127
Kepler-1274 b,Kepler-1274,kepler-1274,Transit,transit,2016,2016,false,2010s,6.98152703,1.42,2.6,1384.0,614.648,284.5936858,46.4497364
Kepler-1367 b,Kepler-1367,kepler-1367,Transit,transit,2016,2016,false,2010s,1.574090272,0.92,0.721,998.0,401.484,288.4166786,47.8787308
Kepler-1235 b,Kepler-1235,kepler-1235,Transit,transit,2016,2016,false,2010s,4.16055856,0.79,0.418,985.0,540.604,284.9030677,43.9540616
Kepler-1424 b,Kepler-1424,kepler-1424,Transit,transit,2016,2016,false,2010s,29.6091744,1.16,1.65,629.0,661.421,290.9916648,40.2293347
Kepler-1426 b,Kepler-1426,kepler-1426,Transit,transit,2016,2016,false,2010s,14.2563227,1.56,3.05,797.0,1697.81,292.5457096,49.4168981
Kepler-556 b,Kepler-556,kepler-556,Transit,transit,2016,2016,false,2010s,11.72292176,2.24,5.65,766.0,674.598,290.5294799,38.9427306
Kepler-1586 b,Kepler-1586,kepler-1586,Transit,transit,2016,2016,false,2010s,15.6049212,1.52,2.92,1013.0,552.55,298.2026236,44.9258585
Kepler-770 d,Kepler-770,kepler-770,Transit,transit,2016,2016,false,2010s,4.15244722,1.4,2.54,1941.0,930.457,286.4904589,38.374872
Kepler-783 b,Kepler-783,kepler-783,Transit,transit,2016,2016,false,2010s,4.29264638,0.78,0.399,991.0,516.09,291.0628615,47.484789
Kepler-1427 b,Kepler-1427,kepler-1427,Transit,transit,2016,2016,false,2010s,0.968972376,1.1,1.37,1844.0,1220.0,295.3496546,45.1145372
Kepler-1428 b,Kepler-1428,kepler-1428,Transit,transit,2016,2016,false,2010s,10.67607169,1.64,3.33,1049.0,1530.32,297.6422563,49.594958
Kepler-541 b,Kepler-541,kepler-541,Transit,transit,2016,2016,false,2010s,5.08005848,3.36,11.2,1673.0,1060.68,294.1496529,38.458207
Kepler-1165 b,Kepler-1165,kepler-1165,Transit,transit,2016,2016,false,2010s,9.478522,1.55,3.02,946.0,1575.2,286.9712284,44.7082669
Kepler-1553 b,Kepler-1553,kepler-1553,Transit,transit,2016,2016,false,2010s,4.24261881,1.15,1.6,926.0,692.594,291.9191348,39.0221769
Kepler-1588 b,Kepler-1588,kepler-1588,Transit,transit,2016,2016,false,2010s,7.84931739,0.76,0.363,925.0,924.141,288.2327232,48.0021967
Kepler-1589 b,Kepler-1589,kepler-1589,Transit,transit,2016,2016,false,2010s,0.991665274,1.09,1.32,2102.0,1513.14,294.4418236,40.5716114
Kepler-1432 b,Kepler-1432,kepler-1432,Transit,transit,2016,2016,false,2010s,23.9109011,2.22,5.56,709.0,2171.87,295.5241011,49.8295211
Kepler-1556 b,Kepler-1556,kepler-1556,Transit,transit,2016,2016,false,2010s,8.82713457,1.96,4.5,797.0,944.54,288.3969751,40.2131892
Kepler-1590 b,Kepler-1590,kepler-1590,Transit,transit,2016,2016,false,2010s,7.61760804,1.14,1.55,1020.0,771.152,291.4079141,48.0178915
Kepler-398 d,Kepler-398,kepler-398,Transit,transit,2016,2016,false,2010s,6.83437001,0.88,0.615,636.0,177.355,291.4688524,40.3437001
Kepler-1321 c,Kepler-1321,kepler-1321,Transit,transit,2016,2016,false,2010s,2.226491086,2.4,6.35,697.0,769.146,294.528597,46.6408737
Kepler-1433 b,Kepler-1433,kepler-1433,Transit,transit,2016,2016,false,2010s,4.13592271,1.56,3.05,1226.0,1328.0,287.3634559,49.4568649
Kepler-1557 b,Kepler-1557,kepler-1557,Transit,transit,2016,2016,false,2010s,3.74032496,1.53,2.96,1287.0,1380.16,293.8813592,46.8388172
Kepler-1178 b,Kepler-1178,kepler-1178,Transit,transit,2016,2016,false,2010s,31.80634,1.07,1.24,378.0,482.287,288.4561183,45.8022258
Kepler-1592 b,Kepler-1592,kepler-1592,Transit,transit,2016,2016,false,2010s,3.05710069,1.54,2.99,1202.0,1639.47,293.850623,38.3977379
Kepler-1365 c,Kepler-1365,kepler-1365,Transit,transit,2016,2016,false,2010s,4.77468005,0.8,0.437,1137.0,840.128,292.1996573,42.0459944
Kepler-1370 c,Kepler-1370,kepler-1370,Transit,transit,2016,2016,false,2010s,7.44142113,1.27,2.15,1075.0,1004.1,284.5656897,41.7784781
Kepler-1336 c,Kepler-1336,kepler-1336,Transit,transit,2016,2016,false,2010s,5.77721211,1.71,3.57,1260.0,1126.64,296.2776587,46.8998006
Kepler-1558 b,Kepler-1558,kepler-1558,Transit,transit,2016,2016,false,2010s,3.50470358,0.68,0.244,1019.0,325.737,286.8194349,46.9117837
Kepler-1594 b,Kepler-1594,kepler-1594,Transit,transit,2016,2016,false,2010s,2.71603809,1.06,1.2,1360.0,976.868,293.6230451,47.9619127
Kepler-1595 b,Kepler-1595,kepler-1595,Transit,transit,2016,2016,false,2010s,4.56380468,1.23,2.04,980.0,845.022,285.7227502,43.0094855
Kepler-1388 c,Kepler-1388,kepler-1388,Transit,transit,2016,2016,false,2010s,5.53608151,2.26,5.73,566.0,453.795,283.3360156,47.1744499
Kepler-1439 b,Kepler-1439,kepler-1439,Transit,transit,2016,2016,false,2010s,8.07392849,1.46,2.73,420.0,225.393,285.7396971,40.9798688
Kepler-1438 b,Kepler-1438,kepler-1438,Transit,transit,2016,2016,false,2010s,2.31942009,0.94,0.779,1490.0,1154.13,289.289819,40.6816262
Kepler-1440 b,Kepler-1440,kepler-1440,Transit,transit,2016,2016,false,2010s,39.859484,1.26,2.13,597.0,1115.35,285.3469737,48.3122283
Kepler-576 b,Kepler-576,kepler-576,Transit,transit,2016,2016,false,2010s,29.91136794,3.27,10.7,541.0,617.55,295.1828896,38.6542028
Kepler-1596 b,Kepler-1596,kepler-1596,Transit,transit,2016,2016,false,2010s,66.373379,1.9,4.27,471.0,2146.23,285.5575066,49.3300866
Kepler-577 b,Kepler-577,kepler-577,Transit,transit,2016,2016,false,2010s,25.69578251,2.55,7.04,314.0,524.247,294.7119855,39.0737317
Kepler-1393 b,Kepler-1393,kepler-1393,Transit,transit,2016,2016,false,2010s,2.44357812,0.8,0.437,1249.0,544.456,284.4594558,40.1424756
Kepler-1394 b,Kepler-1394,kepler-1394,Transit,transit,2016,2016,false,2010s,3.93766373,1.39,2.51,1947.0,640.409,283.4532068,45.0840729
Kepler-1441 b,Kepler-1441,kepler-1441,Transit,transit,2016,2016,false,2010s,39.4419839,1.31,2.27,682.0,1110.48,293.7191177,43.1245756
Kepler-511 b,Kepler-511,kepler-511,Transit,transit,2016,2016,false,2010s,296.637865,6.35,33.1,332.0,651.999,282.9455384,47.5749181
Kepler-1563 b,Kepler-1563,kepler-1563,Transit,transit,2016,2016,false,2010s,3.43276598,0.75,0.347,1134.0,616.697,288.5735936,51.4727698
Kepler-1564 b,Kepler-1564,kepler-1564,Transit,transit,2016,2016,false,2010s,18.0540381,1.47,2.76,635.0,908.805,290.5861316,46.6427486
Kepler-1603 b,Kepler-1603,kepler-1603,Transit,transit,2016,2016,false,2010s,2.27163926,1.29,2.21,1522.0,2712.58,295.3298254,42.5349698
Kepler-1395 b,Kepler-1395,kepler-1395,Transit,transit,2016,2016,false,2010s,3.78470649,0.8,0.437,1311.0,492.894,292.3374945,47.6641732
Kepler-549 c,Kepler-549,kepler-549,Transit,transit,2016,2016,false,2010s,117.040498,2.93,8.91,349.0,635.145,283.0228527,47.2611431
Kepler-1565 b,Kepler-1565,kepler-1565,Transit,transit,2016,2016,false,2010s,1.538188437,1.19,1.81,1234.0,629.93,297.9529793,40.8067876
Kepler-1567 b,Kepler-1567,kepler-1567,Transit,transit,2016,2016,false,2010s,153.979578,2.73,7.9,330.0,1206.11,286.695153,40.2918894
Kepler-1598 b,Kepler-1598,kepler-1598,Transit,transit,2016,2016,false,2010s,4.34195123,0.95,0.809,1236.0,619.862,288.469107,46.7836464
Kepler-1599 b,Kepler-1599,kepler-1599,Transit,transit,2016,2016,false,2010s,122.363553,1.62,3.26,407.0,1328.2,286.2208685,41.1511886
Kepler-1399 b,Kepler-1399,kepler-1399,Transit,transit,2016,2016,false,2010s,1.638653058,1.25,2.1,1610.0,1385.7,293.3116962,46.0416516
Kepler-684 b,Kepler-684,kepler-684,Transit,transit,2016,2016,false,2010s,6.770302008,3.36,11.2,812.0,1731.27,290.8704935,38.2735978
Kepler-605 c,Kepler-605,kepler-605,Transit,transit,2016,2016,false,2010s,2.358951515,0.86,0.566,1278.0,556.58,287.2954015,43.2798677
Kepler-1569 b,Kepler-1569,kepler-1569,Transit,transit,2016,2016,false,2010s,5.79180156,1.68,3.46,1222.0,945.454,292.2046748,37.2212065
Kepler-687 b,Kepler-687,kepler-687,Transit,transit,2016,2016,false,2010s,20.50586978,3.52,12.2,518.0,633.66,289.3154576,39.1532911
Kepler-1597 b,Kepler-1597,kepler-1597,Transit,transit,2016,2016,false,2010s,2.94654179,1.06,1.2,1497.0,1221.05,288.1639687,42.4810124
Kepler-1402 b,Kepler-1402,kepler-1402,Transit,transit,2016,2016,false,2010s,2.03387914,0.76,0.363,1789.0,1493.64,291.8478341,48.9681664
Kepler-610 c,Kepler-610,kepler-610,Transit,transit,2016,2016,false,2010s,151.86392,3.3,10.9,318.0,845.824,293.1713241,45.0655934
Kepler-619 c,Kepler-619,kepler-619,Transit,transit,2016,2016,false,2010s,1.208465026,1.69,3.5,1767.0,900.678,290.8490899,48.4159782
Kepler-1571 b,Kepler-1571,kepler-1571,Transit,transit,2016,2016,false,2010s,3.38555488,1.52,2.92,1476.0,675.303,300.9354067,45.5964836
Kepler-1389 b,Kepler-1389,kepler-1389,Transit,transit,2016,2016,false,2010s,99.2530951,1.77,3.78,300.0,497.093,285.7174414,44.7583487
Kepler-1405 b,Kepler-1405,kepler-1405,Transit,transit,2016,2016,false,2010s,28.2274184,3.96,14.9,565.0,1530.3,295.6848822,39.2561274
Kepler-1406 b,Kepler-1406,kepler-1406,Transit,transit,2016,2016,false,2010s,11.62905828,1.1,1.37,854.0,572.403,292.0818824,38.9149472
Kepler-625 c,Kepler-625,kepler-625,Transit,transit,2016,2016,false,2010s,4.1653651,1.05,1.16,1048.0,760.708,292.1504723,39.6375254
Kepler-217 d,Kepler-217,kepler-217,Transit,transit,2016,2016,false,2010s,3.88689525,1.32,2.3,1574.0,1104.64,293.0377331,46.2775223
Kepler-1573 b,Kepler-1573,kepler-1573,Transit,transit,2016,2016,false,2010s,2.6157554,1.2,1.87,1379.0,1455.36,292.9883129,49.4849664
Kepler-1574 b,Kepler-1574,kepler-1574,Transit,transit,2016,2016,false,2010s,6.9424334,1.29,2.21,1003.0,1384.16,292.1586689,49.6377914
Kepler-758 d,Kepler-758,kepler-758,Transit,transit,2016,2016,false,2010s,20.4966197,2.12,5.14,843.0,1502.32,293.0846115,41.1354049
Kepler-533 b,Kepler-533,kepler-533,Transit,transit,2016,2016,false,2010s,28.51120525,3.38,11.4,423.0,302.955,293.6856893,48.8249915
Kepler-1407 b,Kepler-1407,kepler-1407,Transit,transit,2016,2016,false,2010s,20.0711504,2.25,5.69,826.0,1396.41,283.9424274,41.4715535
Kepler-653 c,Kepler-653,kepler-653,Transit,transit,2016,2016,false,2010s,0.900376476,0.78,0.399,2078.0,595.634,282.2130447,46.7177898
Kepler-1541 b,Kepler-1541,kepler-1541,Transit,transit,2016,2016,false,2010s,8.40691199,1.16,1.65,1048.0,416.692,283.7870875,48.0296019
Kepler-1245 c,Kepler-1245,kepler-1245,Transit,transit,2016,2016,false,2010s,2.936584681,1.44,2.67,1190.0,805.936,290.7443078,43.260753
Kepler-1050 c,Kepler-1050,kepler-1050,Transit,transit,2016,2016,false,2010s,21.1284569,1.48,2.79,935.0,490.488,282.9249847,48.6264015
Kepler-534 b,Kepler-534,kepler-534,Transit,transit,2016,2016,false,2010s,15.95994513,2.24,5.65,721.0,570.659,296.4185696,49.540148
Kepler-1412 b,Kepler-1412,kepler-1412,Transit,transit,2016,2016,false,2010s,3.6146051,0.83,0.498,1397.0,755.678,292.1801539,49.202481
Kepler-1413 b,Kepler-1413,kepler-1413,Transit,transit,2016,2016,false,2010s,13.1829642,1.82,3.97,661.0,1167.49,294.3416065,46.4987624
Kepler-1542 b,Kepler-1542,kepler-1542,Transit,transit,2016,2016,false,2010s,3.95116882,0.76,0.363,1160.0,399.114,285.7284757,42.6544651
Kepler-536 b,Kepler-536,kepler-536,Transit,transit,2016,2016,false,2010s,1.827082299,3.1,9.8,1877.0,462.322,297.7363605,49.637101
Kepler-1414 b,Kepler-1414,kepler-1414,Transit,transit,2016,2016,false,2010s,3.51576315,1.23,2.04,1033.0,570.835,284.9285796,42.4223085
Kepler-1415 b,Kepler-1415,kepler-1415,Transit,transit,2016,2016,false,2010s,0.63642408,1.29,2.21,1846.0,1043.56,285.1568015,47.8732512
Kepler-1545 b,Kepler-1545,kepler-1545,Transit,transit,2016,2016,false,2010s,163.692349,2.7,7.75,274.0,729.964,298.8988313,47.4630696
Kepler-1254 d,Kepler-1254,kepler-1254,Transit,transit,2016,2016,false,2010s,5.72717226,1.31,2.27,794.0,622.818,285.1733174,48.7700099
Kepler-555 b,Kepler-555,kepler-555,Transit,transit,2016,2016,false,2010s,16.21775407,2.83,8.4,664.0,973.121,285.516872,38.9324587
Kepler-245 e,Kepler-245,kepler-245,Transit,transit,2016,2016,false,2010s,3.219821056,1.75,1806.36,998.0,861.527,291.6389972,42.4363482
Kepler-1417 b,Kepler-1417,kepler-1417,Transit,transit,2016,2016,false,2010s,20.3505213,1.0,0.972,695.0,991.845,290.9498966,40.605197
Kepler-1418 b,Kepler-1418,kepler-1418,Transit,transit,2016,2016,false,2010s,22.4764425,1.66,3.39,419.0,499.0,282.9975322,41.67859
Kepler-1548 b,Kepler-1548,kepler-1548,Transit,transit,2016,2016,false,2010s,124.828679,2.64,7.46,350.0,872.279,287.4711817,46.0805706
Kepler-1579 b,Kepler-1579,kepler-1579,Transit,transit,2016,2016,false,2010s,0.849907889,0.84,0.52,1139.0,466.0,293.288022,43.5149061
Kepler-903 c,Kepler-903,kepler-903,Transit,transit,2016,2016,false,2010s,62.9228557,2.53,6.94,462.0,1369.24,288.7710137,40.6641771
Kepler-1419 b,Kepler-1419,kepler-1419,Transit,transit,2016,2016,false,2010s,42.5215895,2.86,8.55,510.0,1498.58,292.2545917,37.971376
Kepler-1154 c,Kepler-1154,kepler-1154,Transit,transit,2016,2016,false,2010s,8.45808312,2.36,6.17,1117.0,1460.1,297.4771158,39.8772345
Kepler-1583 b,Kepler-1583,kepler-1583,Transit,transit,2016,2016,false,2010s,9.32807355,0.6,0.156,788.0,403.933,286.3869335,47.0165188
Kepler-1582 b,Kepler-1582,kepler-1582,Transit,transit,2016,2016,false,2010s,4.83817712,1.49,2.83,354.0,78.8906,289.3765441,41.1580845
Kepler-1584 b,Kepler-1584,kepler-1584,Transit,transit,2016,2016,false,2010s,13.3997099,1.61,3.22,886.0,1416.31,287.7626791,43.2743929
Kepler-1469 b,Kepler-1469,kepler-1469,Transit,transit,2016,2016,false,2010s,21.8635301,2.8,8.25,551.0,1159.3,293.8213286,39.3913385
Kepler-633 b,Kepler-633,kepler-633,Transit,transit,2016,2016,false,2010s,8.50340718,1.63,3.29,1021.0,680.54,295.2173259,40.5921599
Kepler-1511 b,Kepler-1511,kepler-1511,Transit,transit,2016,2016,false,2010s,23.2382792,1.68,3.46,903.0,1475.6,288.4211892,43.179773
Kepler-1525 b,Kepler-1525,kepler-1525,Transit,transit,2016,2016,false,2010s,2.416601183,0.91,0.693,1343.0,382.989,290.5594479,49.9428629
Kepler-1617 b,Kepler-1617,kepler-1617,Transit,transit,2016,2016,false,2010s,27.4785572,1.2,1.87,736.0,898.31,287.9371747,46.4184781
Kepler-1470 b,Kepler-1470,kepler-1470,Transit,transit,2016,2016,false,2010s,16.2950903,1.07,1.24,574.0,590.601,288.6949475,39.8830802
Kepler-132 e,Kepler-132,kepler-132,Transit,transit,2016,2016,false,2010s,110.2869374,1.18,1.76,414.0,349.549,283.23581,41.343037
Kepler-695 b,Kepler-695,kepler-695,Transit,transit,2016,2016,false,2010s,3.040330424,9.21,62.3,1021.0,842.947,299.3160934,40.8223815
Kepler-704 b,Kepler-704,kepler-704,Transit,transit,2016,2016,false,2010s,3.76182115,2.61,7.32,1121.0,1228.83,283.3163671,41.8370942
Kepler-1527 b,Kepler-1527,kepler-1527,Transit,transit,2016,2016,false,2010s,160.129918,4.77,20.4,450.0,1842.13,297.4144457,46.0608077
Kepler-1618 b,Kepler-1618,kepler-1618,Transit,transit,2016,2016,false,2010s,6.10826019,1.26,2.13,1267.0,1229.25,295.1753619,45.9308594
Kepler-630 b,Kepler-630,kepler-630,Transit,transit,2016,2016,false,2010s,161.4743937,3.18,10.2,343.0,839.784,293.4270647,39.9423967
Kepler-1472 b,Kepler-1472,kepler-1472,Transit,transit,2016,2016,false,2010s,38.1312831,1.9,4.27,613.0,1479.14,294.8526163,49.0574468
Kepler-622 b,Kepler-622,kepler-622,Transit,transit,2016,2016,false,2010s,14.28226676,2.13,5.18,446.0,284.761,284.4784454,40.9331723
Kepler-967 c,Kepler-967,kepler-967,Transit,transit,2016,2016,false,2010s,198.7112502,3.65,12.9,258.0,568.546,286.5580128,38.4052418
Kepler-154 e,Kepler-154,kepler-154,Transit,transit,2016,2016,false,2010s,3.93276465,1.5,2.86,1140.0,915.212,289.7805393,49.8965624
Kepler-1529 b,Kepler-1529,kepler-1529,Transit,transit,2016,2016,false,2010s,5.33905686,2.1,5.06,817.0,661.014,289.8707469,41.0407482
Kepler-1090 b,Kepler-1090,kepler-1090,Transit,transit,2016,2016,false,2010s,198.680179,2.25,5.69,297.0,858.77,295.6629002,44.5258237
Kepler-1619 b,Kepler-1619,kepler-1619,Transit,transit,2016,2016,false,2010s,23.6225913,0.76,0.363,797.0,734.85,285.703595,44.4221528
Kepler-1477 b,Kepler-1477,kepler-1477,Transit,transit,2016,2016,false,2010s,11.55530021,1.18,1.76,674.0,680.828,281.2985305,42.6856727
Kepler-598 b,Kepler-598,kepler-598,Transit,transit,2016,2016,false,2010s,3.70175428,1.5,2.86,1050.0,681.086,293.1234493,40.9348005
Kepler-1530 b,Kepler-1530,kepler-1530,Transit,transit,2016,2016,false,2010s,2.5904434,1.64,3.33,1484.0,489.876,288.1624396,48.165153
Kepler-1530 c,Kepler-1530,kepler-1530,Transit,transit,2016,2016,false,2010s,5.3227406,1.65,3.36,1167.0,489.876,288.1624396,48.165153
Kepler-692 b,Kepler-692,kepler-692,Transit,transit,2016,2016,false,2010s,21.81293494,3.11,9.85,639.0,991.336,294.7768068,40.1537027
Kepler-1622 b,Kepler-1622,kepler-1622,Transit,transit,2016,2016,false,2010s,10.8118737,1.47,2.76,922.0,796.477,297.3288329,47.815459
Kepler-1479 b,Kepler-1479,kepler-1479,Transit,transit,2016,2016,false,2010s,14.53261362,1.83,4.01,746.0,728.668,285.7119953,49.7067574
Kepler-1480 b,Kepler-1480,kepler-1480,Transit,transit,2016,2016,false,2010s,22.12679948,1.67,3.43,721.0,500.892,291.9998055,49.3018321
Kepler-969 c,Kepler-969,kepler-969,Transit,transit,2016,2016,false,2010s,1.682934604,0.99,0.937,1270.0,390.354,288.3724989,47.9335642
Kepler-990 c,Kepler-990,kepler-990,Transit,transit,2016,2016,false,2010s,0.538354308,1.53,2.96,2386.0,802.163,297.9381813,46.8813194
Kepler-1093 c,Kepler-1093,kepler-1093,Transit,transit,2016,2016,false,2010s,89.722292,1.96,4.5,508.0,1072.88,284.9780251,41.4202077
Kepler-1531 b,Kepler-1531,kepler-1531,Transit,transit,2016,2016,false,2010s,1.138543376,1.11,1.41,2537.0,666.334,285.146622,39.3708055
Kepler-631 b,Kepler-631,kepler-631,Transit,transit,2016,2016,false,2010s,17.97979059,2.9,8.75,828.0,761.966,296.885724,40.2281717
Kepler-1623 b,Kepler-1623,kepler-1623,Transit,transit,2016,2016,false,2010s,4.36128348,1.31,2.27,1000.0,837.481,294.082697,39.5560655
Kepler-1481 b,Kepler-1481,kepler-1481,Transit,transit,2016,2016,false,2010s,5.94220998,1.23,2.04,797.0,459.076,289.4390075,49.7312226
Kepler-1483 b,Kepler-1483,kepler-1483,Transit,transit,2016,2016,false,2010s,9.5085156,1.52,2.92,1131.0,1273.78,295.4097409,42.1507935
Kepler-636 b,Kepler-636,kepler-636,Transit,transit,2016,2016,false,2010s,16.080661147,4.45,18.1,614.0,310.301,293.5920614,41.0950891
Kepler-489 b,Kepler-489,kepler-489,Transit,transit,2016,2016,false,2010s,17.276296119,7.72,46.1,538.0,369.645,290.8332412,38.1841851
Kepler-1016 c,Kepler-1016,kepler-1016,Transit,transit,2016,2016,false,2010s,105.6551369,3.68,13.1,407.0,1402.82,294.613689,45.9846265
Kepler-705 b,Kepler-705,kepler-705,Transit,transit,2016,2016,false,2010s,56.0560538,2.11,5.1,265.0,276.881,289.5085612,41.8120234
Kepler-1536 b,Kepler-1536,kepler-1536,Transit,transit,2016,2016,false,2010s,364.758031,3.14,10.0,166.0,387.248,291.5852554,45.7158742
Kepler-632 b,Kepler-632,kepler-632,Transit,transit,2016,2016,false,2010s,30.99660733,2.21,5.52,500.0,349.0,297.252613,40.288605
Kepler-545 b,Kepler-545,kepler-545,Transit,transit,2016,2016,false,2010s,13.24934059,2.69,7.7,806.0,818.001,290.5663221,40.6920756
Kepler-1486 b,Kepler-1486,kepler-1486,Transit,transit,2016,2016,false,2010s,54.6495759,2.32,5.99,538.0,1769.14,290.5903907,45.4396955
Kepler-342 e,Kepler-342,kepler-342,Transit,transit,2016,2016,false,2010s,1.644224613,0.88,0.615,1897.0,781.611,292.6780488,46.7266813
Kepler-582 b,Kepler-582,kepler-582,Transit,transit,2016,2016,false,2010s,18.49235668,3.68,13.1,603.0,613.179,297.503718,41.0570326
Kepler-1409 b,Kepler-1409,kepler-1409,Transit,transit,2016,2016,false,2010s,0.764864926,1.04,1.12,1733.0,694.89,290.0847389,51.2086144
Kepler-1444 b,Kepler-1444,kepler-1444,Transit,transit,2016,2016,false,2010s,33.42035034,2.18,5.39,581.0,319.675,285.3306799,42.0405016
Kepler-581 b,Kepler-581,kepler-581,Transit,transit,2016,2016,false,2010s,40.6069821,2.63,7.41,521.0,703.758,295.4326552,40.6481874
Kepler-1516 b,Kepler-1516,kepler-1516,Transit,transit,2016,2016,false,2010s,7.25931979,1.75,3.71,967.0,1358.95,291.4945795,44.5234227
Kepler-600 b,Kepler-600,kepler-600,Transit,transit,2016,2016,false,2010s,23.67517607,2.9,8.75,528.0,619.723,283.8330588,41.9786358
Kepler-1537 b,Kepler-1537,kepler-1537,Transit,transit,2016,2016,false,2010s,1.444453798,1.18,1.76,1800.0,517.292,294.3853917,43.8254461
Kepler-1447 b,Kepler-1447,kepler-1447,Transit,transit,2016,2016,false,2010s,56.6747285,2.9,8.75,522.0,890.296,289.6434285,50.727016
Kepler-1488 b,Kepler-1488,kepler-1488,Transit,transit,2016,2016,false,2010s,39.8189932,1.86,4.12,650.0,905.825,286.6464265,49.9377735
WASP-156 b,WASP-156,wasp-156,Transit,transit,2017,2017,false,2010s,3.8361623,6.02802815,41.8,934.5,122.066,32.782085,2.4181937
Kepler-1538 b,Kepler-1538,kepler-1538,Transit,transit,2016,2016,false,2010s,175.138819,2.82,8.35,346.0,1125.3,283.345611,45.2743573
Kepler-1448 b,Kepler-1448,kepler-1448,Transit,transit,2016,2016,false,2010s,12.27065865,1.61,3.22,811.0,768.903,287.8674123,50.5955846
Kepler-1493 b,Kepler-1493,kepler-1493,Transit,transit,2016,2016,false,2010s,15.0217983,1.41,2.57,874.0,555.051,288.5493683,38.5651973
Kepler-1519 b,Kepler-1519,kepler-1519,Transit,transit,2016,2016,false,2010s,240.7989397,7.06,39.6,342.0,1441.63,296.6679448,49.4617774
Kepler-688 b,Kepler-688,kepler-688,Transit,transit,2016,2016,false,2010s,3.895936844,9.76,68.7,1005.0,1357.75,294.6552312,39.3083446
Kepler-1450 b,Kepler-1450,kepler-1450,Transit,transit,2016,2016,false,2010s,54.5094166,1.71,3.57,308.0,505.829,294.5536825,45.0813011
Kepler-1494 b,Kepler-1494,kepler-1494,Transit,transit,2016,2016,false,2010s,91.080482,3.07,9.64,415.0,1285.48,282.6573891,43.1625334
Kepler-1495 b,Kepler-1495,kepler-1495,Transit,transit,2016,2016,false,2010s,85.273256,2.94,8.96,443.0,1355.54,286.1306907,38.7795494
Kepler-1520 b,Kepler-1520,kepler-1520,Transit,transit,2016,2016,false,2010s,0.653553572,5.77,28.1,1437.0,607.917,290.9662102,51.5047656
Kepler-637 b,Kepler-637,kepler-637,Transit,transit,2016,2016,false,2010s,23.20584623,4.75,20.2,1002.0,786.091,292.4172566,41.4168384
Kepler-1607 b,Kepler-1607,kepler-1607,Transit,transit,2016,2016,false,2010s,13.6473676,0.92,0.721,913.0,1286.1,296.0598685,42.6560582
Kepler-1496 b,Kepler-1496,kepler-1496,Transit,transit,2016,2016,false,2010s,64.6588017,2.22,5.56,535.0,1307.66,293.9739359,45.3507167
Kepler-937 c,Kepler-937,kepler-937,Transit,transit,2016,2016,false,2010s,153.343364,2.67,7.61,377.0,1571.46,294.1688142,46.7146161
Kepler-1065 c,Kepler-1065,kepler-1065,Transit,transit,2016,2016,false,2010s,2.37030743,1.6,3.19,1256.0,1122.48,294.511319,38.7904648
Kepler-1067 b,Kepler-1067,kepler-1067,Transit,transit,2016,2016,false,2010s,0.762129261,0.8,0.437,1872.0,667.693,285.3873706,45.0490265
Kepler-578 b,Kepler-578,kepler-578,Transit,transit,2016,2016,false,2010s,1.616883696,2.0,4.66,1774.0,541.432,288.7549882,39.563696
Kepler-689 b,Kepler-689,kepler-689,Transit,transit,2016,2016,false,2010s,22.36656079,2.89,8.7,536.0,1131.73,294.7106347,39.5216975
Kepler-1460 b,Kepler-1460,kepler-1460,Transit,transit,2016,2016,false,2010s,29.9633247,1.96,4.5,391.0,553.218,285.5577888,44.0108221
Kepler-1498 b,Kepler-1498,kepler-1498,Transit,transit,2016,2016,false,2010s,48.051405,1.33,2.33,564.0,740.0,284.7780883,44.9167513
Kepler-1073 c,Kepler-1073,kepler-1073,Transit,transit,2016,2016,false,2010s,4.02582254,1.64,3.33,1169.0,809.897,294.1527259,38.2330886
Kepler-701 b,Kepler-701,kepler-701,Transit,transit,2016,2016,false,2010s,10.35533177,2.84,8.45,777.0,774.152,288.99418,41.6333125
Kepler-1611 b,Kepler-1611,kepler-1611,Transit,transit,2016,2016,false,2010s,5.1762429,0.81,0.457,1243.0,908.444,296.5120204,49.7277506
Kepler-624 b,Kepler-624,kepler-624,Transit,transit,2016,2016,false,2010s,14.58649607,2.31,5.95,852.0,748.188,295.1933631,39.5396946
Kepler-1462 b,Kepler-1462,kepler-1462,Transit,transit,2016,2016,false,2010s,65.6488341,3.82,14.0,390.0,1017.82,296.397542,42.3969273
Kepler-1500 b,Kepler-1500,kepler-1500,Transit,transit,2016,2016,false,2010s,15.0330105,1.2,1.87,928.0,1217.82,288.883474,39.7446547
Kepler-1522 b,Kepler-1522,kepler-1522,Transit,transit,2016,2016,false,2010s,1.847889171,1.73,3.64,1374.0,814.125,289.8432347,52.0702094
Kepler-625 b,Kepler-625,kepler-625,Transit,transit,2016,2016,false,2010s,7.75192492,1.99,4.62,852.0,760.708,292.1504723,39.6375254
Kepler-1612 b,Kepler-1612,kepler-1612,Transit,transit,2016,2016,false,2010s,3.91795101,1.03,1.08,1030.0,764.726,291.2503022,45.6550536
Kepler-1464 b,Kepler-1464,kepler-1464,Transit,transit,2016,2016,false,2010s,31.7785901,1.66,3.39,564.0,1151.73,287.2356828,38.7540824
Kepler-1464 c,Kepler-1464,kepler-1464,Transit,transit,2016,2016,false,2010s,5.32786292,1.0,0.972,1023.0,1151.73,287.2356828,38.7540824
Kepler-1504 b,Kepler-1504,kepler-1504,Transit,transit,2016,2016,false,2010s,82.304003,2.13,5.18,485.0,2435.94,289.7119947,50.1282265
Kepler-1505 b,Kepler-1505,kepler-1505,Transit,transit,2016,2016,false,2010s,30.8609366,0.93,0.749,525.0,495.148,292.0020614,41.7869639
Kepler-1523 b,Kepler-1523,kepler-1523,Transit,transit,2016,2016,false,2010s,0.93875077,1.58,3.12,1676.0,865.596,296.0540705,45.8270447
Kepler-1085 b,Kepler-1085,kepler-1085,Transit,transit,2016,2016,false,2010s,219.3217528,7.22,41.2,313.0,1364.53,287.4776359,46.1411685
Kepler-1613 b,Kepler-1613,kepler-1613,Transit,transit,2016,2016,false,2010s,1.5184299,2.08,4.98,1926.0,1508.33,289.8750066,43.4209318
Kepler-1614 b,Kepler-1614,kepler-1614,Transit,transit,2016,2016,false,2010s,3.9466141,1.49,2.83,981.0,1191.19,284.8713893,49.7758867
Kepler-1468 b,Kepler-1468,kepler-1468,Transit,transit,2016,2016,false,2010s,8.23984869,1.73,3.64,1093.0,1899.24,293.5198289,41.2773671
Kepler-1507 b,Kepler-1507,kepler-1507,Transit,transit,2016,2016,false,2010s,16.0506213,0.84,0.52,630.0,320.478,288.5616269,46.5361247
Kepler-1509 b,Kepler-1509,kepler-1509,Transit,transit,2016,2016,false,2010s,25.4338197,1.85,4.08,667.0,2002.96,283.7977792,46.9310139
Kepler-1086 c,Kepler-1086,kepler-1086,Transit,transit,2016,2016,false,2010s,161.5163345,2.94,8.96,211.0,466.084,295.251187,45.8429537
Kepler-1524 b,Kepler-1524,kepler-1524,Transit,transit,2016,2016,false,2010s,70.9674603,3.54,12.3,438.0,381.773,293.8853557,39.5198348
Kepler-1616 b,Kepler-1616,kepler-1616,Transit,transit,2016,2016,false,2010s,6.76284377,1.02,1.04,1337.0,1137.81,286.5436691,45.3048716
Kepler-1645 b,Kepler-1645,kepler-1645,Transit,transit,2016,2016,false,2010s,16.1779561,1.78,3.82,754.0,1202.47,297.4795142,48.418582
Kepler-741 b,Kepler-741,kepler-741,Transit,transit,2016,2016,false,2010s,7.03902374,2.97,9.11,1051.0,1661.87,289.4317294,46.6174978
Kepler-564 b,Kepler-564,kepler-564,Transit,transit,2016,2016,false,2010s,3.750832285,4.63,19.4,1129.0,863.037,296.8383661,46.6263912
Kepler-594 b,Kepler-594,kepler-594,Transit,transit,2016,2016,false,2010s,13.64618192,2.18,5.39,678.0,769.2,288.9217259,49.7620237
Kepler-154 d,Kepler-154,kepler-154,Transit,transit,2016,2016,false,2010s,20.54981883,3.84,14.1,657.0,915.212,289.7805393,49.8965624
Kepler-642 b,Kepler-642,kepler-642,Transit,transit,2016,2016,false,2010s,4.41745855,2.9,8.75,1810.0,781.582,293.8345542,42.624948
Kepler-643 b,Kepler-643,kepler-643,Transit,transit,2016,2016,false,2010s,16.33889626,10.16,321.0083,963.0,1063.58,290.3272423,42.8982283
Kepler-726 b,Kepler-726,kepler-726,Transit,transit,2016,2016,false,2010s,21.80451088,3.26,10.7,543.0,762.081,291.7172776,44.8873466
Kepler-1143 c,Kepler-1143,kepler-1143,Transit,transit,2016,2016,false,2010s,210.630591,3.6,12.6,234.0,555.189,287.302772,39.2896399
Kepler-148 d,Kepler-148,kepler-148,Transit,transit,2016,2016,false,2010s,51.84688575,8.68,56.3,413.0,791.163,289.7861626,46.8588176
Kepler-673 b,Kepler-673,kepler-673,Transit,transit,2016,2016,false,2010s,3.728731093,6.54,34.8,1023.0,918.21,290.7857595,50.0540561
Kepler-674 b,Kepler-674,kepler-674,Transit,transit,2016,2016,false,2010s,2.243381847,1.69,3.5,822.0,342.254,285.1761864,50.1496897
Kepler-712 b,Kepler-712,kepler-712,Transit,transit,2016,2016,false,2010s,21.02247699,3.41,11.5,521.0,872.493,294.9096739,42.9351987
Kepler-1628 b,Kepler-1628,kepler-1628,Transit,transit,2016,2016,false,2010s,76.378033,6.43,33.8,240.0,352.0,281.6336936,43.4115547
Kepler-1388 e,Kepler-1388,kepler-1388,Transit,transit,2016,2016,false,2010s,37.6327084,2.46,6.62,299.0,453.795,283.3360156,47.1744499
Kepler-655 b,Kepler-655,kepler-655,Transit,transit,2016,2016,false,2010s,46.4063358,2.71,7.8,588.0,752.562,297.2590664,46.843165
Kepler-565 b,Kepler-565,kepler-565,Transit,transit,2016,2016,false,2010s,4.243747226,3.64,12.9,1063.0,1041.0,283.6180825,47.1967793
Kepler-676 b,Kepler-676,kepler-676,Transit,transit,2016,2016,false,2010s,11.59822172,3.04,9.48,396.0,295.196,296.2220259,50.2873626
Kepler-675 b,Kepler-675,kepler-675,Transit,transit,2016,2016,false,2010s,2.33743801,2.44,6.53,1070.0,665.68,293.8334488,50.2303479
Kepler-1630 b,Kepler-1630,kepler-1630,Transit,transit,2016,2016,false,2010s,509.997402,2.19,5.43,182.0,331.213,297.5083004,43.7110543
Kepler-1482 b,Kepler-1482,kepler-1482,Transit,transit,2016,2016,false,2010s,12.25383217,1.01,1.01,678.0,567.556,285.3138209,48.72527
Kepler-587 b,Kepler-587,kepler-587,Transit,transit,2016,2016,false,2010s,10.94027841,2.23,5.6,764.0,787.894,288.6706571,47.3991249
Kepler-657 b,Kepler-657,kepler-657,Transit,transit,2016,2016,false,2010s,24.54350418,3.52,12.2,616.0,1691.88,291.1973006,47.3077545
Kepler-483 b,Kepler-483,kepler-483,Transit,transit,2016,2016,false,2010s,30.229104,3.21,10.4,755.0,860.355,291.6467764,41.8846843
Kepler-572 b,Kepler-572,kepler-572,Transit,transit,2016,2016,false,2010s,17.20523483,2.58,7.18,553.0,504.667,291.221172,50.5813487
Kepler-714 b,Kepler-714,kepler-714,Transit,transit,2016,2016,false,2010s,8.098887986,9.67,67.6,986.0,2083.37,282.6994685,43.2727437
Kepler-623 b,Kepler-623,kepler-623,Transit,transit,2016,2016,false,2010s,9.07097734,3.01,9.32,825.0,737.702,296.9867284,47.4773531
Kepler-658 b,Kepler-658,kepler-658,Transit,transit,2016,2016,false,2010s,1.287076762,1.63,3.29,871.0,388.384,282.983621,47.5783897
Kepler-680 b,Kepler-680,kepler-680,Transit,transit,2016,2016,false,2010s,3.689926291,2.42,6.44,1147.0,1492.48,291.622381,50.6181793
Kepler-1633 b,Kepler-1633,kepler-1633,Transit,transit,2016,2016,false,2010s,186.404271,1.58,3.12,925.0,1114.91,288.5151733,44.9232545
Kepler-605 b,Kepler-605,kepler-605,Transit,transit,2016,2016,false,2010s,3.383538066,1.44,2.67,1133.0,556.58,287.2954015,43.2798677
Kepler-727 b,Kepler-727,kepler-727,Transit,transit,2016,2016,false,2010s,5.154484417,2.53,6.94,964.0,831.842,294.8469333,45.0344155
Kepler-1518 b,Kepler-1518,kepler-1518,Transit,transit,2016,2016,false,2010s,5.11177904,3.05,9.53,1351.0,903.51,300.3323404,44.9861065
Kepler-588 b,Kepler-588,kepler-588,Transit,transit,2016,2016,false,2010s,4.221625357,2.63,7.41,1176.0,1209.4,284.2572531,47.6889081
Kepler-589 b,Kepler-589,kepler-589,Transit,transit,2016,2016,false,2010s,16.54964934,2.27,5.77,656.0,612.803,280.6414331,47.7520581
Kepler-573 b,Kepler-573,kepler-573,Transit,transit,2016,2016,false,2010s,22.18329658,2.79,8.2,646.0,771.471,289.5211955,51.2374057
Kepler-596 b,Kepler-596,kepler-596,Transit,transit,2016,2016,false,2010s,21.30022655,3.46,11.8,725.0,1023.85,289.5006797,51.6857106
Kepler-715 b,Kepler-715,kepler-715,Transit,transit,2016,2016,false,2010s,10.00652995,3.75,13.5,876.0,1327.44,283.6307971,43.3793638
Kepler-716 b,Kepler-716,kepler-716,Transit,transit,2016,2016,false,2010s,10.37168453,2.9,8.75,720.0,635.009,290.3931809,43.3638577
Kepler-1185 b,Kepler-1185,kepler-1185,Transit,transit,2016,2016,false,2010s,104.3518976,1.33,2.33,355.0,459.273,287.2411783,39.3326977
Kepler-660 b,Kepler-660,kepler-660,Transit,transit,2016,2016,false,2010s,9.27358194,2.57,7.13,649.0,568.431,288.1382985,47.7245642
Kepler-496 b,Kepler-496,kepler-496,Transit,transit,2016,2016,false,2010s,8.30864937,2.32,5.99,747.0,605.274,291.6408978,41.2411044
Kepler-1636 b,Kepler-1636,kepler-1636,Transit,transit,2016,2016,false,2010s,425.47785,3.23,10.5,248.0,1947.54,294.0575681,46.4409844
Kepler-561 b,Kepler-561,kepler-561,Transit,transit,2016,2016,false,2010s,58.3620495,6.96,38.7,446.0,621.378,293.7471107,45.1071981
Kepler-728 b,Kepler-728,kepler-728,Transit,transit,2016,2016,false,2010s,5.743477265,3.34,11.1,982.0,1765.23,291.0923621,45.1155087
Kepler-566 b,Kepler-566,kepler-566,Transit,transit,2016,2016,false,2010s,18.42794624,2.15,5.27,526.0,564.277,291.5544735,47.8144362
Kepler-550 b,Kepler-550,kepler-550,Transit,transit,2016,2016,false,2010s,8.600104109,4.42,17.9,760.0,531.944,297.7001786,47.8637046
Kepler-574 b,Kepler-574,kepler-574,Transit,transit,2016,2016,false,2010s,7.65880414,2.39,6.3,858.0,682.896,290.2470519,52.1491051
Kepler-585 b,Kepler-585,kepler-585,Transit,transit,2016,2016,false,2010s,2.752359753,2.83,8.4,1178.0,585.187,286.5284924,43.8733751
Kepler-611 b,Kepler-611,kepler-611,Transit,transit,2016,2016,false,2010s,2.437033302,1.65,3.36,1513.0,1395.56,286.0049121,45.4803043
Kepler-729 b,Kepler-729,kepler-729,Transit,transit,2016,2016,false,2010s,3.166353714,3.58,12.5,1273.0,1921.15,286.3600604,45.4142664
Kepler-662 b,Kepler-662,kepler-662,Transit,transit,2016,2016,false,2010s,21.67697486,2.18,5.39,530.0,815.637,290.4650801,47.9291252
Kepler-551 b,Kepler-551,kepler-551,Transit,transit,2016,2016,false,2010s,12.3764661,2.73,7.9,483.0,311.175,285.485045,48.0543774
OGLE-2012-BLG-0724L b,OGLE-2012-BLG-0724L,ogle-2012-blg-0724l,Microlensing,microlensing,2016,2016,false,2010s,,14.3,150.0,,6700.0,268.9682917,-29.8185278
Kepler-1638 b,Kepler-1638,kepler-1638,Transit,transit,2016,2016,false,2010s,259.33683,1.87,4.16,304.0,1525.52,295.4823299,48.5244695
Kepler-586 b,Kepler-586,kepler-586,Transit,transit,2016,2016,false,2010s,2.104722184,2.79,8.2,1365.0,693.766,293.0571982,45.5511266
Kepler-618 b,Kepler-618,kepler-618,Transit,transit,2016,2016,false,2010s,3.595769645,2.6,7.27,1296.0,1221.96,286.2498525,48.0609256
Kepler-601 b,Kepler-601,kepler-601,Transit,transit,2016,2016,false,2010s,5.378868441,1.9,4.27,833.0,414.825,282.0046852,42.1764657
Kepler-645 b,Kepler-645,kepler-645,Transit,transit,2016,2016,false,2010s,3.275822621,2.1,5.06,1730.0,1173.57,290.3227098,44.0358625
Kepler-719 b,Kepler-719,kepler-719,Transit,transit,2016,2016,false,2010s,5.007317779,8.52,54.5,998.0,2497.51,295.5360628,43.8844116
Kepler-612 b,Kepler-612,kepler-612,Transit,transit,2016,2016,false,2010s,3.722156413,2.84,8.45,1046.0,1445.53,291.3546278,45.7478551
Kepler-590 b,Kepler-590,kepler-590,Transit,transit,2016,2016,false,2010s,5.85296257,4.02,15.2,1056.0,1421.81,296.3855467,48.2334177
Kepler-552 b,Kepler-552,kepler-552,Transit,transit,2016,2016,false,2010s,5.263415765,3.95,14.8,1103.0,843.689,290.7476903,48.2419838
Kepler-1454 b,Kepler-1454,kepler-1454,Transit,transit,2016,2016,false,2010s,47.0319479,1.88,4.19,492.0,780.566,284.2233265,48.8317229
Kepler-460 c,KIC 5437945,kic 5437945,Transit,transit,2016,2016,false,2010s,220.1303357,5.52,26.1,389.0,1274.01,288.4749028,40.6512848
Kepler-646 b,Kepler-646,kepler-646,Transit,transit,2016,2016,false,2010s,15.87364565,1.99,4.62,632.0,451.794,290.4714596,44.3870422
Kepler-735 b,Kepler-735,kepler-735,Transit,transit,2016,2016,false,2010s,11.51516988,2.95,9.01,657.0,695.059,284.6888328,46.1721391
Kepler-591 b,Kepler-591,kepler-591,Transit,transit,2016,2016,false,2010s,81.1694299,3.39,11.4,436.0,785.137,286.024052,48.431729
Kepler-619 b,Kepler-619,kepler-619,Transit,transit,2016,2016,false,2010s,5.404272197,3.16,10.1,1073.0,900.678,290.8490899,48.4159782
Kepler-602 b,Kepler-602,kepler-602,Transit,transit,2016,2016,false,2010s,15.28469497,2.09,5.02,852.0,1159.31,296.0318985,42.1418634
Kepler-721 b,Kepler-721,kepler-721,Transit,transit,2016,2016,false,2010s,5.392025388,2.64,7.46,850.0,926.598,284.4305132,44.4803776
Kepler-722 b,Kepler-722,kepler-722,Transit,transit,2016,2016,false,2010s,4.093573252,2.63,7.41,1182.0,1239.5,290.2632874,44.5564051
Kepler-568 b,Kepler-568,kepler-568,Transit,transit,2016,2016,false,2010s,11.02347475,2.26,5.73,429.0,130.645,298.1061315,48.4016448
Kepler-569 b,Kepler-569,kepler-569,Transit,transit,2016,2016,false,2010s,34.18890521,3.16,10.1,526.0,638.301,283.507219,48.552633
Kepler-603 b,Kepler-603,kepler-603,Transit,transit,2016,2016,false,2010s,21.05358596,2.65,7.51,731.0,1539.63,294.2809679,42.2909295
Kepler-615 b,Kepler-615,kepler-615,Transit,transit,2016,2016,false,2010s,10.35584657,1.74,3.68,620.0,330.0,282.4506927,46.3213671
Kepler-593 b,Kepler-593,kepler-593,Transit,transit,2016,2016,false,2010s,21.21708973,2.87,8.6,706.0,973.76,294.9513923,48.6511709
Kepler-592 b,Kepler-592,kepler-592,Transit,transit,2016,2016,false,2010s,2.820192408,2.39,6.3,1367.0,1153.13,285.7907395,48.6832431
Kepler-709 b,Kepler-709,kepler-709,Transit,transit,2016,2016,false,2010s,16.08524954,2.92,8.85,613.0,664.843,292.105272,42.3803077
Kepler-1625 b,Kepler-1625,kepler-1625,Transit,transit,2016,2016,false,2010s,287.378949,6.06,30.6,350.0,2310.11,295.429322,39.8865068
Kepler-1642 b,Kepler-1642,kepler-1642,Transit,transit,2016,2016,false,2010s,12.2057513,3.2,10.3,895.0,413.873,297.2121215,43.643789
Kepler-1642 c,Kepler-1642,kepler-1642,Transit,transit,2016,2016,false,2010s,6.6513802,2.66,7.56,1095.0,413.873,297.2121215,43.643789
Kepler-652 b,Kepler-652,kepler-652,Transit,transit,2016,2016,false,2010s,4.182002531,2.49,6.76,974.0,394.55,288.0080899,46.4736108
Kepler-737 b,Kepler-737,kepler-737,Transit,transit,2016,2016,false,2010s,28.59915399,1.96,4.5,298.0,205.118,291.8629793,46.4291614
Kepler-669 b,Kepler-669,kepler-669,Transit,transit,2016,2016,false,2010s,4.125546869,4.83,20.8,1243.0,2063.41,291.9361615,49.2539473
Kepler-558 b,Kepler-558,kepler-558,Transit,transit,2016,2016,false,2010s,29.00790538,2.37,6.21,498.0,661.876,284.6579709,42.6526751
Kepler-609 b,Kepler-609,kepler-609,Transit,transit,2016,2016,false,2010s,6.521210666,3.35,11.2,932.0,1065.82,292.2203009,44.6999902
Kepler-724 b,Kepler-724,kepler-724,Transit,transit,2016,2016,false,2010s,3.314946338,3.29,10.8,1155.0,853.119,293.4548441,44.7927823
Kepler-1646 b,Kepler-1646,kepler-1646,Transit,transit,2016,2016,false,2010s,4.48558383,1.23,2.04,365.0,127.591,287.5264859,42.9129356
Kepler-710 b,Kepler-710,kepler-710,Transit,transit,2016,2016,false,2010s,4.347285527,1.88,4.19,1174.0,1448.34,291.9641255,42.6961308
K2-88 b,K2-88,k2-88,Transit,transit,2016,2016,false,2010s,4.6122,1.23,2.04,,110.561,54.7514566,19.1199667
K2-89 b,K2-89,k2-89,Transit,transit,2016,2016,false,2010s,1.096026,0.615,0.17,,86.0386,57.0671234,20.4594885
K2-116 b,K2-116,k2-116,Transit,transit,2017,2017,false,2010s,4.655411,0.69,0.257,,49.3855,336.1523363,-11.5793181
K2-102 b,K2-102,k2-102,Transit,transit,2016,2016,false,2010s,9.915615,1.3,2.24,,188.175,130.0558953,19.7787519
K2-5 b,K2-5,k2-5,Transit,transit,2015,2015,false,2010s,5.73594,1.91,4.31,565.0,202.943,169.3034598,-1.8778254
K2-5 c,K2-5,k2-5,Transit,transit,2015,2015,false,2010s,10.93241,2.26,5.73,456.0,202.943,169.3034598,-1.8778254
K2-91 b,K2-91,k2-91,Transit,transit,2016,2016,false,2010s,1.419549,1.1,1.37,,62.5785,63.2182348,24.2047218
K2-72 c,K2-72,k2-72,Transit,transit,2016,2016,false,2010s,15.189034,1.16,1.65,,66.4321,334.6227504,-9.6120084
K2-16 b,K2-16,k2-16,Transit,transit,2015,2015,false,2010s,7.6188,2.02,4.74,658.0,334.967,175.0972238,4.5574311
K2-16 c,K2-16,k2-16,Transit,transit,2015,2015,false,2010s,19.07863,2.54,6.99,485.0,334.967,175.0972238,4.5574311
Kepler-223 e,Kepler-223,kepler-223,Transit,transit,2014,2014,false,2010s,19.72567,4.6,4.8,751.0,1859.71,298.3183909,47.2794824
Kepler-223 b,Kepler-223,kepler-223,Transit,transit,2014,2014,false,2010s,7.38449,2.99,7.4,1042.0,1859.71,298.3183909,47.2794824
Kepler-223 d,Kepler-223,kepler-223,Transit,transit,2014,2014,false,2010s,14.78869,5.24,8.0,827.0,1859.71,298.3183909,47.2794824
K2-81 b,K2-81,k2-81,Transit,transit,2016,2016,false,2010s,6.102325,1.97,4.54,,252.318,57.4854562,14.5020556
NGC 2682 YBP 1194 b,NGC 2682 YBP 1194,ngc 2682 ybp 1194,Radial Velocity,radial velocity,2014,2014,false,2010s,6.959,12.3,101.7056,,872.92,132.7533077,11.8146537
NGC 2682 YBP 1514 b,NGC 2682 YBP 1514,ngc 2682 ybp 1514,Radial Velocity,radial velocity,2014,2014,false,2010s,5.118,14.0,127.132,,914.221,132.7531307,11.8865128
Kepler-80 d,Kepler-80,kepler-80,Transit,transit,2014,2014,false,2010s,3.07222,1.53,6.75,722.0,369.451,296.1125759,39.9787451
GJ 1148 b,GJ 1148,gj 1148,Radial Velocity,radial velocity,2010,2010,false,2010s,41.38,11.9,96.7,,11.0143,175.4326081,42.7515862
K2-90 c,K2-90,k2-90,Transit,transit,2016,2016,false,2010s,2.900706,1.3,2.24,,134.188,59.1527391,22.4724517
GJ 1148 c,GJ 1148,gj 1148,Radial Velocity,radial velocity,2017,2017,false,2010s,532.58,9.71,68.06,,11.0143,175.4326081,42.7515862
HD 17674 b,HD 17674,hd 17674,Radial Velocity,radial velocity,2017,2017,false,2010s,623.8,13.9,276.5121,,44.4264,42.7684964,30.2865981
HD 42012 b,HD 42012,hd 42012,Radial Velocity,radial velocity,2017,2017,false,2010s,857.5,13.5,508.528,,36.7984,92.485473,34.1341722
OGLE-2012-BLG-0026L b,OGLE-2012-BLG-0026L,ogle-2012-blg-0026l,Microlensing,microlensing,2012,2012,false,2010s,,7.72,46.1,,4019.0,263.577917,-27.14275
Kepler-80 c,Kepler-80,kepler-80,Transit,transit,2012,2012,false,2010s,9.52355,2.74,6.74,495.0,369.451,296.1125759,39.9787451
OGLE-2012-BLG-0026L c,OGLE-2012-BLG-0026L,ogle-2012-blg-0026l,Microlensing,microlensing,2012,2012,false,2010s,,13.9,270.0,,4019.0,263.577917,-27.14275
HD 59686 A b,HD 59686 A,hd 59686 a,Radial Velocity,radial velocity,2016,2016,false,2010s,299.36,12.7,2199.3836,,89.2721,112.9518629,17.0857195
KIC 7917485 b,KIC 7917485,kic 7917485,Pulsation Timing Variations,pulsation timing variations,2016,2016,false,2010s,840.0,12.4,3750.394,,1382.89,299.4346094,43.6326069
OGLE-2013-BLG-1721L b,OGLE-2013-BLG-1721L,ogle-2013-blg-1721l,Microlensing,microlensing,2017,2017,false,2010s,,14.1,200.0,,6300.0,268.126556,-30.2926941
HD 34445 c,HD 34445,hd 34445,Radial Velocity,radial velocity,2017,2017,false,2010s,214.67,8.42,53.5,,46.0907,79.4207483,7.3527156
K2-46 b,K2-46,k2-46,Transit,transit,2016,2016,false,2010s,19.1541,2.05,4.86,889.0,449.237,174.2662454,-0.90721
K2-42 b,K2-42,k2-42,Transit,transit,2016,2016,false,2010s,6.68796,2.15,5.27,,396.913,176.6657559,-5.1720463
HD 87646 b,HD 87646,hd 87646,Radial Velocity,radial velocity,2016,2016,false,2010s,13.481,12.4,3941.092,,73.58352,151.6695435,17.8949795
HD 34445 g,HD 34445,hd 34445,Radial Velocity,radial velocity,2017,2017,false,2010s,5700.0,13.6,120.6,,46.0907,79.4207483,7.3527156
Wolf 1061 c,Wolf 1061,wolf 1061,Radial Velocity,radial velocity,2015,2015,false,2010s,17.8719,1.66,3.41,,4.30592,247.5748276,-12.6676866
K2-47 b,K2-47,k2-47,Transit,transit,2016,2016,false,2010s,31.6372,1.89,4.23,,349.881,168.5825696,2.7805614
K2-48 b,K2-48,k2-48,Transit,transit,2016,2016,false,2010s,20.5065,2.24,5.65,,313.764,176.1233077,3.2723812
MXB 1658-298 b,MXB 1658-298,mxb 1658-298,Eclipse Timing Variations,eclipse timing variations,2017,2017,false,2010s,760.0,12.0,7532.571,,,255.5272522,-29.9455833
NGC 2682 Sand 978 b,NGC 2682 Sand 978,ngc 2682 sand 978,Radial Velocity,radial velocity,2017,2017,false,2010s,511.21,13.3,692.8694,,821.918,132.8228085,11.7562959
GJ 3293 b,GJ 3293,gj 3293,Radial Velocity,radial velocity,2015,2015,false,2010s,30.5987,5.19,23.54,,20.1903,67.1484425,-25.1713396
K2-50 b,K2-50,k2-50,Transit,transit,2016,2016,false,2010s,8.7529,1.59,3.15,,257.443,169.483654,5.988289
K2-49 b,K2-49,k2-49,Transit,transit,2016,2016,false,2010s,2.77065,1.93,4.38,,457.125,177.3202331,3.4755183
Kepler-1652 b,Kepler-1652,kepler-1652,Transit,transit,2017,2017,false,2010s,38.09722,1.6,3.19,268.0,252.0,294.3660313,49.9150219
GJ 3293 c,GJ 3293,gj 3293,Radial Velocity,radial velocity,2015,2015,false,2010s,122.6196,4.87,21.09,,20.1903,67.1484425,-25.1713396
K2-58 d,K2-58,k2-58,Transit,transit,2016,2016,false,2010s,22.8827,1.71,3.57,,181.746,333.8218395,-14.049857
K2-59 c,K2-59,k2-59,Transit,transit,2016,2016,false,2010s,11.2954,2.3,5.9,,311.313,338.94255,-14.027727
OGLE-2014-BLG-1760L b,OGLE-2014-BLG-1760L,ogle-2014-blg-1760l,Microlensing,microlensing,2016,2016,false,2010s,,14.2,180.0,,6860.0,269.408997,-28.9631577
HD 9174 b,HD 9174,hd 9174,Radial Velocity,radial velocity,2016,2016,false,2010s,1179.0,13.7,352.7913,,81.4893,22.5043352,-19.6052945
K2-63 c,K2-63,k2-63,Transit,transit,2016,2016,false,2010s,25.4556,3.9,14.5,,517.534,333.4267738,-12.0663429
K2-63 b,K2-63,k2-63,Transit,transit,2016,2016,false,2010s,20.257,3.22,10.5,,517.534,333.4267738,-12.0663429
CoRoT-32 b,CoRoT-32,corot-32,Transit,transit,2018,2018,false,2010s,6.71837,6.38913,47.6745,938.0,576.683,100.1951714,9.2573953
HD 221585 b,HD 221585,hd 221585,Radial Velocity,radial velocity,2016,2016,false,2010s,1173.0,13.5,511.7063,,55.8535,353.2293802,63.1556146
Kepler-539 c,Kepler-539,kepler-539,Transit Timing Variations,transit timing variations,2016,2016,false,2010s,1000.0,13.3,762.792,253.0,307.318,299.1224639,41.8667953
K2-64 b,K2-64,k2-64,Transit,transit,2016,2016,false,2010s,6.53044,2.07,4.94,,499.891,332.4138478,-11.4286687
K2-68 b,K2-68,k2-68,Transit,transit,2016,2016,false,2010s,8.05428,1.58,3.12,,168.652,334.0195539,-10.5673649
K2-21 b,K2-21,k2-21,Transit,transit,2015,2015,false,2010s,9.325038,1.84,4.04,500.0,83.6448,340.3037846,-14.4893256
Kepler-1647 b,Kepler-1647,kepler-1647,Transit,transit,2016,2016,false,2010s,1107.5923,11.8739,483.0,,1212.45,298.150057,40.6561751
K2-70 b,K2-70,k2-70,Transit,transit,2016,2016,false,2010s,13.97896,2.89,8.7,,232.964,338.4759328,-10.0849917
K2-71 b,K2-71,k2-71,Transit,transit,2016,2016,false,2010s,6.98541,2.15,5.27,,153.192,341.7248656,-9.8816109
K2-118 b,K2-118,k2-118,Transit,transit,2017,2017,false,2010s,50.92092,2.54,6.99,,321.722,132.1268608,15.6558964
K2-74 b,K2-74,k2-74,Transit,transit,2016,2016,false,2010s,19.5666,2.31,5.95,,377.822,339.9192984,-8.7145697
K2-75 b,K2-75,k2-75,Transit,transit,2016,2016,false,2010s,7.8142,2.67,7.61,,561.93,338.844896,-7.469895
K2-125 b,K2-125,k2-125,Transit,transit,2017,2017,false,2010s,21.750264,2.18,5.39,,124.156,204.1418754,-14.9478195
HIP 116454 b,HIP 116454,hip 116454,Transit,transit,2014,2014,false,2010s,9.1004157,2.469,9.7,753.2,62.4491,353.9543517,0.4447043
K2-83 b,K2-83,k2-83,Transit,transit,2016,2016,false,2010s,2.74697,1.244,2.08,,125.529,59.9013782,15.5587994
K2-130 b,K2-130,k2-130,Transit,transit,2017,2017,false,2010s,2.49412,1.25,2.1,,118.011,290.2705419,-19.6908744
MOA-2010-BLG-353L b,MOA-2010-BLG-353L,moa-2010-blg-353l,Microlensing,microlensing,2015,2015,false,2010s,,11.1,86.0,,6430.0,271.303917,-27.2932333
K2-84 b,K2-84,k2-84,Transit,transit,2016,2016,false,2010s,6.4215,2.41,6.39,,284.876,55.8093566,16.6344396
K2-84 c,K2-84,k2-84,Transit,transit,2016,2016,false,2010s,27.86,2.03,4.78,,284.876,55.8093566,16.6344396
K2-35 b,K2-35,k2-35,Transit,transit,2016,2016,false,2010s,2.399964,1.32,2.3,979.0,252.596,170.1031027,1.2858679
HD 86950 b,HD 86950,hd 86950,Radial Velocity,radial velocity,2016,2016,false,2010s,1270.0,13.0,1144.188,,209.839,150.4066612,-17.3330699
HD 222076 b,HD 222076,hd 222076,Radial Velocity,radial velocity,2016,2016,false,2010s,871.0,13.5,495.8148,,91.1538,354.531982,-70.9032461
K2-33 b,K2-33,k2-33,Transit,transit,2016,2016,false,2010s,5.424865,5.04,1175.971,850.0,139.268,242.5613635,-19.3193831
K2-161 b,K2-161,k2-161,Transit,transit,2018,2018,false,2010s,9.283188,6.11721229,31.1,,916.319,183.7938491,-3.4956913
K2-160 b,K2-160,k2-160,Transit,transit,2018,2018,false,2010s,3.705871,3.17824034,10.2,,315.363,184.0545174,-3.5530888
HD 215152 d,HD 215152,hd 215152,Radial Velocity,radial velocity,2018,2018,false,2010s,10.86499,,770.41605857,,21.5974,340.8380941,-6.4020685
HD 109246 b,HD 109246,hd 109246,Radial Velocity,radial velocity,2010,2010,false,2010s,68.27,13.9,273.3338,,67.8349,188.027184,74.4893379
OGLE-2016-BLG-1195L b,OGLE-2016-BLG-1195L,ogle-2016-blg-1195l,Microlensing,microlensing,2017,2017,false,2010s,,1.11,1.43,,3910.0,268.847931,-30.2072506
Kepler-1650 b,Kepler-1650,kepler-1650,Transit,transit,2017,2017,false,2010s,1.53818001,0.96,0.84,602.0,134.397,297.7292296,42.8666919
Kepler-1654 b,Kepler-1654,kepler-1654,Transit,transit,2018,2018,false,2010s,1047.8356,9.180171,158.915,206.0,568.117,282.1856949,44.4344617
BD+03 2562 b,BD+03 2562,bd+03 2562,Radial Velocity,radial velocity,2017,2017,false,2010s,481.9,12.7,2034.112,,1070.63,177.5647268,2.7601075
K2-186 b,K2-186,k2-186,Transit,transit,2018,2018,false,2010s,41.474219,3.17207779,10.2,,330.739,135.3350487,18.8252879
K2-190 c,K2-190,k2-190,Transit,transit,2018,2018,false,2010s,21.574023,1.09308317,1.34,,160.679,205.3630485,-13.1608686
K2-231 b,K2-231,k2-231,Transit,transit,2018,2018,false,2010s,13.841901,2.5,6.8,,321.215,289.0918242,-15.7712178
HD 137388 b,HD 137388,hd 137388,Radial Velocity,radial velocity,2011,2011,false,2010s,330.0,9.32,63.566,,40.4841,233.915082,-80.2044169
HD 177565 b,HD 177565,hd 177565,Radial Velocity,radial velocity,2017,2017,false,2010s,44.505,4.0,15.1,,16.9179,286.7175787,-37.8122394
K2-195 c,K2-195,k2-195,Transit,transit,2018,2018,false,2010s,28.482786,2.57581891,7.16,,315.014,199.8315191,-8.5095364
K2-201 b,K2-201,k2-201,Transit,transit,2018,2018,false,2010s,1.05979,1.40006712,2.54,,197.932,293.5607117,-23.1312775
OGLE-2017-BLG-1522L b,OGLE-2017-BLG-1522L,ogle-2017-blg-1522l,Microlensing,microlensing,2018,2018,false,2010s,,14.0,240.0,,7490.0,270.319366,-28.4619713
HD 142245 b,HD 142245,hd 142245,Radial Velocity,radial velocity,2011,2011,false,2010s,1299.0,13.1,975.7381,,97.2305,238.2342443,15.4306118
HIP 65426 b,HIP 65426,hip 65426,Imaging,imaging,2017,2017,false,2010s,,16.8135,2860.47,1500.0,108.875,201.1501727,-51.5045384
Ross 128 b,Ross 128,ross 128,Radial Velocity,radial velocity,2017,2017,false,2010s,9.8658,1.11,1.4,301.0,3.37454,176.9376036,0.7992898
K2-201 c,K2-201,k2-201,Transit,transit,2018,2018,false,2010s,22.779878,3.28568401,10.8,,197.932,293.5607117,-23.1312775
K2-202 b,K2-202,k2-202,Transit,transit,2018,2018,false,2010s,3.405164,2.30165603,5.91,,300.397,283.2643203,-22.4070553
HD 111591 b,HD 111591,hd 111591,Radial Velocity,radial velocity,2017,2017,false,2010s,1056.4,12.9,1398.452,,114.166,192.5725483,22.8631285
OGLE-2016-BLG-1190L b,OGLE-2016-BLG-1190L,ogle-2016-blg-1190l,Microlensing,microlensing,2017,2017,false,2010s,1220.0,12.3,4253.0,,6770.0,269.717926,-27.6135559
K2-206 b,K2-206,k2-206,Transit,transit,2018,2018,false,2010s,18.294549,2.79522879,8.22,,244.443,11.2564264,0.5931866
K2-207 b,K2-207,k2-207,Transit,transit,2018,2018,false,2010s,12.48749,2.60585269,7.3,,363.064,11.6996481,0.6406182
OGLE-2016-BLG-0613L AB b,OGLE-2016-BLG-0613L AB,ogle-2016-blg-0613l ab,Microlensing,microlensing,2017,2017,false,2010s,,13.0,1330.0,,3410.0,269.260406,-28.1161671
K2-209 b,K2-209,k2-209,Transit,transit,2018,2018,false,2010s,2.080615,0.86850263,0.586,,76.4986,14.6903464,1.382807
Kepler-80 g,Kepler-80,kepler-80,Transit,transit,2017,2017,false,2010s,14.64558,1.13,0.065,418.0,369.451,296.1125759,39.9787451
K2-218 b,K2-218,k2-218,Transit,transit,2018,2018,false,2010s,8.679885,2.56948149,7.13,,394.083,12.809613,6.8464327
K2-219 b,K2-219,k2-219,Transit,transit,2018,2018,false,2010s,3.901287,1.34762583,2.38,,325.4,12.8452963,8.8675474
HD 215152 b,HD 215152,hd 215152,Radial Velocity,radial velocity,2018,2018,false,2010s,5.75999,,565.41673605,,21.5974,340.8380941,-6.4020685
K2-219 c,K2-219,k2-219,Transit,transit,2018,2018,false,2010s,6.66767,1.43839723,2.66,,325.4,12.8452963,8.8675474
K2-219 d,K2-219,k2-219,Transit,transit,2018,2018,false,2010s,11.137278,2.57634456,7.16,,325.4,12.8452963,8.8675474
GJ 3138 b,GJ 3138,gj 3138,Radial Velocity,radial velocity,2017,2017,false,2010s,1.22003,1.18,1.78,,28.4712,32.2977385,-16.3392495
HD 7924 c,HD 7924,hd 7924,Radial Velocity,radial velocity,2015,2015,false,2010s,15.299,,1762.67634522,583.6,16.9922,20.4956562,76.7101475
BD-06 1339 c,BD-06 1339,bd-06 1339,Radial Velocity,radial velocity,2013,2013,false,2010s,125.94,8.38,53.0,,20.2695,88.2511811,-5.9963378
HIP 65891 b,HIP 65891,hip 65891,Radial Velocity,radial velocity,2015,2015,false,2010s,1079.55726,12.8,1871.37366042,,150.292,202.6050857,-58.6643937
K2-227 b,K2-227,k2-227,Transit,transit,2018,2018,false,2010s,13.621832,1.66551298,3.41,,187.234,190.9484237,-8.4784159
K2-80 d,K2-80,k2-80,Transit,transit,2018,2018,false,2010s,28.867253,2.55211506,7.04,,200.802,59.037486,13.5590288
K2-260 b,K2-260,k2-260,Transit,transit,2018,2018,false,2010s,2.62669762,18.41635529,546.66486004,2090.0,663.834,76.8673317,16.8676948
K2-261 b,K2-261,k2-261,Transit,transit,2018,2018,false,2010s,11.6334681,9.26982704,68.96876432,1036.0,213.283,163.0323119,0.493167
GJ 3323 b,GJ 3323,gj 3323,Radial Velocity,radial velocity,2017,2017,false,2010s,5.3636,1.23,2.02,,5.37484,75.4868824,-6.9485133
GJ 3138 d,GJ 3138,gj 3138,Radial Velocity,radial velocity,2017,2017,false,2010s,257.8,3.23,10.5,,28.4712,32.2977385,-16.3392495
GJ 3323 c,GJ 3323,gj 3323,Radial Velocity,radial velocity,2017,2017,false,2010s,40.54,1.32,2.31,,5.37484,75.4868824,-6.9485133
Kepler-289 c,Kepler-289,kepler-289,Transit,transit,2014,2014,false,2010s,125.8723,11.23,157.18,394.0,704.438,297.4653351,42.8828517
K2-170 c,K2-170,k2-170,Transit,transit,2018,2018,false,2010s,12.400047,1.8017647,3.9,,392.872,335.4506923,-14.5933554
K2-164 b,K2-164,k2-164,Transit,transit,2018,2018,false,2010s,17.355066,3.24925008,10.6,,375.67,171.933659,-0.0628488
GJ 273 b,GJ 273,gj 273,Radial Velocity,radial velocity,2017,2017,false,2010s,18.6498,1.51,2.89,,5.921535,111.852091,5.225807
HD 238914 b,HD 238914,hd 238914,Radial Velocity,radial velocity,2018,2018,false,2010s,4100.0,12.8,1906.98,,519.452,279.5842102,59.2538819
K2-170 b,K2-170,k2-170,Transit,transit,2018,2018,false,2010s,7.576544,1.41817537,2.6,,392.872,335.4506923,-14.5933554
K2-171 b,K2-171,k2-171,Transit,transit,2018,2018,false,2010s,5.628466,2.68657205,7.69,,606.128,332.3407712,-13.4288624
K2-77 b,K2-77,k2-77,Transit,transit,2016,2016,false,2010s,8.2000844,2.4996027,603.877,806.0,141.731,55.228521,12.572448
K2-180 b,K2-180,k2-180,Transit,transit,2018,2018,false,2010s,8.865663,2.46597575,11.41003981,797.5,203.896,126.4643579,10.246577
GJ 3293 e,GJ 3293,gj 3293,Radial Velocity,radial velocity,2017,2017,false,2010s,13.2543,1.63,3.28,,20.1903,67.1484425,-25.1713396
GJ 3293 d,GJ 3293,gj 3293,Radial Velocity,radial velocity,2017,2017,false,2010s,48.1345,2.67,7.6,,20.1903,67.1484425,-25.1713396
TYC 3318-01333-1 b,TYC 3318-01333-1,tyc 3318-01333-1,Radial Velocity,radial velocity,2018,2018,false,2010s,562.0,13.1,1086.9786,,490.61,45.5825716,49.7441421
K2-172 b,K2-172,k2-172,Transit,transit,2018,2018,false,2010s,14.316941,1.66608079,3.42,,249.742,335.3081368,-12.5569819
K2-172 c,K2-172,k2-172,Transit,transit,2018,2018,false,2010s,29.62682,3.20569097,10.4,,249.742,335.3081368,-12.5569819
K2-182 b,K2-182,k2-182,Transit,transit,2018,2018,false,2010s,4.7369696,2.71257333,20.97667486,965.8,154.83,130.180046,10.9829509
K2-97 b,K2-97,k2-97,Transit,transit,2016,2016,false,2010s,8.407115,13.45077684,174.48779544,1566.0,878.43,127.762837,10.8475571
K2-148 d,K2-148,k2-148,Transit,transit,2018,2018,false,2010s,9.7579,1.64,3.33,,124.458,14.5176494,-0.193258
K2-148 b,K2-148,k2-148,Transit,transit,2018,2018,false,2010s,4.38395,1.33,2.33,,124.458,14.5176494,-0.193258
K2-191 b,K2-191,k2-191,Transit,transit,2018,2018,false,2010s,2.858646,1.57889322,3.12,,287.188,201.6391407,-12.8066737
Kepler-150 f,Kepler-150,kepler-150,Transit,transit,2017,2017,false,2010s,637.2093,3.64,12.9,,891.092,288.2341025,40.520897
K2-98 b,K2-98,k2-98,Transit,transit,2016,2016,false,2010s,10.1367349,5.06645928,34.00763955,1185.0,518.625,126.4882114,11.5110933
K2-114 b,K2-114,k2-114,Transit,transit,2017,2017,false,2010s,11.390931,10.59248676,638.83509807,701.4,475.758,127.882912,11.922255
HD 40307 g,HD 40307,hd 40307,Radial Velocity,radial velocity,2013,2013,false,2010s,197.8,2.56,7.1,255.0,12.9363,88.5172191,-60.0237289
HIP 57274 b,HIP 57274,hip 57274,Radial Velocity,radial velocity,2011,2011,false,2010s,8.1352,,3359.44626199,,25.8618,176.1705487,30.9576484
K2-179 b,K2-179,k2-179,Transit,transit,2018,2018,false,2010s,5.172191,2.51267885,6.86,,190.81,58.7967878,23.7567524
HD 102329 b,HD 102329,hd 102329,Radial Velocity,radial velocity,2011,2011,false,2010s,778.09998,12.6,2593.4928,,217.107,176.6941567,3.4742143
K2-277 b,K2-277,k2-277,Transit,transit,2018,2018,false,2010s,6.326768,2.18575124,7.4,1049.0,113.123,202.0161895,-15.9379749
K2-246 b,K2-246,k2-246,Transit,transit,2018,2018,false,2010s,5.76918,3.49,12.0,977.0,703.616,181.6296115,-1.1606
HD 240237 b,HD 240237,hd 240237,Radial Velocity,radial velocity,2011,2011,false,2010s,745.70001,12.2,5050.3187,,933.377,348.9259334,58.0432233
K2-247 b,K2-247,k2-247,Transit,transit,2018,2018,false,2010s,2.25021,2.12,5.14,979.0,258.113,188.8935189,-10.0692793
HD 31253 b,HD 31253,hd 31253,Radial Velocity,radial velocity,2010,2010,false,2010s,466.0,14.1,197.0546,,58.1438,73.6822877,12.3520103
HD 77338 b,HD 77338,hd 77338,Radial Velocity,radial velocity,2012,2012,false,2010s,5.7361,4.12,15.9,,45.935,135.3022475,-25.5282343
K2-249 b,K2-249,k2-249,Transit,transit,2018,2018,false,2010s,12.409,2.79,8.2,1061.0,521.716,183.3667344,-8.9952309
K2-248 b,K2-248,k2-248,Transit,transit,2018,2018,false,2010s,7.17256,2.57,7.13,886.0,406.254,182.8173343,-9.4141696
K2-251 b,K2-251,k2-251,Transit,transit,2018,2018,false,2010s,9.30075,2.35,6.12,437.0,147.03,190.6892403,-8.5359826
K2-252 b,K2-252,k2-252,Transit,transit,2018,2018,false,2010s,13.81513,1.74,3.68,639.0,228.839,182.3663818,-8.3096141
K2-254 c,K2-254,k2-254,Transit,transit,2018,2018,false,2010s,12.11839,2.19,5.43,551.0,227.775,185.5507926,-4.7172908
HD 5891 b,HD 5891,hd 5891,Radial Velocity,radial velocity,2011,2011,false,2010s,177.11,12.6,2425.0429,,283.502,15.1383168,20.2923139
K2-239 c,K2-239,k2-239,Transit,transit,2018,2018,false,2010s,7.775,1.0,0.972,427.0,31.0849,160.5941265,4.4413751
K2-257 b,K2-257,k2-257,Transit,transit,2018,2018,false,2010s,1.60588,0.83,0.498,789.0,64.0065,188.278284,-1.9532879
K2-258 b,K2-258,k2-258,Transit,transit,2018,2018,false,2010s,19.0921,3.0,9.27,831.0,661.873,187.6314027,-1.1609171
IC 4651 9122 b,IC 4651 9122,ic 4651 9122,Radial Velocity,radial velocity,2018,2018,false,2010s,734.0,12.7,2002.329,,859.324,261.2086139,-49.9489317
K2-167 b,K2-167,k2-167,Transit,transit,2018,2018,false,2010s,9.978541,2.36509493,6.5,1220.0,80.8994,336.5761233,-18.011665
K2-240 c,K2-240,k2-240,Transit,transit,2018,2018,false,2010s,20.523,1.8,3.89,389.0,72.9105,227.849371,-17.8754464
K2-240 b,K2-240,k2-240,Transit,transit,2018,2018,false,2010s,6.034,2.0,4.66,586.0,72.9105,227.849371,-17.8754464
OGLE-2017-BLG-0482L b,OGLE-2017-BLG-0482L,ogle-2017-blg-0482l,Microlensing,microlensing,2018,2018,false,2010s,,2.95,9.0,,5800.0,269.048889,-30.5283604
HD 222155 b,HD 222155,hd 222155,Radial Velocity,radial velocity,2011,2011,false,2010s,3999.0,13.4,581.62598481,,50.6078,354.5025617,48.9960191
OGLE-2014-BLG-1722L c,OGLE-2014-BLG-1722L,ogle-2014-blg-1722l,Microlensing,microlensing,2018,2018,false,2010s,,11.0,83.7,,6400.0,268.75238,-31.4690552
K2-244 b,K2-244,k2-244,Transit,transit,2018,2018,false,2010s,21.06884,1.75,3.71,638.0,212.902,183.4686492,-3.8318097
K2-158 b,K2-158,k2-158,Transit,transit,2018,2018,false,2010s,10.06049,2.64,7.46,794.0,197.299,179.9397081,-5.7216879
HD 96127 b,HD 96127,hd 96127,Radial Velocity,radial velocity,2011,2011,false,2010s,647.29999,12.1,6661.7168,,587.659,166.441502,44.30155
K2-159 b,K2-159,k2-159,Transit,transit,2018,2018,false,2010s,12.42205,2.26,5.73,684.0,170.998,180.5408896,-3.5809053
HD 1690 b,HD 1690,hd 1690,Radial Velocity,radial velocity,2010,2010,false,2010s,533.0,12.5,2793.7257,,752.615,5.3055886,-8.2811442
K2-166 b,K2-166,k2-166,Transit,transit,2018,2018,false,2010s,8.52695,2.19,5.43,1140.0,476.882,185.1880932,2.2823788
HAT-P-11 c,HAT-P-11,hat-p-11,Radial Velocity,radial velocity,2018,2018,false,2010s,3361.0,13.2,851.78013076,,37.7647,297.7101763,48.0818635
HR 858 c,HR 858,hr 858,Transit,transit,2019,2019,false,2010s,5.973865,1.979,3.8,1309.0,31.964,42.9849779,-30.8140609
NN Ser d,NN Ser,nn ser,Eclipse Timing Variations,eclipse timing variations,2010,2010,false,2010s,2880.0,13.3,724.622,,515.818,238.2337015,12.9120871
K2-224 c,K2-224,k2-224,Transit,transit,2018,2018,false,2010s,10.09489,2.41,6.39,764.0,275.255,189.7041426,-10.0605942
HD 285507 b,HD 285507,hd 285507,Radial Velocity,radial velocity,2013,2013,false,2010s,6.0881,13.8,311.4734,,45.0293,61.755663,15.3349441
K2-230 b,K2-230,k2-230,Transit,transit,2018,2018,false,2010s,2.86041,1.96,4.5,1529.0,540.773,191.363117,-6.576051
K2-229 c,K2-229,k2-229,Transit,transit,2018,2018,false,2010s,8.32727,2.03,7.0,750.0,102.564,186.8729195,-6.7218474
K2-259 b,K2-259,k2-259,Transit,transit,2018,2018,false,2010s,15.48043,2.32,5.99,795.0,416.457,186.8026947,1.5668631
HD 95127 b,HD 95127,hd 95127,Radial Velocity,radial velocity,2015,2015,false,2010s,482.0,12.4,3378.5329,,676.579,164.8961152,43.8144094
HD 216536 b,HD 216536,hd 216536,Radial Velocity,radial velocity,2015,2015,false,2010s,148.60001,13.8,333.7215,,376.233,343.2665641,44.4777303
K2-241 b,K2-241,k2-241,Transit,transit,2018,2018,false,2010s,26.8199,2.55,7.04,507.0,149.464,181.2386829,-6.8052985
K2-242 b,K2-242,k2-242,Transit,transit,2018,2018,false,2010s,6.51389,2.54,6.99,416.0,109.237,179.8358421,-6.5178542
HD 218566 b,HD 218566,hd 218566,Radial Velocity,radial velocity,2010,2010,false,2010s,225.7,9.32,63.566,,28.8274,347.297417,-2.2611645
MOA-2016-BLG-319L b,MOA-2016-BLG-319L,moa-2016-blg-319l,Microlensing,microlensing,2018,2018,false,2010s,,14.1,200.0,,6800.0,268.742218,-29.7504635
HD 99706 c,HD 99706,hd 99706,Radial Velocity,radial velocity,2018,2018,false,2010s,1278.0,12.8,1808.4527,,146.6,172.1261621,43.9662025
HD 15337 b,HD 15337,hd 15337,Transit,transit,2019,2019,false,2010s,4.7559804,1.77,6.519,1001.0,44.8155,36.8678846,-27.6361171
HD 15337 c,HD 15337,hd 15337,Transit,transit,2019,2019,false,2010s,17.180546,2.526,6.792,656.1,44.8155,36.8678846,-27.6361171
HD 134060 b,HD 134060,hd 134060,Radial Velocity,radial velocity,2019,2019,false,2010s,3.2696,3.16,10.1,,24.0125,227.6847587,-61.4223747
K2-269 b,K2-269,k2-269,Transit,transit,2018,2018,false,2010s,4.144965,1.57,3.09,1429.0,360.76,130.1551381,13.0146799
K2-270 c,K2-270,k2-270,Transit,transit,2018,2018,false,2010s,4.400028,2.95,9.01,848.0,280.518,131.2665588,13.5497322
HD 116029 c,HD 116029,hd 116029,Radial Velocity,radial velocity,2018,2018,false,2010s,907.0,13.7,403.6441,,123.245,200.1646905,24.6484725
KOI-3680 b,KOI-3680,koi-3680,Transit,transit,2018,2018,false,2010s,141.241671,11.09691,613.4119,347.0,921.986,293.2815266,45.3096572
HD 20003 c,HD 20003,hd 20003,Radial Velocity,radial velocity,2019,2019,false,2010s,33.9239,3.89,14.44,,41.8316,46.9090081,-72.3219221
HD 20781 b,HD 20781,hd 20781,Radial Velocity,radial velocity,2019,2019,false,2010s,5.3135,1.21,1.93,,35.9715,50.0139757,-28.7841175
GJ 3779 b,GJ 3779,gj 3779,Radial Velocity,radial velocity,2018,2018,false,2010s,3.0232,2.75,8.0,,13.743,200.7335358,24.4639425
HD 21693 b,HD 21693,hd 21693,Radial Velocity,radial velocity,2019,2019,false,2010s,22.6786,2.8,8.23,,33.255,51.8040469,-58.3232726
HD 21693 c,HD 21693,hd 21693,Radial Velocity,radial velocity,2019,2019,false,2010s,53.7357,4.34,17.37,,33.255,51.8040469,-58.3232726
K2-123 b,K2-123,k2-123,Transit,transit,2017,2017,false,2010s,30.951524,2.76,8.05,338.0,161.555,134.4441404,21.4532748
K2-24 b,K2-24,k2-24,Transit,transit,2016,2016,false,2010s,20.88977,5.4,19.0,686.0,170.562,242.5734559,-24.9906029
K2-276 b,K2-276,k2-276,Transit,transit,2018,2018,false,2010s,18.718269,3.77,13.7,583.0,488.152,125.9528309,22.6339399
HD 108863 b,HD 108863,hd 108863,Radial Velocity,radial velocity,2011,2011,false,2010s,437.7,13.3,767.24162,,164.742,187.5826081,21.9480993
K2-286 b,K2-286,k2-286,Transit,transit,2018,2018,false,2010s,27.359,2.1,5.06,347.0,76.1486,233.3698192,-16.7737113
HD 51608 b,HD 51608,hd 51608,Radial Velocity,radial velocity,2019,2019,false,2010s,14.0726,3.62,12.77,,35.0553,103.7137102,-55.2600189
HD 51608 c,HD 51608,hd 51608,Radial Velocity,radial velocity,2019,2019,false,2010s,95.9446,3.87,14.31,,35.0553,103.7137102,-55.2600189
K2-278 b,K2-278,k2-278,Transit,transit,2018,2018,false,2010s,3.334966,2.98,9.17,1711.0,786.439,203.3018653,-14.5041057
HD 1502 b,HD 1502,hd 1502,Radial Velocity,radial velocity,2011,2011,false,2010s,428.5,13.2,874.0325,,190.953,4.8214389,14.054683
HD 20781 e,HD 20781,hd 20781,Radial Velocity,radial velocity,2019,2019,false,2010s,85.5073,3.83,14.03,,35.9715,50.0139757,-28.7841175
HD 45184 c,HD 45184,hd 45184,Radial Velocity,radial velocity,2019,2019,false,2010s,13.1354,2.91,8.81,,21.9532,96.1820205,-28.7806402
PSR J2322-2650 b,PSR J2322-2650,psr j2322-2650,Pulsar Timing,pulsar timing,2017,2017,false,2010s,0.322963997,13.9,252.643067,,230.0,350.6443481,-26.8495331
WASP-62 b,WASP-62,wasp-62,Transit,transit,2012,2012,false,2010s,4.41195,14.79588,165.2716,1475.3,175.631,87.1398205,-63.9883286
HD 163607 c,HD 163607,hd 163607,Radial Velocity,radial velocity,2010,2010,false,2010s,1272.0,13.3,699.54383,,67.7855,268.4181383,56.3924701
K2-195 b,K2-195,k2-195,Transit,transit,2018,2018,false,2010s,15.852975,3.13,9.96,720.0,315.014,199.8315191,-8.5095364
HD 20781 d,HD 20781,hd 20781,Radial Velocity,radial velocity,2019,2019,false,2010s,29.158,3.25,10.61,,35.9715,50.0139757,-28.7841175
K2-279 b,K2-279,k2-279,Transit,transit,2018,2018,false,2010s,7.122605,1.21,1.92,879.0,182.983,204.7792935,-6.0417592
HD 200964 b,HD 200964,hd 200964,Radial Velocity,radial velocity,2010,2010,false,2010s,606.3,13.5,508.21017,,72.5922,316.6664183,3.8033357
HD 202696 b,HD 202696,hd 202696,Radial Velocity,radial velocity,2019,2019,false,2010s,517.8,,634.38868,,188.546,319.2250346,27.2582799
KMT-2016-BLG-1107L b,KMT-2016-BLG-1107L,kmt-2016-blg-1107l,Microlensing,microlensing,2019,2019,false,2010s,,13.1,1043.0,,6651.0,266.41775,-26.0318
K2-264 b,K2-264,k2-264,Transit,transit,2018,2018,false,2010s,5.840002,2.231,5.61,496.0,185.605,131.3583524,19.698401
Kepler-730 b,Kepler-730,kepler-730,Transit,transit,2016,2016,false,2010s,6.491682808,12.3299,,1219.0,1935.04,285.5547895,45.578842
HD 202696 c,HD 202696,hd 202696,Radial Velocity,radial velocity,2019,2019,false,2010s,946.6,,592.43512,,188.546,319.2250346,27.2582799
Kepler-730 c,Kepler-730,kepler-730,Transit,transit,2018,2018,false,2010s,2.85188338,1.56926,3.09,1607.0,1935.04,285.5547895,45.578842
K2-270 b,K2-270,k2-270,Transit,transit,2018,2018,false,2010s,1.543069,1.38,2.48,1203.0,280.518,131.2665588,13.5497322
OGLE-2011-BLG-0173L b,OGLE-2011-BLG-0173L,ogle-2011-blg-0173l,Microlensing,microlensing,2018,2018,false,2010s,,9.01,60.0,,6100.0,269.315735,-28.2338619
K2-290 b,K2-290,k2-290,Transit,transit,2019,2019,false,2010s,9.21165,3.06,10.9,1230.0,272.909,234.8578846,-20.1988975
K2-290 c,K2-290,k2-290,Transit,transit,2019,2019,false,2010s,48.36685,11.276254,246.00042,676.0,272.909,234.8578846,-20.1988975
HD 5319 c,HD 5319,hd 5319,Radial Velocity,radial velocity,2014,2014,false,2010s,872.2,13.8,334.67499,,121.405,13.7558096,0.7893425
K2-52 b,K2-52,k2-52,Transit,transit,2016,2016,false,2010s,3.535055,18.0,,2004.0,1038.41,246.6114157,-24.9699462
K2-281 b,K2-281,k2-281,Transit,transit,2018,2018,false,2010s,8.687721,8.18,50.9,665.0,458.139,16.2274724,7.2692169
K2-283 b,K2-283,k2-283,Transit,transit,2018,2018,false,2010s,1.921036,3.52,12.2,1186.0,402.915,13.1943679,9.6929181
WASP-104 b,WASP-104,wasp-104,Transit,transit,2014,2014,false,2010s,1.7554137,12.745,404.263,1516.0,185.932,160.6023689,7.4350768
HD 75784 c,HD 75784,hd 75784,Radial Velocity,radial velocity,2018,2018,false,2010s,7900.0,12.8,1792.5612,,85.4321,133.0992289,13.2330548
K2-53 b,K2-53,k2-53,Transit,transit,2016,2016,false,2010s,12.20772,2.6,7.27,665.0,138.018,244.1419684,-20.4005984
HIP 41378 c,HIP 41378,hip 41378,Transit,transit,2016,2016,false,2010s,31.70603,2.727,4.4,757.0,106.289,126.6158279,10.0803708
GJ 96 b,GJ 96,gj 96,Radial Velocity,radial velocity,2018,2018,false,2010s,73.94,4.67,19.66,,11.9315,35.5624031,47.8802075
OGLE-2015-BLG-0954L b,OGLE-2015-BLG-0954L,ogle-2015-blg-0954l,Microlensing,microlensing,2016,2016,false,2010s,,13.1,1100.0,,1200.0,270.184333,-28.6608889
HD 14787 b,HD 14787,hd 14787,Radial Velocity,radial velocity,2018,2018,false,2010s,676.6,13.7,356.28743,,119.137,35.8085099,10.8367972
HD 18015 b,HD 18015,hd 18015,Radial Velocity,radial velocity,2018,2018,false,2010s,2278.0,13.1,1048.8337431,,123.801,43.3636339,-8.8480392
K2-90 b,K2-90,k2-90,Transit,transit,2016,2016,false,2010s,13.733314,2.6,7.27,502.0,134.188,59.1527391,22.4724517
L 98-59 b,L 98-59,l 98-59,Transit,transit,2019,2019,false,2010s,2.253114,0.837,0.46,620.0,10.6194,124.5328604,-68.3144658
KMT-2016-BLG-1397L b,KMT-2016-BLG-1397L,kmt-2016-blg-1397l,Microlensing,microlensing,2018,2018,false,2010s,,12.7,2200.0,,6600.0,272.664612,-24.8577385
HD 94834 b,HD 94834,hd 94834,Radial Velocity,radial velocity,2018,2018,false,2010s,1576.0,13.7,400.4658,,98.1609,164.3126363,24.1429374
HD 180053 b,HD 180053,hd 180053,Radial Velocity,radial velocity,2018,2018,false,2010s,213.72,13.3,697.31902,,137.043,288.4008374,34.9146658
K2-292 b,K2-292,k2-292,Transit,transit,2019,2019,false,2010s,16.9841,2.63,24.5,795.0,114.293,205.3758786,-9.9460704
HIP 41378 d,HIP 41378,hip 41378,Transit,transit,2016,2016,false,2010s,278.3618,3.54,4.6,367.0,106.289,126.6158279,10.0803708
K2-139 b,K2-139,k2-139,Transit,transit,2017,2017,false,2010s,28.380619,9.11,123.00021,524.0,153.856,289.066707,-17.9107147
EPIC 206317286 b,EPIC 206317286,epic 206317286,Transit,transit,2019,2019,false,2010s,1.58252,0.96,0.84,,314.35,337.6178427,-7.972456
EPIC 212424622 b,EPIC 212424622,epic 212424622,Transit,transit,2019,2019,false,2010s,18.0983,2.17,5.35,,611.804,202.3313765,-14.3594358
Kepler-9 c,Kepler-9,kepler-9,Transit,transit,2010,2010,false,2010s,38.9853,8.08,29.9,523.0,628.257,285.5739904,38.4008192
WASP-50 b,WASP-50,wasp-50,Transit,transit,2011,2011,false,2010s,1.9551,13.069694,466.828704,1394.84,184.848,43.6880738,-10.8980242
KOI-1599.02,KOI-1599,koi-1599,Transit,transit,2019,2019,false,2010s,13.6088,1.9,9.0,755.0,1131.64,298.3738383,40.6184483
HD 50499 c,HD 50499,hd 50499,Radial Velocity,radial velocity,2019,2019,false,2010s,8619.9,13.2,931.2419,,46.2845,103.008075,-33.915267
EPIC 248847494 b,EPIC 248847494,epic 248847494,Transit,transit,2018,2018,false,2010s,3650.0,12.44199,4131.79,183.0,551.886,159.3890808,11.8427484
GJ 15 A c,GJ 15 A,gj 15 a,Radial Velocity,radial velocity,2018,2018,false,2010s,7600.0,6.67,36.0,,3.56228,4.6126677,44.0247296
K2-105 b,K2-105,k2-105,Transit,transit,2017,2017,false,2010s,8.26726,3.4,15.4,805.0,197.989,125.4202985,13.4975122
WASP-96 b,WASP-96,wasp-96,Transit,transit,2014,2014,false,2010s,3.4252602,13.45,152.55,1285.0,352.464,1.0465696,-47.3606352
K2-121 b,K2-121,k2-121,Transit,transit,2017,2017,false,2010s,5.185738,7.16,51.0,716.0,169.398,126.9366624,17.5793267
EPIC 212737443 b,EPIC 212737443,epic 212737443,Transit,transit,2019,2019,false,2010s,13.603,2.586,7.2,536.0,336.25,204.2215065,-7.3180577
KMT-2017-BLG-0165L b,KMT-2017-BLG-0165L,kmt-2017-blg-0165l,Microlensing,microlensing,2018,2018,false,2010s,,6.45,34.0,,4530.0,269.6496667,-28.1336694
Kepler-47 b,Kepler-47,kepler-47,Transit,transit,2012,2012,false,2010s,49.4643,3.05,2.07,,1025.02,295.2978883,46.9204303
LSPM J2116+0234 b,LSPM J2116+0234,lspm j2116+0234,Radial Velocity,radial velocity,2019,2019,false,2010s,14.4399,3.71,13.3,,17.6297,319.1147513,2.5807711
NSVS 14256825 b,NSVS 14256825,nsvs 14256825,Eclipse Timing Variations,eclipse timing variations,2019,2019,false,2010s,3225.0,12.3,4497.2945,,820.877,305.001946,4.6323715
Kepler-82 f,Kepler-82,kepler-82,Transit Timing Variations,transit timing variations,2019,2019,false,2010s,75.732,4.84,20.9,,904.326,292.8733696,42.9661583
GJ 27.1 b,GJ 27.1,gj 27.1,Radial Velocity,radial velocity,2014,2014,false,2010s,15.819,3.66,13.0,,23.6062,9.9980016,-44.2541679
GJ 160.2 b,GJ 160.2,gj 160.2,Radial Velocity,radial velocity,2014,2014,false,2010s,5.2354,3.17,10.2,,25.8557,61.6454173,-20.8564724
Kepler-47 d,Kepler-47,kepler-47,Transit,transit,2019,2019,false,2010s,187.366,7.04,19.02,,1025.02,295.2978883,46.9204303
Kepler-82 b,Kepler-82,kepler-82,Transit,transit,2012,2012,false,2010s,26.44,4.07,12.15,562.0,904.326,292.8733696,42.9661583
GJ 682 b,GJ 682,gj 682,Radial Velocity,radial velocity,2014,2014,false,2010s,17.478,1.93,4.4,,5.00671,264.2610245,-44.3232519
OGLE-2015-BLG-1649L b,OGLE-2015-BLG-1649L,ogle-2015-blg-1649l,Microlensing,microlensing,2019,2019,false,2010s,,13.2,807.0,,4230.0,271.2050417,-32.6330278
HD 126525 b,HD 126525,hd 126525,Radial Velocity,radial velocity,2018,2018,false,2010s,960.41,10.3,75.32571,,37.6506,216.8852514,-51.9329118
NY Vir b,NY Vir,ny vir,Eclipse Timing Variations,eclipse timing variations,2011,2011,false,2010s,3160.0,13.3,730.978,,544.024,204.7005847,-2.0303873
NY Vir c,NY Vir,ny vir,Eclipse Timing Variations,eclipse timing variations,2019,2019,false,2010s,8799.0,12.8,1760.7782,,544.024,204.7005847,-2.0303873
V1298 Tau b,V1298 Tau,v1298 tau,Transit,transit,2019,2019,false,2010s,24.1396,10.27,203.41018048,677.0,108.199,61.331654,20.1570318
V1298 Tau c,V1298 Tau,v1298 tau,Transit,transit,2019,2019,false,2010s,8.24958,5.59,76.27881768,968.0,108.199,61.331654,20.1570318
HD 211970 b,HD 211970,hd 211970,Radial Velocity,radial velocity,2019,2019,false,2010s,25.201,3.66,13.0,,13.1277,335.5661579,-54.5596006
HIP 35173 b,HIP 35173,hip 35173,Radial Velocity,radial velocity,2019,2019,false,2010s,41.516,3.61,12.7,,33.1562,109.0449329,-3.6661273
K2-168 b,K2-168,k2-168,Transit,transit,2018,2018,false,2010s,15.8523,1.86,4.12,766.35,243.935,333.1100738,-16.3418863
K2-146 b,K2-146,k2-146,Transit,transit,2018,2018,false,2010s,2.6446,2.05,5.77,534.0,79.3002,130.0266951,19.0923416
HD 8326 b,HD 8326,hd 8326,Radial Velocity,radial velocity,2019,2019,false,2010s,158.991,9.58,66.6,,30.6862,20.5314418,-26.8940678
HIP 54373 b,HIP 54373,hip 54373,Radial Velocity,radial velocity,2019,2019,false,2010s,7.76,2.87,8.62,,18.7168,166.8643532,-19.2916857
KMT-2017-BLG-1038L b,KMT-2017-BLG-1038L,kmt-2017-blg-1038l,Microlensing,microlensing,2019,2019,false,2010s,,13.4,640.0,,6000.0,266.170917,-25.1430306
HIP 54373 c,HIP 54373,hip 54373,Radial Velocity,radial velocity,2019,2019,false,2010s,15.144,3.57,12.44,,18.7168,166.8643532,-19.2916857
HD 220689 b,HD 220689,hd 220689,Radial Velocity,radial velocity,2012,2012,false,2010s,2266.4,13.7,381.3940884,,46.8778,351.4707282,-20.6167923
HR 5183 b,HR 5183,hr 5183,Radial Velocity,radial velocity,2019,2019,false,2010s,27000.0,13.1,1052.01202717,171.0,31.4607,206.7357992,6.3498994
OGLE-2018-BLG-0596L b,OGLE-2018-BLG-0596L,ogle-2018-blg-0596l,Microlensing,microlensing,2019,2019,false,2010s,,3.81,13.93,,5650.0,269.0555417,-29.1990833
EPIC 201497682 b,EPIC 201497682,epic 201497682,Transit,transit,2019,2019,false,2010s,2.13174,0.692,0.26,,253.026,168.9366786,0.4880606
EPIC 201615463 c,K2-166,k2-166,Transit,transit,2019,2019,false,2010s,3.80464,1.22,1.98,,476.882,185.1880932,2.2823788
OGLE-2015-BLG-1670L b,OGLE-2015-BLG-1670L,ogle-2015-blg-1670l,Microlensing,microlensing,2019,2019,false,2010s,,4.42,17.9,,6700.0,268.1587917,-28.5519167
K2-293 b,K2-293,k2-293,Transit,transit,2019,2019,false,2010s,13.1225,2.45,6.57,750.0,392.251,351.6064952,-6.0279068
EPIC 201833600 c,K2-50,k2-50,Transit,transit,2019,2019,false,2010s,3.96151,1.0,0.972,,257.443,169.483654,5.988289
EPIC 206024342 b,EPIC 206024342,epic 206024342,Transit,transit,2019,2019,false,2010s,4.50756,1.7,3.53,,369.888,331.2771441,-14.1218019
TOI-270 d,TOI-270,toi-270,Transit,transit,2019,2019,false,2010s,11.38194,2.0,4.2,383.0,22.4793,68.4160804,-51.9573937
OGLE-2018-BLG-1011L c,OGLE-2018-BLG-1011L,ogle-2018-blg-1011l,Microlensing,microlensing,2019,2019,false,2010s,,13.2,890.0,,7100.0,269.014,-29.0828889
KMT-2016-BLG-0212L b,KMT-2016-BLG-0212L,kmt-2016-blg-0212l,Microlensing,microlensing,2018,2018,false,2010s,,12.2,5700.0,,6300.0,268.43925,-29.0868889
K2-294 b,K2-294,k2-294,Transit,transit,2019,2019,false,2010s,2.50387,1.66,3.39,1425.0,373.078,352.0516724,-7.6037856
KOI-1599.01,KOI-1599,koi-1599,Transit,transit,2019,2019,false,2010s,20.4415,1.9,4.6,660.0,1131.64,298.3738383,40.6184483
GJ 433 c,GJ 433,gj 433,Radial Velocity,radial velocity,2014,2014,false,2010s,5094.105,6.27,32.422,,9.06456,173.8619194,-32.5436302
KOI-142 c,KOI-142,koi-142,Transit Timing Variations,transit timing variations,2013,2013,false,2010s,22.26492,14.0,214.1,,376.863,291.1481028,40.669413
KOI-142 b,KOI-142,koi-142,Transit,transit,2013,2013,false,2010s,10.91647,3.438,9.5,758.0,376.863,291.1481028,40.669413
Kepler-160 b,Kepler-160,kepler-160,Transit,transit,2014,2014,false,2010s,4.309397,1.715,3.59,1134.0,937.013,287.773573,42.8692755
WASP-20 b,WASP-20,wasp-20,Transit,transit,2015,2015,false,2010s,4.89964477,15.46839337,98.841,1362.0,211.877,5.1605621,-23.9357894
PDS 70 c,PDS 70,pds 70,Imaging,imaging,2019,2019,false,2010s,,22.86636,635.66,995.0,113.064,212.0421402,-41.3980405
WASP-120 b,WASP-120,wasp-120,Transit,transit,2016,2016,false,2010s,3.61126721,15.58048317,1541.4755,1749.0,381.174,62.6160813,-45.8982434
WASP-94 B b,WASP-94 B,wasp-94 b,Radial Velocity,radial velocity,2014,2014,false,2010s,2.00839,14.1,196.411,,208.696,313.7882932,-34.135724
HD 220197 b,HD 220197,hd 220197,Radial Velocity,radial velocity,2018,2018,false,2010s,1728.0,9.32,63.566,,64.411,350.4946927,16.6323305
HD 233832 b,HD 233832,hd 233832,Radial Velocity,radial velocity,2018,2018,false,2010s,2058.0,13.5,565.7374,,58.742,171.5196515,50.3763099
PSR B0329+54 b,PSR B0329+54,psr b0329+54,Pulsar Timing,pulsar timing,2017,2017,false,2010s,10140.0,1.22,1.97,,504.93312058,53.2472749,54.5791636
Kepler-1649 b,Kepler-1649,kepler-1649,Transit,transit,2017,2017,false,2010s,8.689099,1.017,1.03,307.0,92.1913,292.5029676,41.8299933
Kepler-29 c,Kepler-29,kepler-29,Transit,transit,2011,2011,false,2010s,13.28613,2.34,4.5,715.0,832.532,298.348382,47.4913021
USco1556 b,USco1556 A,usco1556 a,Imaging,imaging,2019,2019,false,2010s,,12.3,4767.45,2240.0,140.635,239.1037198,-25.6890476
Kepler-177 b,Kepler-177,kepler-177,Transit,transit,2013,2013,false,2010s,36.8601,3.5,5.84,549.0,1435.44,286.0471442,45.0532038
DMPP-3 A b,DMPP-3 A,dmpp-3 a,Radial Velocity,radial velocity,2019,2019,false,2010s,6.6732,1.41,2.58,854.0,45.23,91.624382,-72.5126648
GJ 180 b,GJ 180,gj 180,Radial Velocity,radial velocity,2014,2014,false,2010s,17.133,2.43,6.49,,11.9407,73.460097,-17.776194
HD 164922 c,HD 164922,hd 164922,Radial Velocity,radial velocity,2016,2016,false,2010s,75.74,3.66,13.0,400.5,22.0016,270.6304652,26.3104077
KELT-20 b,KELT-20,kelt-20,Transit,transit,2017,2017,false,2010s,3.4741085,19.514869,1074.90106,2262.0,136.426,294.6614126,31.2192001
WASP-8 b,WASP-8,wasp-8,Transit,transit,2010,2010,false,2010s,8.15872,12.66617,807.2882,1059.0,89.9606,359.9008737,-35.0313349
Kepler-462 b,Kepler-462,kepler-462,Transit,transit,2016,2016,false,2010s,84.6866,3.0,53.9,611.0,596.625,299.8211502,43.8142793
MOA-2009-BLG-319L b,MOA-2009-BLG-319L,moa-2009-blg-319l,Microlensing,microlensing,2010,2010,false,2010s,,9.64,67.3,,7050.0,271.742208,-26.8196917
MOA-2013-BLG-220L b,MOA-2013-BLG-220L,moa-2013-blg-220l,Microlensing,microlensing,2014,2014,false,2010s,,13.2,871.0,,6720.0,270.985417,-29.5447222
Gl 686 b,Gl 686,gl 686,Radial Velocity,radial velocity,2018,2018,false,2010s,15.53,2.46,6.624,379.0,8.15728,264.4764878,18.5959509
HD 180617 b,HD 180617,hd 180617,Radial Velocity,radial velocity,2018,2018,false,2010s,105.911,3.53,12.214,,5.91059,289.2277322,5.1631615
2MASS J01033563-5515561 AB b,2MASS J01033563-5515561 A,2mass j01033563-5515561 a,Imaging,imaging,2013,2013,false,2010s,,12.3,4131.79,,47.2,15.8992489,-55.2658291
K2-350 c,K2-350,k2-350,Transit,transit,2016,2016,false,2010s,19.991944,2.74,7.95,687.0,489.368,204.0355092,-14.0092516
K2-280 b,K2-280,k2-280,Transit,transit,2018,2018,false,2010s,19.89526,7.5,37.1,787.0,391.537,291.5953596,-22.2477071
K2-185 b,K2-185,k2-185,Transit,transit,2018,2018,false,2010s,10.616384,1.15,1.6,809.0,268.357,130.2596625,14.6902225
K2-185 c,K2-185,k2-185,Transit,transit,2018,2018,false,2010s,52.713494,2.39,6.3,477.0,268.357,130.2596625,14.6902225
K2-187 c,K2-187,k2-187,Transit,transit,2018,2018,false,2010s,2.871512,1.4,2.54,1173.0,330.916,132.5235618,23.1924709
K2-282 b,K2-282,k2-282,Transit,transit,2018,2018,false,2010s,4.169783,2.5,6.8,1057.0,496.289,13.4321524,7.9952914
K2-156 b,K2-156,k2-156,Transit,transit,2018,2018,false,2010s,0.813143,1.1,1.37,1347.0,150.21,182.699673,-6.2943552
EPIC 212297394 b,EPIC 212297394,epic 212297394,Transit,transit,2019,2019,false,2010s,2.289363,1.48,2.79,1149.0,418.395,207.2061241,-17.6098985
K2-187 b,K2-187,k2-187,Transit,transit,2018,2018,false,2010s,0.77401,1.2,1.87,1815.0,330.916,132.5235618,23.1924709
K2-210 b,K2-210,k2-210,Transit,transit,2018,2018,false,2010s,0.57023,0.86,0.566,,176.51,17.6412694,1.5784137
EPIC 212587672 b,EPIC 212587672,epic 212587672,Transit,transit,2019,2019,false,2010s,15.28078,1.26,2.13,756.0,320.07,205.4445125,-10.8625468
K2-223 c,K2-223,k2-223,Transit,transit,2018,2018,false,2010s,4.562546,1.5,2.86,1091.0,198.604,185.306183,-10.2820915
K2-223 b,K2-223,k2-223,Transit,transit,2018,2018,false,2010s,0.50557,0.89,0.64,2271.0,198.604,185.306183,-10.2820915
K2-137 b,K2-137,k2-137,Transit,transit,2017,2017,false,2010s,0.179719,0.64,158.915,1471.0,98.8765,186.870426,-6.1952168
EPIC 206215704 b,EPIC 206215704,epic 206215704,Transit,transit,2019,2019,false,2010s,2.255436,1.0,0.972,,109.888,335.0949721,-9.5097112
K2-273 b,K2-273,k2-273,Transit,transit,2018,2018,false,2010s,11.7195663,3.05,9.53,849.0,308.105,129.7768928,19.0100046
K2-272 b,K2-272,k2-272,Transit,transit,2018,2018,false,2010s,14.4536756,3.13,9.96,747.0,423.065,132.6211743,17.5423852
K2-122 b,K2-122,k2-122,Transit,transit,2017,2017,false,2010s,2.2193023,1.16,1.65,769.0,72.0444,126.4762179,20.3593384
K2-274 b,K2-274,k2-274,Transit,transit,2018,2018,false,2010s,14.1330314,2.08,4.98,655.0,228.327,129.2823699,20.3992512
TCP J05074264+2447555 b,TCP J05074264+2447555,tcp j05074264+2447555,Microlensing,microlensing,2018,2018,false,2010s,,4.72,20.0,,505.0,76.928,24.7989611
K2-101 b,K2-101,k2-101,Transit,transit,2016,2016,false,2010s,14.6762429,2.0,4.66,618.0,188.33,130.3439097,18.9338205
K2-95 b,K2-95,k2-95,Transit,transit,2016,2016,false,2010s,10.1346454,3.31,11.0,474.0,179.854,129.3625717,18.9766197
EPIC 211822797 b,EPIC 211822797,epic 211822797,Transit,transit,2016,2016,false,2010s,21.1701963,1.92,4.35,431.0,186.197,130.4102091,17.6399744
K2-184 b,K2-184,k2-184,Transit,transit,2018,2018,false,2010s,16.9780102,1.47,2.76,533.0,75.5857,129.1405227,14.4618826
YZ Cet b,YZ Cet,yz cet,Radial Velocity,radial velocity,2017,2017,false,2010s,2.02087,0.913,0.7,471.2,3.71207,18.1330792,-16.9962434
YZ Cet c,YZ Cet,yz cet,Radial Velocity,radial velocity,2017,2017,false,2010s,3.05989,1.05,1.14,410.3,3.71207,18.1330792,-16.9962434
KELT-14 b,KELT-14,kelt-14,Transit,transit,2016,2016,false,2010s,1.7100566,19.537287,408.09372,1970.0,250.121,108.301409,-42.4097623
Kepler-167 e,Kepler-167,kepler-167,Transit,transit,2016,2016,false,2010s,1071.23205,10.16,321.00669107,134.4,341.908,292.6585253,38.3455558
HD 29021 b,HD 29021,hd 29021,Radial Velocity,radial velocity,2017,2017,false,2010s,1365.0,12.9,1420.69297929,,30.9939,69.4681379,60.6762985
2MASS J19383260+4603591 b,2MASS J19383260+4603591,2mass j19383260+4603591,Eclipse Timing Variations,eclipse timing variations,2015,2015,false,2010s,406.0,13.4,603.877,,396.332,294.6359173,46.0664076
OGLE-2014-BLG-0676L b,OGLE-2014-BLG-0676L,ogle-2014-blg-0676l,Microlensing,microlensing,2016,2016,false,2010s,,13.0,1169.60853776,,2670.0,268.1020833,-30.5483889
HD 7924 d,HD 7924,hd 7924,Radial Velocity,radial velocity,2015,2015,false,2010s,24.451,,1568.16536014,499.0,16.9922,20.4956562,76.7101475
HD 33142 b,HD 33142,hd 33142,Radial Velocity,radial velocity,2011,2011,false,2010s,330.0,13.7,400.46379282,,121.375,76.8980559,-13.9863374
HD 33142 c,HD 33142,hd 33142,Radial Velocity,radial velocity,2018,2018,false,2010s,810.2,13.9,282.86728223,,121.375,76.8980559,-13.9863374
HIP 8541 b,HIP 8541,hip 8541,Radial Velocity,radial velocity,2016,2016,false,2010s,1852.14387,12.6,2451.7283316,,155.121,27.5271962,-54.4651633
HD 219828 c,HD 219828,hd 219828,Radial Velocity,radial velocity,2016,2016,false,2010s,4789.87297,12.2,5102.41724598,,73.114,349.6947029,18.6457524
HD 214823 b,HD 214823,hd 214823,Radial Velocity,radial velocity,2016,2016,false,2010s,1854.84424,12.1,5914.78665427,,101.368,340.0832062,31.7875183
GJ 676 A c,GJ 676 A,gj 676 a,Radial Velocity,radial velocity,2016,2016,false,2010s,13921.42302,12.3,4288.14086724,,16.0272,262.5448903,-51.6377777
HD 224538 b,HD 224538,hd 224538,Radial Velocity,radial velocity,2016,2016,false,2010s,1202.05199,12.7,2075.73732612,,79.0608,359.7164302,-61.5868613
HIP 67537 b,HIP 67537,hip 67537,Radial Velocity,radial velocity,2017,2017,false,2010s,2523.64713,12.3,4309.11754211,,116.046,207.5808445,-39.9008996
HD 30177 c,HD 30177,hd 30177,Radial Velocity,radial velocity,2016,2016,false,2010s,12085.45186,12.7,1954.64470305,,55.5867,70.4770964,-58.0208085
bet Pic c,bet Pic,bet pic,Radial Velocity,radial velocity,2019,2019,false,2010s,1192.77951,12.5,3222.46221857,1250.0,19.7442,86.8212337,-51.066148
HD 25015 b,HD 25015,hd 25015,Radial Velocity,radial velocity,2019,2019,false,2010s,6134.427,12.5,2884.92845034,,37.433,59.4335463,-20.2673347
GJ 229 b,GJ 229,gj 229,Radial Velocity,radial velocity,2014,2014,false,2010s,579.47495,3.97,14.93793513,,5.75624,92.6435993,-21.8677233
HD 217786 b,HD 217786,hd 217786,Radial Velocity,radial velocity,2011,2011,false,2010s,1301.36009,12.3,4402.55909376,,55.4847,345.7838088,-0.4303594
HD 204313 c,HD 204313,hd 204313,Radial Velocity,radial velocity,2015,2015,false,2010s,34.95875,4.31,17.16273398,,47.7945,322.0510568,-21.7274194
HD 125390 b,HD 125390,hd 125390,Radial Velocity,radial velocity,2019,2019,false,2010s,1757.39151,11.9,8646.20398403,,153.647,214.5387463,38.9669132
HD 43197 b,HD 43197,hd 43197,Radial Velocity,radial velocity,2010,2010,false,2010s,308.92072,14.2,175.75910907,,62.4112,93.3993231,-29.8971929
HD 7449 b,HD 7449,hd 7449,Radial Velocity,radial velocity,2011,2011,false,2010s,1270.55195,12.6,2597.92939882,,38.662,18.621465,-5.0479716
HD 142 c,HD 142,hd 142,Radial Velocity,radial velocity,2012,2012,false,2010s,10159.64279,12.4,3464.64746471,,26.1853,1.5836771,-49.0753625
HD 219077 b,HD 219077,hd 219077,Radial Velocity,radial velocity,2012,2012,false,2010s,5478.68861,12.5,3057.50927534,,29.1864,348.5319387,-62.7018297
HD 113337 b,HD 113337,hd 113337,Radial Velocity,radial velocity,2013,2013,false,2010s,317.58639,13.1,1035.80277841,,36.18,195.4438496,63.610328
HD 145934 b,HD 145934,hd 145934,Radial Velocity,radial velocity,2015,2015,false,2010s,2751.53433,13.4,658.5404593,,227.881,243.2912249,13.2394527
HIP 97233 b,HIP 97233,hip 97233,Radial Velocity,radial velocity,2014,2014,false,2010s,1062.26506,12.1,6098.17364511,,102.275,296.4221207,-0.6968794
HD 10180 e,HD 10180,hd 10180,Radial Velocity,radial velocity,2010,2010,false,2010s,49.748,5.39,25.1,,38.9607,24.4731133,-60.5114881
Kepler-138 b,Kepler-138,kepler-138,Transit,transit,2014,2014,false,2010s,10.3134,0.64,0.07,452.0,66.8624,290.3814122,43.2930645
WASP-47 d,WASP-47,wasp-47,Transit,transit,2015,2015,false,2010s,9.030501,3.65,15.5,885.0,264.78,331.203092,-12.019067
Kepler-138 d,Kepler-138,kepler-138,Transit,transit,2014,2014,false,2010s,23.0923,1.51,2.1,345.0,66.8624,290.3814122,43.2930645
Kepler-138 c,Kepler-138,kepler-138,Transit,transit,2014,2014,false,2010s,13.7815,1.51,2.3,410.0,66.8624,290.3814122,43.2930645
WASP-65 b,WASP-65,wasp-65,Transit,transit,2013,2013,false,2010s,2.3114243,12.464,492.62,1480.0,273.703,133.3242982,8.5230171
HAT-P-21 b,HAT-P-21,hat-p-21,Transit,transit,2010,2010,false,2010s,4.12448,12.44199,1547.8321,1367.0,277.278,171.2749348,41.0280207
K2-3 b,K2-3,k2-3,Transit,transit,2015,2015,false,2010s,10.0546535,2.078,5.11,501.3,44.0727,172.3353708,-1.4551364
K2-38 c,K2-38,k2-38,Transit,transit,2016,2016,false,2010s,10.56103,2.29,8.3,916.0,192.69,240.0333095,-23.1894196
K2-38 b,K2-38,k2-38,Transit,transit,2016,2016,false,2010s,4.01593,1.54,7.3,1266.0,192.69,240.0333095,-23.1894196
WASP-88 b,WASP-88,wasp-88,Transit,transit,2014,2014,false,2010s,4.954,16.36514,133.4886,1772.0,523.756,309.5112337,-48.4620833
HATS-8 b,HATS-8,hats-8,Transit,transit,2015,2015,false,2010s,3.583893,9.785457,43.86054,1324.0,794.637,294.9416887,-25.7483655
WASP-56 b,WASP-56,wasp-56,Transit,transit,2012,2012,false,2010s,4.6171,10.53646,143.0235,1216.0,321.084,183.3660401,23.055687
HAT-P-26 b,HAT-P-26,hat-p-26,Transit,transit,2010,2010,false,2010s,4.23452,7.06167,22.2481,1080.0,141.837,213.1565508,4.0594175
Kepler-1643 b,Kepler-1643,kepler-1643,Transit,transit,2016,2016,false,2010s,5.342657,2.32,5.99,799.0,341.774,300.4310076,44.7510129
WASP-77 A b,WASP-77 A,wasp-77 a,Transit,transit,2012,2012,false,2010s,1.360029395,13.56,529.31142902,1674.0,105.166,37.1555223,-7.0606675
Kepler-107 e,Kepler-107,kepler-107,Transit,transit,2014,2014,false,2010s,14.749143,2.903,14.1,955.0,525.997,297.028162,48.2086019
HAT-P-28 b,HAT-P-28,hat-p-28,Transit,transit,2011,2011,false,2010s,3.257215,13.585,198.953,1384.0,401.319,13.0009159,34.728402
WASP-64 b,WASP-64,wasp-64,Transit,transit,2012,2012,false,2010s,1.5732918,14.247,403.945,1689.0,369.926,101.1149223,-32.8583878
Kepler-323 c,Kepler-323,kepler-323,Transit,transit,2014,2014,false,2010s,3.5538229,1.57,6.8,1431.0,454.883,291.3822988,38.1274595
HAT-P-20 b,HAT-P-20,hat-p-20,Transit,transit,2010,2010,false,2010s,2.875317,9.718,2302.899,970.0,71.0374,111.9164295,24.3361185
WASP-35 b,WASP-35,wasp-35,Transit,transit,2011,2011,false,2010s,3.16158,14.5717,225.6593,1338.29,202.218,76.0818912,-6.2297801
Kepler-409 b,Kepler-409,kepler-409,Transit,transit,2014,2014,false,2010s,68.9583216,1.199,6.0,438.0,68.173,293.6792058,46.8527337
Kepler-20 f,Kepler-20,kepler-20,Transit,transit,2011,2011,false,2010s,19.578328,0.952,1.4,681.0,282.563,287.6979913,42.3385782
Kepler-1655 b,Kepler-1655,kepler-1655,Transit,transit,2018,2018,false,2010s,11.8728787,2.213,5.4,938.0,213.26,286.6895986,39.2120802
VHS J125601.92-125723.9 b,VHS J125601.92-125723.9,vhs j125601.92-125723.9,Imaging,imaging,2015,2015,false,2010s,5800000.0,13.67495645,5085.254512,1194.0,12.7,194.008964,-12.956031
Kepler-323 b,Kepler-323,kepler-323,Transit,transit,2014,2014,false,2010s,1.678328,1.381,3.9,1838.0,454.883,291.3822988,38.1274595
Kepler-22 b,Kepler-22,kepler-22,Transit,transit,2011,2011,false,2010s,289.863876,2.1,9.1,279.0,194.642,289.2172051,47.8841427
Kepler-454 b,Kepler-454,kepler-454,Transit,transit,2015,2015,false,2010s,10.5737534,2.37,5.4,916.0,230.869,287.4786474,38.2290751
Kepler-109 b,Kepler-109,kepler-109,Transit,transit,2014,2014,false,2010s,6.4816307,2.49,4.9,1276.0,474.861,290.3926795,40.2849074
Kepler-20 c,Kepler-20,kepler-20,Transit,transit,2011,2011,false,2010s,10.8540774,2.894,11.1,828.0,282.563,287.6979913,42.3385782
K2-36 c,K2-36,k2-36,Transit,transit,2016,2016,false,2010s,5.340888,3.2,7.9,854.0,109.749,169.4490102,3.8665038
K2-36 b,K2-36,k2-36,Transit,transit,2016,2016,false,2010s,1.422614,1.43,4.3,1328.0,109.749,169.4490102,3.8665038
Kepler-21 b,Kepler-21,kepler-21,Transit,transit,2012,2012,false,2010s,2.7858212,1.639,7.5,2015.0,108.522,287.3619673,38.7141384
HATS-3 b,HATS-3,hats-3,Transit,transit,2013,2013,false,2010s,3.547851,15.48,340.382,1648.0,411.211,312.4574879,-24.4286938
K2-18 c,K2-18,k2-18,Radial Velocity,radial velocity,2017,2017,false,2010s,8.962,2.65,7.51,363.0,38.0266,172.560141,7.5878315
K2-253 b,K2-253,k2-253,Transit,transit,2018,2018,false,2010s,4.00167,12.67,,1238.0,876.565,186.0853062,-6.3789537
Kepler-491 b,Kepler-491,kepler-491,Transit,transit,2016,2016,false,2010s,4.225384512,8.92,59.0,1111.0,630.785,287.1305782,42.3501533
HATS-36 b,HATS-36,hats-36,Transit,transit,2018,2018,false,2010s,4.175186,12.92,1022.14128,1203.0,856.436,291.4787013,-23.2028183
K2-216 b,K2-216,k2-216,Transit,transit,2018,2018,false,2010s,2.1748,1.75,8.0,1103.0,115.461,11.4802354,6.3470302
Kepler-471 b,Kepler-471,kepler-471,Transit,transit,2016,2016,false,2010s,5.014234575,14.96,,1308.0,1249.41,299.0975167,43.4975851
gam Lib c,gam Lib,gam lib,Radial Velocity,radial velocity,2018,2018,false,2010s,966.49,12.8,1662.56039702,,47.4017,233.8818636,-14.789502
Kepler-93 c,Kepler-93,kepler-93,Radial Velocity,radial velocity,2014,2014,false,2010s,1460.0,,954.0,,95.9115,291.4181275,38.6723124
Kepler-289 d,Kepler-289,kepler-289,Transit,transit,2014,2014,false,2010s,66.0282,3.03,5.33,,704.438,297.4653351,42.8828517
KELT-8 b,KELT-8,kelt-8,Transit,transit,2015,2015,false,2010s,3.24406,18.15858,209.7678,1675.0,197.572,283.3054489,24.1272483
WASP-174 b,WASP-174,wasp-174,Transit,transit,2018,2018,false,2010s,4.2337005,16.10730527,104.88337431,1528.0,410.149,195.7940145,-41.3848617
Luhman 16 b,Luhman 16 A,luhman 16 a,Imaging,imaging,2017,2017,false,2010s,9697.0,11.9,9344.1551658,,,162.3282594,-53.3193715
Kepler-849 b,Kepler-849,kepler-849,Transit,transit,2016,2016,false,2010s,394.62508,8.08167508,298.75870258,362.7,822.134,290.8517961,48.5213243
HD 145457 b,HD 145457,hd 145457,Radial Velocity,radial velocity,2010,2010,false,2010s,176.13,13.2,888.01256916,,135.292,242.5162215,26.7429068
WASP-74 b,WASP-74,wasp-74,Transit,transit,2015,2015,false,2010s,2.13775,15.24424,228.8376,1865.0,149.216,304.538843,-1.0760033
Kepler-257 b,Kepler-257,kepler-257,Transit,transit,2014,2014,false,2010s,2.382667,2.61,7.32,1237.0,780.256,297.3159994,46.0232642
WASP-82 b,WASP-82,wasp-82,Transit,transit,2015,2015,false,2010s,2.70579,18.15858,371.8611,2190.0,275.664,72.6605916,1.8938365
HD 180314 b,HD 180314,hd 180314,Radial Velocity,radial velocity,2010,2010,false,2010s,394.73,12.0,7216.92963775,,122.362,288.7094401,31.8604391
nu Oph b,nu Oph,nu oph,Radial Velocity,radial velocity,2012,2012,false,2010s,529.93,12.0,7057.73298,,46.2107,269.7566013,-9.7741342
nu Oph c,nu Oph,nu oph,Radial Velocity,radial velocity,2012,2012,false,2010s,3180.6,12.0,7838.32346,,46.2107,269.7566013,-9.7741342
HD 5608 b,HD 5608,hd 5608,Radial Velocity,radial velocity,2012,2012,false,2010s,768.7,13.7,371.22357938,,58.1105,14.5594349,33.9505774
75 Cet b,75 Cet,75 cet,Radial Velocity,radial velocity,2012,2012,false,2010s,696.62,13.3,787.89662095,,82.9613,38.0391598,-1.0350269
HD 28254 b,HD 28254,hd 28254,Radial Velocity,radial velocity,2010,2010,false,2010s,1333.0,13.0,1207.7479466,,55.2884,66.2108141,-50.6228081
omi UMa b,omi UMa,omi uma,Radial Velocity,radial velocity,2012,2012,false,2010s,1569.81,13.0,1160.39151396,,54.9149,127.5649503,60.7177048
Teegarden's Star b,Teegarden's Star,teegarden's star,Radial Velocity,radial velocity,2019,2019,false,2010s,4.90634,1.05,1.16,277.0,3.83078,43.2691449,16.8649024
V1298 Tau e,V1298 Tau,v1298 tau,Transit,transit,2019,2019,false,2010s,53.5,9.97599282,321.00669107,492.0,108.199,61.331654,20.1570318
Teegarden's Star c,Teegarden's Star,teegarden's star,Radial Velocity,radial velocity,2019,2019,false,2010s,11.416,1.02,1.05,209.0,3.83078,43.2691449,16.8649024
ome Ser b,ome Ser,ome ser,Radial Velocity,radial velocity,2013,2013,false,2010s,278.59,14.0,233.92170755,,76.7556,237.5732422,2.196304
HD 14067 b,HD 14067,hd 14067,Radial Velocity,radial velocity,2014,2014,false,2010s,2744.0,12.2,4862.7746271,,142.024,34.293348,23.7676546
HD 120084 b,HD 120084,hd 120084,Radial Velocity,radial velocity,2013,2013,false,2010s,2142.0,12.7,2034.1018048,,103.044,205.661989,78.0646376
gam Lib b,gam Lib,gam lib,Radial Velocity,radial velocity,2018,2018,false,2010s,414.88,13.7,357.87478628,,47.4017,233.8818636,-14.789502
Kepler-23 c,Kepler-23,kepler-23,Transit,transit,2011,2011,false,2010s,10.74,3.005,7.81,1008.0,835.756,294.2189131,49.4792536
WASP-163 b,WASP-163,wasp-163,Transit,transit,2018,2018,false,2010s,1.6096884,13.473218,594.3421,1638.0,261.386,256.5375549,-10.4130071
Kepler-57 c,Kepler-57,kepler-57,Transit,transit,2012,2012,false,2010s,11.6,2.196,6.86,671.0,644.14,293.6413146,44.6570692
Kepler-305 d,Kepler-305,kepler-305,Transit,transit,2014,2014,false,2010s,16.74,2.76,6.2,576.0,868.477,299.2242557,40.343167
Kepler-28 b,Kepler-28,kepler-28,Transit,transit,2011,2011,false,2010s,5.91,1.959,1.63,585.0,438.359,292.1370409,42.4294835
Kepler-28 c,Kepler-28,kepler-28,Transit,transit,2011,2011,false,2010s,8.99,1.857,2.06,509.0,438.359,292.1370409,42.4294835
HAT-P-52 b,HAT-P-52,hat-p-52,Transit,transit,2015,2015,false,2010s,2.7535953,11.309881,259.98494,1218.0,361.155,42.7217412,29.0222492
Kepler-43 b,Kepler-43,kepler-43,Transit,transit,2011,2011,false,2010s,3.0240949,13.663771,1026.5909,1620.0,1005.84,285.2408288,46.6682411
HAT-P-69 b,HAT-P-69,hat-p-69,Transit,transit,2019,2019,false,2010s,4.7869491,18.786284,1137.8314,1930.0,341.263,130.5056385,3.7105662
HD 76920 b,HD 76920,hd 76920,Radial Velocity,radial velocity,2017,2017,false,2010s,415.891,13.1,994.80291391,,184.031,133.820353,-67.2653621
Kepler-448 c,KOI-12,koi-12,Transit Timing Variations,transit timing variations,2017,2017,false,2010s,2500.0,12.0,6992.26,,399.398,297.4537402,41.0110188
Kepler-24 c,Kepler-24,kepler-24,Transit,transit,2011,2011,false,2010s,12.33,2.514,9.99,915.0,1156.81,290.4132621,38.3437283
Kepler-24 b,Kepler-24,kepler-24,Transit,transit,2011,2011,false,2010s,8.14,2.348,11.14,1050.0,1156.81,290.4132621,38.3437283
2MASS J0249-0557 c,2MASS J0249-0557 A,2mass j0249-0557 a,Imaging,imaging,2018,2018,false,2010s,,12.4,3686.8095212,,66.0613,42.4851627,-5.9599921
K2-203 b,K2-203,k2-203,Transit,transit,2018,2018,false,2010s,9.6952,1.26549392,2.14,738.4,166.147,12.7736909,-1.1958844
K2-208 b,K2-208,k2-208,Transit,transit,2018,2018,false,2010s,4.19097,1.67462172,3.45,1122.0,256.887,20.7789809,0.8890076
K2-225 b,K2-225,k2-225,Transit,transit,2018,2018,false,2010s,15.8723,3.60929179,12.7,923.0,357.778,186.5410958,-9.6248232
WASP-168 b,WASP-168,wasp-168,Transit,transit,2018,2018,false,2010s,4.153658,16.8135,133.4886,1340.0,303.941,96.7446427,-46.8213635
WASP-126 c,WASP-126,wasp-126,Transit Timing Variations,transit timing variations,2019,2019,false,2010s,7.63,9.38,64.2,,216.526,63.374706,-69.2265926
K2-7 b,K2-7,k2-7,Transit,transit,2015,2015,false,2010s,28.6781,4.03523305,15.3,786.0,738.553,167.0937488,-1.065855
K2-226 b,K2-226,k2-226,Transit,transit,2018,2018,false,2010s,3.27109,1.53899305,2.98,1187.0,211.265,183.6456643,-9.5626286
eps Ind A b,eps Ind A,eps ind a,Radial Velocity,radial velocity,2019,2019,false,2010s,16510.0,12.7,2005.49724817,275.0,3.63857,330.8714021,-56.7969023
WASP-173 A b,WASP-173 A,wasp-173 a,Transit,transit,2018,2018,false,2010s,1.38665318,13.4508,1172.7927,1880.0,232.98,354.1686959,-34.6113042
WASP-47 b,WASP-47,wasp-47,Transit,transit,2012,2012,false,2010s,4.159151,12.86,374.0,1275.0,264.78,331.203092,-12.019067
K2-57 b,K2-57,k2-57,Transit,transit,2016,2016,false,2010s,9.0073,2.30905002,5.94,635.8,264.213,342.6918241,-14.0700007
CoRoT-12 b,CoRoT-12,corot-12,Transit,transit,2010,2010,false,2010s,2.828042,16.14,291.438,1442.0,1126.37,100.7656871,-1.2964437
WASP-160 B b,WASP-160 B,wasp-160 b,Transit,transit,2018,2018,false,2010s,3.7684952,12.21781,88.35674,1119.0,288.326,87.679561,-27.6233218
KELT-6 b,KELT-6,kelt-6,Transit,transit,2014,2014,false,2010s,7.8457,14.5717,165.2716,1313.0,240.726,195.9818362,30.640145
Kepler-485 b,Kepler-485,kepler-485,Transit,transit,2016,2016,false,2010s,3.243259796,14.41,,1243.0,1140.95,294.9963415,50.4700458
CoRoT-19 b,CoRoT-19,corot-19,Transit,transit,2011,2011,false,2010s,3.89713,14.46,352.78,2000.0,790.663,97.0335983,-0.1707293
Kepler-222 d,Kepler-222,kepler-222,Transit,transit,2014,2014,false,2010s,28.081912,3.69,13.2,522.0,758.854,287.9060885,46.9377479
HAT-P-40 b,HAT-P-40,hat-p-40,Transit,transit,2012,2012,false,2010s,4.45724,17.03768,152.5584,1770.0,464.469,335.5129199,45.4573423
nu Oct A b,nu Oct A,nu oct a,Radial Velocity,radial velocity,2016,2016,false,2010s,402.4,13.3,696.04421133,,21.1999,325.3702792,-77.3910853
WASP-22 b,WASP-22,wasp-22,Transit,transit,2010,2010,false,2010s,3.53269,13.78707,212.9461,1502.0,317.652,52.8180374,-23.8197924
GJ 3998 c,GJ 3998,gj 3998,Radial Velocity,radial velocity,2016,2016,false,2010s,13.727,2.5,6.82,,18.1459,259.0020507,11.0561751
Kepler-105 b,Kepler-105,kepler-105,Transit,transit,2013,2013,false,2010s,5.4122034,2.53,10.8,1418.0,459.223,287.8872376,46.2761224
Kepler-105 c,Kepler-105,kepler-105,Transit,transit,2014,2014,false,2010s,7.12592,1.44,5.6,997.0,459.223,287.8872376,46.2761224
Kepler-1656 b,Kepler-1656,kepler-1656,Transit,transit,2018,2018,false,2010s,31.562,4.574,47.8,651.0,185.875,284.4722473,39.911889
K2-271 b,K2-271,k2-271,Transit,transit,2018,2018,false,2010s,8.562421,7.28,41.8,893.0,564.454,125.2239144,16.0907958
K2-214 b,K2-214,k2-214,Transit,transit,2018,2018,false,2010s,8.59656,2.51,6.85,1001.0,300.64,14.8759777,4.2277722
Kepler-391 c,Kepler-391,kepler-391,Transit,transit,2014,2014,false,2010s,20.501,2.88,450.0,662.0,869.236,290.6218844,51.0573453
K2-220 b,K2-220,k2-220,Transit,transit,2018,2018,false,2010s,13.68186,2.37,6.21,761.0,233.514,12.7700071,9.5167694
Kepler-450 b,Kepler-450,kepler-450,Transit,transit,2015,2015,false,2010s,28.454851,6.14,19.4,769.0,455.982,295.4865821,51.0135237
Kepler-407 b,Kepler-407,kepler-407,Transit,transit,2014,2014,false,2010s,0.6693124,1.19,1.93,1983.0,338.368,286.0363025,49.6145027
K2-37 c,K2-37,k2-37,Transit,transit,2016,2016,false,2010s,6.42966,2.41,6.39,839.0,179.943,243.4509662,-24.7870527
Kepler-134 b,Kepler-134,kepler-134,Transit,transit,2014,2014,false,2010s,5.317429,2.0,4.66,1105.0,334.797,284.7391156,49.5984448
K2-37 d,K2-37,k2-37,Transit,transit,2016,2016,false,2010s,14.09229,2.31,12.5,646.0,179.943,243.4509662,-24.7870527
WASP-85 A b,WASP-85 A,wasp-85 a,Transit,transit,2016,2016,false,2010s,2.6556777,13.89916,402.05495,1452.0,141.887,175.9080328,6.5637842
Kepler-228 c,Kepler-228,kepler-228,Transit,transit,2014,2014,false,2010s,4.134444,2.7,7.75,1160.0,1644.61,296.2860853,48.2246328
Kepler-725 b,Kepler-725,kepler-725,Transit,transit,2016,2016,false,2010s,39.64372,10.8,81.6,514.0,758.469,283.9774949,44.8115613
K2-233 c,K2-233,k2-233,Transit,transit,2018,2018,false,2010s,7.06024,1.272,4.6,794.0,67.5062,230.4799011,-20.2317975
Kepler-103 c,Kepler-103,kepler-103,Transit,transit,2014,2014,false,2010s,179.60978,5.4539,58.47,434.0,494.832,288.9845512,40.0644857
Kepler-103 b,Kepler-103,kepler-103,Transit,transit,2014,2014,false,2010s,15.9653287,3.4857,11.67,973.0,494.832,288.9845512,40.0644857
Kepler-278 b,Kepler-278,kepler-278,Transit,transit,2014,2014,false,2010s,30.1556,3.955,56.0,586.0,443.03,290.1072124,38.7022694
Kepler-391 b,Kepler-391,kepler-391,Transit,transit,2014,2014,false,2010s,7.4175,2.5,1100.0,930.0,869.236,290.6218844,51.0573453
KOI-351 h,KOI-351,koi-351,Transit,transit,2013,2013,false,2010s,331.60296,11.252,203.0,294.0,848.254,284.4334642,49.3051239
Kepler-93 b,Kepler-93,kepler-93,Transit,transit,2014,2014,false,2010s,4.72673978,1.478,4.66,1133.0,95.9115,291.4181275,38.6723124
Kepler-166 d,Kepler-166,kepler-166,Transit,transit,2016,2016,false,2010s,1.554003928,1.73,3.64,1313.0,603.53,293.1600977,48.8812074
Kepler-1026 b,Kepler-1026,kepler-1026,Transit,transit,2016,2016,false,2010s,36.5156053,2.21,5.52,425.0,351.239,283.6053012,39.9979286
K2-175 b,K2-175,k2-175,Transit,transit,2018,2018,false,2010s,9.525988,2.03803688,4.81,,247.266,52.5035514,17.5841081
K2-176 b,K2-176,k2-176,Transit,transit,2018,2018,false,2010s,5.329439,1.49090097,2.83,,247.302,58.2691796,17.9069486
K2-177 b,K2-177,k2-177,Transit,transit,2018,2018,false,2010s,14.155185,2.1162048,5.13,,492.167,55.2296156,20.7360891
Kepler-9 d,Kepler-9,kepler-9,Transit,transit,2010,2010,false,2010s,1.592851,1.64,8.41466053,2026.0,628.257,285.5739904,38.4008192
K2-183 b,K2-183,k2-183,Transit,transit,2018,2018,false,2010s,0.469285,1.1,1.37,,329.041,125.007177,14.0194586
K2-263 b,K2-263,k2-263,Transit,transit,2018,2018,false,2010s,50.818947,2.41,14.9,470.0,162.481,129.6821253,15.6806039
K2-187 e,K2-187,k2-187,Transit,transit,2018,2018,false,2010s,13.606629,1.9,4.27,698.0,330.916,132.5235618,23.1924709
K2-189 b,K2-189,k2-189,Transit,transit,2018,2018,false,2010s,2.58812,1.403,2.55,1203.0,242.113,203.6214411,-15.0365158
Kepler-257 d,Kepler-257,kepler-257,Transit,transit,2014,2014,false,2010s,24.664551,4.95,21.7,567.0,780.256,297.3159994,46.0232642
Kepler-42 b,Kepler-42,kepler-42,Transit,transit,2011,2011,false,2010s,1.2137672,0.78,0.705944,519.0,40.0595,292.2196,44.6173667
K2-199 b,K2-199,k2-199,Transit,transit,2018,2018,false,2010s,3.2253993,1.73,6.9,913.0,107.518,208.9014508,-6.1360833
K2-151 b,K2-151,k2-151,Transit,transit,2018,2018,false,2010s,3.835476,1.49,2.83,566.0,69.4798,19.3047733,9.5012663
Kepler-197 b,Kepler-197,kepler-197,Transit,transit,2014,2014,false,2010s,5.599308,1.02,1.04,1142.0,330.575,295.2264739,50.5592348
K2-157 b,K2-157,k2-157,Transit,transit,2018,2018,false,2010s,0.3652575,0.935,1.14,2432.0,298.373,183.7514959,-5.7820178
GJ 433 b,GJ 433,gj 433,Radial Velocity,radial velocity,2011,2011,false,2010s,7.3705,2.33,6.043,,9.06456,173.8619194,-32.5436302
Kepler-65 c,Kepler-65,kepler-65,Transit,transit,2012,2012,false,2010s,5.859944,2.58,5.4,1246.0,303.728,288.6887221,41.1511076
KOI-12 b,KOI-12,koi-12,Transit,transit,2015,2015,false,2010s,17.855182,13.78707,349.613,911.0,399.398,297.4537402,41.0110188
HD 116029 b,HD 116029,hd 116029,Radial Velocity,radial velocity,2011,2011,false,2010s,670.0,13.6,444.962,,123.245,200.1646905,24.6484725
GJ 676 A b,GJ 676 A,gj 676 a,Radial Velocity,radial velocity,2010,2010,false,2010s,1051.44521,12.8,1840.86213334,,16.0272,262.5448903,-51.6377777
7 CMa b,7 CMa,7 cma,Radial Velocity,radial velocity,2011,2011,false,2010s,735.1,13.4,587.9855,,19.8101,99.171276,-19.2561808
Kepler-40 b,Kepler-40,kepler-40,Transit,transit,2010,2010,false,2010s,6.87349,13.11,699.2,1620.0,2305.01,296.8136883,47.5265446
GSC 06214-00210 b,GSC 06214-00210,gsc 06214-00210,Imaging,imaging,2010,2010,false,2010s,,20.1762,5000.0,2300.0,108.5,245.4776921,-20.7193398
Kepler-123 b,Kepler-123,kepler-123,Transit,transit,2014,2014,false,2010s,17.232366,2.94,55.3,817.0,1021.66,296.9985853,42.7819633
HD 164509 b,HD 164509,hd 164509,Radial Velocity,radial velocity,2010,2010,false,2010s,280.17,14.3,140.79869,,53.1119,270.3800811,0.1044685
Kepler-267 b,Kepler-267,kepler-267,Transit,transit,2014,2014,false,2010s,3.353728,1.98,37.9,615.0,264.993,299.8305655,47.1575741
HD 20003 b,HD 20003,hd 20003,Radial Velocity,radial velocity,2019,2019,false,2010s,11.8482,3.43,11.66,,41.8316,46.9090081,-72.3219221
HD 152581 b,HD 152581,hd 152581,Radial Velocity,radial velocity,2011,2011,false,2010s,686.5,13.4,594.02427,,165.76,253.4316451,11.9736828
HD 131496 b,HD 131496,hd 131496,Radial Velocity,radial velocity,2011,2011,false,2010s,896.0,13.4,572.094,,131.849,223.3461495,18.2352618
HD 156668 b,HD 156668,hd 156668,Radial Velocity,radial velocity,2010,2010,false,2010s,4.6455,1.87,4.15,,24.3323,259.4183491,29.228161
HD 134060 c,HD 134060,hd 134060,Radial Velocity,radial velocity,2019,2019,false,2010s,1291.5646,5.91,29.29,,24.0125,227.6847587,-61.4223747
HD 158038 b,HD 158038,hd 158038,Radial Velocity,radial velocity,2011,2011,false,2010s,521.0,13.5,486.2799,,94.8625,261.4395312,27.3030721
24 Sex b,24 Sex,24 sex,Radial Velocity,radial velocity,2010,2010,false,2010s,452.8,13.4,632.46,,72.0691,155.8684866,-0.9023998
K2-27 b,K2-27,k2-27,Transit,transit,2016,2016,false,2010s,6.771347,4.74,30.2,836.0,249.645,171.5151874,1.2306237
HD 20781 c,HD 20781,hd 20781,Radial Velocity,radial velocity,2019,2019,false,2010s,13.8905,2.17,5.33,,35.9715,50.0139757,-28.7841175
HD 28678 b,HD 28678,hd 28678,Radial Velocity,radial velocity,2011,2011,false,2010s,380.2,13.5,490.09386,,189.908,67.8560643,4.5752495
HD 31527 c,HD 31527,hd 31527,Radial Velocity,radial velocity,2019,2019,false,2010s,51.2053,3.85,14.16,,38.4473,73.9096193,-23.2413163
HD 31527 d,HD 31527,hd 31527,Radial Velocity,radial velocity,2019,2019,false,2010s,271.6737,3.46,11.82,,38.4473,73.9096193,-23.2413163
HD 31527 b,HD 31527,hd 31527,Radial Velocity,radial velocity,2019,2019,false,2010s,16.5535,3.22,10.47,,38.4473,73.9096193,-23.2413163
HD 82886 b,HD 82886,hd 82886,Radial Velocity,radial velocity,2011,2011,false,2010s,705.0,13.3,740.5439,,127.061,143.9383526,34.7805902
HD 96063 b,HD 96063,hd 96063,Radial Velocity,radial velocity,2011,2011,false,2010s,362.5,13.7,403.6441,,140.065,166.1853484,-2.5132966
Kepler-263 b,Kepler-263,kepler-263,Transit,transit,2014,2014,false,2010s,16.568087,2.67,7.61,548.0,754.747,292.4698022,37.5677941
HD 99706 b,HD 99706,hd 99706,Radial Velocity,radial velocity,2011,2011,false,2010s,841.0,13.7,390.9309,,146.6,172.1261621,43.9662025
Kepler-746 b,Kepler-746,kepler-746,Transit,transit,2016,2016,false,2010s,3.48159251,1.11,1.41,1156.0,450.0,290.6822097,37.3551593
HATS-1 b,HATS-1,hats-1,Transit,transit,2012,2012,false,2010s,3.446459,14.594,589.55,1359.0,283.971,175.5252399,-23.3548451
HD 204313 b,HD 204313,hd 204313,Radial Velocity,radial velocity,2010,2010,false,2010s,2041.11539,12.9,1466.7780983,,47.7945,322.0510568,-21.7274194
Pr0201 b,Pr0201,pr0201,Radial Velocity,radial velocity,2012,2012,false,2010s,4.4264,14.2,171.6282,,180.64,130.4324005,20.2268164
Pr0211 b,Pr0211,pr0211,Radial Velocity,radial velocity,2012,2012,false,2010s,2.1461,13.4,597.5204,,182.714,130.547744,19.276957
bet Cnc b,bet Cnc,bet cnc,Radial Velocity,radial velocity,2014,2014,false,2010s,605.2,12.6,2479.0,,89.0472,124.1286379,9.1853306
bet UMi b,bet UMi,bet umi,Radial Velocity,radial velocity,2014,2014,false,2010s,522.3,12.7,1938.7,,38.77472,222.676495,74.155548
Kapteyn c,Kapteyn,kapteyn,Radial Velocity,radial velocity,2014,2014,false,2010s,121.54,2.54,7.0,,3.93305,77.9586613,-45.0430198
Kepler-754 b,Kepler-754,kepler-754,Transit,transit,2016,2016,false,2010s,14.5596237,2.01,4.7,758.0,1770.27,293.2541121,37.8461519
HD 207832 c,HD 207832,hd 207832,Radial Velocity,radial velocity,2012,2012,false,2010s,1155.7,14.0,232.0159,,58.9291,328.1517893,-26.0271749
CoRoT-24 b,CoRoT-24,corot-24,Transit,transit,2014,2014,false,2010s,5.1134,3.7,5.7,1070.0,591.555,101.922543,-3.7192892
CoRoT-24 c,CoRoT-24,corot-24,Transit,transit,2014,2014,false,2010s,11.759,5.0,28.0,850.0,591.555,101.922543,-3.7192892
HIP 105854 b,HIP 105854,hip 105854,Radial Velocity,radial velocity,2014,2014,false,2010s,184.2,12.6,2606.1,,78.6381,321.5962275,-37.8294782
K2-138 c,K2-138,k2-138,Transit,transit,2017,2017,false,2010s,3.56004,2.299,6.31,1012.0,202.585,348.9490311,-10.8497391
HATS-63 b,HATS-63,hats-63,Transit,transit,2018,2018,false,2010s,3.0566527,13.529263,305.1168,1398.3,623.232,67.418582,-28.1972149
CoRoT-22 b,CoRoT-22,corot-22,Transit,transit,2014,2014,false,2010s,9.75598,4.88,12.2,885.0,627.158,280.6671392,6.2191669
TYC 1422-614-1 b,TYC 1422-614-1,tyc 1422-614-1,Radial Velocity,radial velocity,2014,2014,false,2010s,198.4,13.3,794.5,,672.41,154.2777769,19.5584068
TYC 1422-614-1 c,TYC 1422-614-1,tyc 1422-614-1,Radial Velocity,radial velocity,2014,2014,false,2010s,559.3,12.5,3178.0,,672.41,154.2777769,19.5584068
BD-11 4672 b,BD-11 4672,bd-11 4672,Radial Velocity,radial velocity,2014,2014,false,2010s,1634.0,14.1,206.5895,,27.1665,278.3688659,-11.6370481
BD+49 828 b,BD+49 828,bd+49 828,Radial Velocity,radial velocity,2015,2015,false,2010s,2590.0,13.5,508.5,,442.042,45.6406187,49.7299481
HD 1666 b,HD 1666,hd 1666,Radial Velocity,radial velocity,2015,2015,false,2010s,270.0,12.7,2040.0,,117.908,5.2180424,-19.9314823
HD 67087 c,HD 67087,hd 67087,Radial Velocity,radial velocity,2015,2015,false,2010s,2374.0,12.9,1540.0,,76.5217,121.9155672,31.5511553
Kepler-268 b,Kepler-268,kepler-268,Transit,transit,2014,2014,false,2010s,25.934138,2.55,7.04,695.0,851.87,291.9761559,38.0550327
HATS-11 b,HATS-11,hats-11,Transit,transit,2016,2016,false,2010s,3.619188,18.03,263.7989,1596.0,944.603,289.4007603,-22.3900092
Kepler-47 c,Kepler-47,kepler-47,Transit,transit,2012,2012,false,2010s,303.227,4.65,3.17,,1025.02,295.2978883,46.9204303
K2-4 b,K2-4,k2-4,Transit,transit,2015,2015,false,2010s,10.003417,2.1,5.06,563.0,231.828,174.7455392,-3.9055746
HD 175607 b,HD 175607,hd 175607,Radial Velocity,radial velocity,2015,2015,false,2010s,29.01,,2456.1779293,,40.3303,285.2742901,-66.1943379
Kepler-772 b,Kepler-772,kepler-772,Transit,transit,2016,2016,false,2010s,12.99207337,1.82,3.97,866.0,1130.21,291.423582,38.2165603
HD 27631 b,HD 27631,hd 27631,Radial Velocity,radial velocity,2012,2012,false,2010s,2198.14,13.5,495.81231492,,50.2862,64.9392168,-41.9606604
HD 24064 b,HD 24064,hd 24064,Radial Velocity,radial velocity,2015,2015,false,2010s,535.59998,12.3,4096.8287,,300.247,59.1510071,74.0800789
K2-21 c,K2-21,k2-21,Transit,transit,2015,2015,false,2010s,15.50192,2.49,6.76,420.0,83.6448,340.3037846,-14.4893256
HD 98649 b,HD 98649,hd 98649,Radial Velocity,radial velocity,2012,2012,false,2010s,5384.0,12.5,3082.9355479,,42.1727,170.2147665,-23.2181063
K2-9 b,K2-9,k2-9,Transit,transit,2015,2015,false,2010s,18.4498,2.25,5.69,314.0,82.9631,176.263724,0.0054085
CoRoT-29 b,CoRoT-29,corot-29,Transit,transit,2015,2015,false,2010s,2.85057,10.0881,270.1555,,806.507,278.9020691,6.4795703
HATS-39 b,HATS-39,hats-39,Transit,transit,2018,2018,false,2010s,4.5776348,17.59813,200.2329,1645.0,878.521,112.4192251,-29.9379163
LkCa 15 b,LkCa 15,lkca 15,Imaging,imaging,2015,2015,false,2010s,,,,,158.152,69.8241791,22.3508662
HU Aqr AB c,HU Aqr,hu aqr,Eclipse Timing Variations,eclipse timing variations,2011,2011,false,2010s,4368.0,12.9,1430.235,,192.19807871,316.9921976,-5.2948694
HD 164595 b,HD 164595,hd 164595,Radial Velocity,radial velocity,2015,2015,false,2010s,40.0,4.16,16.14,,28.254,270.1613723,29.5726698
K2-8 b,K2-8,k2-8,Transit,transit,2015,2015,false,2010s,10.35239,3.58,12.5,631.0,403.513,169.7935178,-0.2844389
kap And b,kap And,kap and,Imaging,imaging,2012,2012,false,2010s,,12.3,4327.36,1900.0,50.0177,355.1025974,44.3338511
PH1 b,PH1,ph1,Transit,transit,2012,2012,false,2010s,138.317,6.18,169.0,481.0,1033.16,298.2150641,39.9550863
GJ 676 A e,GJ 676 A,gj 676 a,Radial Velocity,radial velocity,2012,2012,false,2010s,35.47358,2.47,6.67439655,,16.0272,262.5448903,-51.6377777
BD+15 2940 b,BD+15 2940,bd+15 2940,Radial Velocity,radial velocity,2013,2013,false,2010s,137.48,13.7,352.78,,426.42,240.09564,15.5467507
HD 2952 b,HD 2952,hd 2952,Radial Velocity,radial velocity,2013,2013,false,2010s,312.08,13.9,284.77425267,,110.103,8.2938367,54.8948177
SR 12 AB c,SR 12 AB,sr 12 ab,Imaging,imaging,2010,2010,false,2010s,,12.3,4131.62,,112.31721584,246.8312363,-24.6946687
GJ 667 C e,GJ 667 C,gj 667 c,Radial Velocity,radial velocity,2013,2013,false,2010s,62.24,1.45,2.7,,7.24396,259.7510609,-34.9977651
tau Gem b,tau Gem,tau gem,Radial Velocity,radial velocity,2013,2013,false,2010s,305.5,12.1,6547.0,,112.537,107.7847232,30.2449545
GJ 667 C g,GJ 667 C,gj 667 c,Radial Velocity,radial velocity,2013,2013,false,2010s,256.2,1.99,4.6,,7.24396,259.7510609,-34.9977651
GJ 504 b,GJ 504,gj 504,Imaging,imaging,2013,2013,false,2010s,,12.10569916,1271.3,510.0,17.5299,199.192348,9.4249781
HD 159243 c,HD 159243,hd 159243,Radial Velocity,radial velocity,2013,2013,false,2010s,248.4,13.4,603.9,,73.3055,263.3395365,5.7008254
ROXs 12 b,ROXs 12,roxs 12,Imaging,imaging,2013,2013,false,2010s,,12.2,5085.0,,136.65,246.6167993,-25.446695
Kepler-36 b,Kepler-36,kepler-36,Transit,transit,2012,2012,false,2010s,13.86825,1.498,3.83,978.0,527.956,291.2501859,49.2318073
Kepler-48 e,Kepler-48,kepler-48,Radial Velocity,radial velocity,2014,2014,false,2010s,982.0,13.4,657.0,,306.738,299.1393094,40.948939
HD 4203 c,HD 4203,hd 4203,Radial Velocity,radial velocity,2014,2014,false,2010s,6700.0,13.3,689.66,,81.3795,11.1722288,20.4483925
NGC 2682 YBP 401 b,NGC 2682 YBP 401,ngc 2682 ybp 401,Radial Velocity,radial velocity,2016,2016,false,2010s,4.087,14.3,146.2018,,830.822,132.8293081,11.6710271
GJ 3998 b,GJ 3998,gj 3998,Radial Velocity,radial velocity,2016,2016,false,2010s,2.65033,1.39,2.5,,18.1459,259.0020507,11.0561751
HD 47366 b,HD 47366,hd 47366,Radial Velocity,radial velocity,2016,2016,false,2010s,360.08,13.4,661.71874337,,84.3552,99.4200181,-12.9856593
K2-239 b,K2-239,k2-239,Transit,transit,2018,2018,false,2010s,5.24,1.1,1.37,502.0,31.0849,160.5941265,4.4413751
K2-233 d,K2-233,k2-233,Transit,transit,2018,2018,false,2010s,24.3681,2.363,10.3,525.0,67.5062,230.4799011,-20.2317975
K2-243 b,K2-243,k2-243,Transit,transit,2018,2018,false,2010s,11.54182,2.17,5.35,1035.0,266.864,181.1211419,-4.8991358
K2-255 b,K2-255,k2-255,Transit,transit,2018,2018,false,2010s,1.96417,2.9,8.75,1034.0,191.608,189.9128532,-3.3705631
K2-264 c,K2-264,k2-264,Transit,transit,2018,2018,false,2010s,19.660302,2.668,7.6,331.0,185.605,131.3583524,19.698401
HD 211810 b,HD 211810,hd 211810,Radial Velocity,radial velocity,2018,2018,false,2010s,1558.0,14.0,212.9461,,64.6353,334.5286724,61.1349912
Kepler-262 c,Kepler-262,kepler-262,Transit,transit,2014,2014,false,2010s,21.853722,1.64,3.33,618.0,613.129,290.7287168,37.2526575
HD 111998 b,HD 111998,hd 111998,Radial Velocity,radial velocity,2016,2016,false,2010s,810.0,12.9,1525.5763536,,33.2237,193.2953521,-3.5531133
GJ 9827 b,GJ 9827,gj 9827,Transit,transit,2017,2017,false,2010s,1.208974,1.44,4.28,1035.01,29.661,351.7717763,-1.2853435
HD 95089 c,HD 95089,hd 95089,Radial Velocity,radial velocity,2018,2018,false,2010s,1785.0,13.1,1096.5135,,136.957,164.698748,1.7290087
HD 72892 b,HD 72892,hd 72892,Radial Velocity,radial velocity,2016,2016,false,2010s,39.44603,12.8,1737.88572948,,69.7311,128.7195554,-14.4574311
HD 128356 b,HD 128356,hd 128356,Radial Velocity,radial velocity,2016,2016,false,2010s,298.2,13.9,282.8687,,26.1548,219.2702793,-25.8031728
HD 165155 b,HD 165155,hd 165155,Radial Velocity,radial velocity,2016,2016,false,2010s,434.5,13.2,918.5287,,63.3574,271.4893395,-29.9172536
Kepler-761 b,Kepler-761,kepler-761,Transit,transit,2016,2016,false,2010s,10.12804789,2.03,4.78,767.0,830.707,290.503599,44.1436249
2MASS J22362452+4751425 b,2MASS J22362452+4751425,2mass j22362452+4751425,Imaging,imaging,2016,2016,false,2010s,,12.3,3972.875,,69.5737,339.1025931,47.861683
CoRoT-21 b,CoRoT-21,corot-21,Transit,transit,2012,2012,false,2010s,2.72474,14.5717,718.2958,,1398.83419686,101.0526207,-0.2991544
HD 13167 b,HD 13167,hd 13167,Radial Velocity,radial velocity,2018,2018,false,2010s,2613.0,13.1,1052.0173,,148.934,32.057635,-24.695575
WASP-177 b,WASP-177,wasp-177,Transit,transit,2019,2019,false,2010s,3.071722,17.71022,161.45764,1142.0,176.818,334.7969885,-1.8344301
EPIC 220674823 c,EPIC 220674823,epic 220674823,Transit,transit,2016,2016,false,2010s,13.33989,2.84,7.32,804.0,244.59,13.0800239,10.7947051
K2-288 B b,K2-288 B,k2-288 b,Transit,transit,2018,2018,false,2010s,31.393463,1.9,4.27,226.36,65.6138,55.4442857,18.2684913
Gl 378 b,Gl 378,gl 378,Radial Velocity,radial velocity,2019,2019,false,2010s,3.822,3.66,13.02,830.0,14.9545,150.5865513,48.0824515
Kepler-766 b,Kepler-766,kepler-766,Transit,transit,2016,2016,false,2010s,6.10027804,3.39,11.4,990.0,2297.62,293.1845144,37.9698357
K2-107 b,K2-107,k2-107,Transit,transit,2017,2017,false,2010s,3.313959,15.98,266.9772,1649.0,685.2,284.985355,-22.2934206
Kepler-780 b,Kepler-780,kepler-780,Transit,transit,2016,2016,false,2010s,0.677375164,0.89,0.64,2099.0,557.652,281.7663511,44.2924898
HD 39855 b,HD 39855,hd 39855,Radial Velocity,radial velocity,2019,2019,false,2010s,3.2498,2.85,8.5,,23.2599,88.6260731,-19.7044472
HD 92788 c,HD 92788,hd 92788,Radial Velocity,radial velocity,2019,2019,false,2010s,11611.2975,13.0,1166.4361,,34.6538,160.7021351,-2.1847173
K2-224 b,K2-224,k2-224,Transit,transit,2018,2018,false,2010s,4.47904,1.56,3.05,1002.0,275.255,189.7041426,-10.0605942
EPIC 205950854 c,K2-168,k2-168,Transit,transit,2019,2019,false,2010s,8.050722,1.31,2.27,960.6,243.935,333.1100738,-16.3418863
EPIC 206032309 b,EPIC 206032309,epic 206032309,Transit,transit,2019,2019,false,2010s,2.87814,1.01,1.01,,161.365,341.2404563,-13.9011223
K2-228 b,K2-228,k2-228,Transit,transit,2018,2018,false,2010s,2.69828,1.21,1.92,914.0,129.46,187.2947047,-6.8342028
K2-229 b,K2-229,k2-229,Transit,transit,2018,2018,false,2010s,0.584216,1.0,2.55,1818.0,102.564,186.8729195,-6.7218474
TYC 4282-00605-1 b,TYC 4282-00605-1,tyc 4282-00605-1,Radial Velocity,radial velocity,2017,2017,false,2010s,101.54,12.4,3426.2074,,464.128,343.8721029,62.2391907
HD 206255 b,HD 206255,hd 206255,Radial Velocity,radial velocity,2019,2019,false,2010s,96.045,6.47,34.2,,75.2363,325.5917768,-50.0935884
Kepler-411 e,Kepler-411,kepler-411,Transit Timing Variations,transit timing variations,2018,2018,false,2010s,31.509728,3.28,10.8,503.0,153.676,287.6057027,49.5233937
Kepler-454 c,Kepler-454,kepler-454,Radial Velocity,radial velocity,2015,2015,false,2010s,524.19,12.9,1433.40611557,,230.869,287.4786474,38.2290751
psi1 Dra B b,psi1 Dra B,psi1 dra b,Radial Velocity,radial velocity,2015,2015,false,2010s,3117.0,13.5,486.2799,,22.7188,265.4925754,72.1557114
Kepler-758 b,Kepler-758,kepler-758,Transit,transit,2016,2016,false,2010s,12.1097104,2.48,6.71,1005.0,1502.32,293.0846115,41.1354049
HD 208897 b,HD 208897,hd 208897,Radial Velocity,radial velocity,2017,2017,false,2010s,358.27,13.7,379.48711796,,67.4872,329.7490639,19.0201591
K2-128 b,K2-128,k2-128,Transit,transit,2017,2017,false,2010s,5.675819,1.42,2.6,,114.637,204.4376666,-8.5970858
K2-129 b,K2-129,k2-129,Transit,transit,2017,2017,false,2010s,8.239493,1.04,1.12,,27.7957,289.1485491,-25.6463233
GJ 625 b,GJ 625,gj 625,Radial Velocity,radial velocity,2017,2017,false,2010s,14.628,1.49,2.82,,6.47249,246.3557854,54.3033625
Wolf 1061 d,Wolf 1061,wolf 1061,Radial Velocity,radial velocity,2015,2015,false,2010s,217.21,2.69,7.7,,4.30592,247.5748276,-12.6676866
Wolf 1061 b,Wolf 1061,wolf 1061,Radial Velocity,radial velocity,2015,2015,false,2010s,4.8869,1.21,1.91,,4.30592,247.5748276,-12.6676866
HD 34445 d,HD 34445,hd 34445,Radial Velocity,radial velocity,2017,2017,false,2010s,117.87,6.07,30.7,,46.0907,79.4207483,7.3527156
NGTS-6 b,NGTS-6,ngts-6,Transit,transit,2019,2019,false,2010s,0.882059,14.863134,425.57437,1283.9,308.262,75.795382,-30.3994612
HD 33844 b,HD 33844,hd 33844,Radial Velocity,radial velocity,2015,2015,false,2010s,551.40002,13.4,638.8383,,105.779,78.1505649,-14.9509775
KELT-17 b,KELT-17,kelt-17,Transit,transit,2016,2016,false,2010s,3.0801716,17.093725,416.3573,2087.0,226.5,125.617407,13.7353093
HD 113996 b,HD 113996,hd 113996,Radial Velocity,radial velocity,2017,2017,false,2010s,610.2,12.7,2002.329,,116.334,196.794874,27.6244384
HD 147379 b,HD 147379,hd 147379,Radial Velocity,radial velocity,2017,2017,false,2010s,86.58,4.94,21.6,,10.7643,244.1725686,67.2392041
HD 143105 b,HD 143105,hd 143105,Radial Velocity,radial velocity,2016,2016,false,2010s,2.1974,13.7,384.5743,,46.7789,238.4023547,68.7199779
HD 35759 b,HD 35759,hd 35759,Radial Velocity,radial velocity,2016,2016,false,2010s,82.467,13.0,1195.0408,,71.2423,82.8886636,64.3183753
Pr0211 c,Pr0211,pr0211,Radial Velocity,radial velocity,2016,2016,false,2010s,4850.0,12.6,2475.8957,,182.714,130.547744,19.276957
Kepler-65 e,Kepler-65,kepler-65,Radial Velocity,radial velocity,2019,2019,false,2010s,258.8,13.9,260.0,,303.728,288.6887221,41.1511076
HD 191806 b,HD 191806,hd 191806,Radial Velocity,radial velocity,2016,2016,false,2010s,1603.38923,12.5,2966.61035094,,65.6668,302.368758,52.2767265
BD+48 740 b,BD+48 740,bd+48 740,Radial Velocity,radial velocity,2018,2018,false,2010s,733.0,13.5,540.311,,666.589,40.7425426,48.9300579
K2-148 c,K2-148,k2-148,Transit,transit,2018,2018,false,2010s,6.9226,1.73,3.64,,124.458,14.5176494,-0.193258
K2-149 b,K2-149,k2-149,Transit,transit,2018,2018,false,2010s,11.332,1.64,3.33,,123.676,9.8217519,7.2769939
KPS-1 b,KPS-1,kps-1,Transit,transit,2018,2018,false,2010s,1.706291,11.54527,346.4347,1459.0,262.706,165.167198,64.9638452
V830 Tau b,V830 Tau,v830 tau,Radial Velocity,radial velocity,2016,2016,false,2010s,4.927,14.0,222.481,,130.111,68.2918259,24.5619241
K2-233 b,K2-233,k2-233,Transit,transit,2018,2018,false,2010s,2.467583,1.315,2.4,1127.0,67.5062,230.4799011,-20.2317975
K2-211 b,K2-211,k2-211,Transit,transit,2018,2018,false,2010s,0.669561,1.33162691,2.33,1873.0,272.297,21.1061587,1.7049101
K2-221 b,K2-221,k2-221,Transit,transit,2018,2018,false,2010s,2.399094,1.67890272,3.46,,318.81,16.6550286,10.1897385
K2-215 b,K2-215,k2-215,Transit,transit,2018,2018,false,2010s,8.269648,2.12381238,5.16,,403.964,18.4700795,6.1238647
K2-217 b,K2-217,k2-217,Transit,transit,2018,2018,false,2010s,14.074524,3.57854073,12.5,,381.878,11.2983678,6.4815879
K2-183 d,K2-183,k2-183,Transit,transit,2018,2018,false,2010s,22.620344,2.3,5.9,615.0,329.041,125.007177,14.0194586
K2-163 b,K2-163,k2-163,Transit,transit,2018,2018,false,2010s,6.673117,2.46610713,6.65,,208.529,182.3292517,-0.5393421
K2-162 b,K2-162,k2-162,Transit,transit,2018,2018,false,2010s,9.45889,1.44,2.67,631.0,124.433,186.0383865,-1.111479
K2-205 b,K2-205,k2-205,Transit,transit,2018,2018,false,2010s,26.672263,1.99552771,4.64,,405.301,15.2175909,0.425966
K2-204 b,K2-204,k2-204,Transit,transit,2018,2018,false,2010s,7.055908,3.17214154,10.2,1148.0,577.235,17.3825067,-0.5177539
Kepler-281 c,Kepler-281,kepler-281,Transit,transit,2014,2014,false,2010s,36.337373,5.31,161.124,513.0,1745.45,294.1081465,44.7706524
Gl 49 b,Gl 49,gl 49,Radial Velocity,radial velocity,2019,2019,false,2010s,13.8508,2.24,5.63,,9.8528,15.6687321,62.3454386
Kepler-805 b,Kepler-805,kepler-805,Transit,transit,2016,2016,false,2010s,30.8638931,2.89,8.7,743.0,638.49,293.2300178,45.053364
Kepler-504 b,Kepler-504,kepler-504,Transit,transit,2016,2016,false,2010s,9.549275422,1.59,3.15,374.0,99.0688,284.9219608,45.9723265
Kepler-277 b,Kepler-277,kepler-277,Transit,transit,2013,2013,false,2010s,17.324,2.92,87.3,964.0,976.643,286.5831894,39.0772582
Kepler-814 b,Kepler-814,kepler-814,Transit,transit,2016,2016,false,2010s,6.1469851,2.12,5.14,1164.0,2055.77,284.9105256,48.4315896
Kepler-798 b,Kepler-798,kepler-798,Transit,transit,2016,2016,false,2010s,13.71933369,2.39,6.3,864.0,972.274,292.4782785,42.1422821
Kepler-280 b,Kepler-280,kepler-280,Transit,transit,2014,2014,false,2010s,2.139542,1.45,2.7,1425.0,780.361,291.3905325,42.1804735
WASP-93 b,WASP-93,wasp-93,Transit,transit,2016,2016,false,2010s,2.7325321,17.900773,467.2101,1942.0,370.284,9.4587443,51.288778
Kepler-279 c,Kepler-279,kepler-279,Transit,transit,2013,2013,false,2010s,35.736,4.3,49.4,774.0,1037.4,287.391295,42.194822
Kepler-286 b,Kepler-286,kepler-286,Transit,transit,2014,2014,false,2010s,1.796302,1.24,2.07,1367.0,1226.85,290.6761874,48.2942362
Kepler-809 b,Kepler-809,kepler-809,Transit,transit,2016,2016,false,2010s,55.63934,3.01,9.32,478.0,961.405,289.0836324,48.0180689
Kepler-788 b,Kepler-788,kepler-788,Transit,transit,2016,2016,false,2010s,8.39846269,2.55,7.04,984.0,1775.8,290.0004154,38.5398551
Kepler-818 b,Kepler-818,kepler-818,Transit,transit,2016,2016,false,2010s,10.035385814,5.11,22.9,786.0,925.037,296.2351072,39.3702865
Kepler-463 b,Kepler-463,kepler-463,Transit,transit,2016,2016,false,2010s,8.981016833,3.05,9.53,880.0,394.804,298.9368228,44.8578644
Kepler-799 b,Kepler-799,kepler-799,Transit,transit,2016,2016,false,2010s,133.4605235,6.88,37.9,433.0,1509.084,287.1748966,44.8784754
Kepler-65 b,Kepler-65,kepler-65,Transit,transit,2012,2012,false,2010s,2.15491,1.42,2.4,1740.0,303.728,288.6887221,41.1511076
Kepler-80 e,Kepler-80,kepler-80,Transit,transit,2014,2014,false,2010s,4.64489,1.6,4.13,629.0,369.451,296.1125759,39.9787451
Kepler-82 d,Kepler-82,kepler-82,Transit,transit,2014,2014,false,2010s,2.382961,1.77,885.098,1253.0,904.326,292.8733696,42.9661583
Kepler-20 b,Kepler-20,kepler-20,Transit,transit,2011,2011,false,2010s,3.6961049,1.773,9.7,1187.0,282.563,287.6979913,42.3385782
Kepler-1229 b,Kepler-1229,kepler-1229,Transit,transit,2016,2016,false,2010s,86.828989,1.4,2.54,212.0,265.482,297.4868347,46.9966782
Kepler-406 b,Kepler-406,kepler-406,Transit,transit,2014,2014,false,2010s,2.42629,1.43,6.35,1302.0,364.03,291.8481764,44.9682807
Kepler-446 b,Kepler-446,kepler-446,Transit,transit,2015,2015,false,2010s,1.565409,1.5,2.86,648.0,96.339,282.2501047,44.921002
Kepler-231 b,Kepler-231,kepler-231,Transit,transit,2014,2014,false,2010s,10.065275,1.73,35.4,488.0,316.618,293.9733913,50.531846
Kepler-1232 b,Kepler-1232,kepler-1232,Transit,transit,2016,2016,false,2010s,26.7839183,1.93,4.38,523.0,632.865,296.5500966,49.102307
Kepler-1168 b,Kepler-1168,kepler-1168,Transit,transit,2016,2016,false,2010s,55.8226539,2.5,6.8,379.0,752.666,287.2977834,47.455488
Kepler-201 c,Kepler-201,kepler-201,Transit,transit,2014,2014,false,2010s,151.884058,2.85,8.5,378.0,636.445,293.626059,41.2728004
Kepler-1152 b,Kepler-1152,kepler-1152,Transit,transit,2016,2016,false,2010s,1.646801908,0.87,0.59,806.0,215.233,290.4341483,44.1077802
Kepler-175 c,Kepler-175,kepler-175,Transit,transit,2014,2014,false,2010s,34.035257,3.1,9.8,583.0,1312.34,289.553232,43.876116
Kepler-1296 b,Kepler-1296,kepler-1296,Transit,transit,2016,2016,false,2010s,8.3839865,0.91,0.693,1285.0,1551.54,292.1251038,41.4077928
Kepler-1345 b,Kepler-1345,kepler-1345,Transit,transit,2016,2016,false,2010s,44.6169557,2.36,6.17,693.0,1355.02,292.4779428,46.022821
Kepler-1187 b,Kepler-1187,kepler-1187,Transit,transit,2016,2016,false,2010s,18.87064068,2.61,7.32,701.0,1020.53,286.8919996,38.3185034
Kepler-430 b,Kepler-430,kepler-430,Transit,transit,2015,2015,false,2010s,35.968,3.25,10.6,667.0,917.477,292.8085984,49.5794242
Kepler-385 c,Kepler-385,kepler-385,Transit,transit,2014,2014,false,2010s,15.163161,3.04,13.2,829.0,1432.61,294.3385109,50.3365178
Kepler-1113 b,Kepler-1113,kepler-1113,Transit,transit,2016,2016,false,2010s,42.3004954,2.81,8.3,558.0,1073.88,289.4066969,39.338813
Kepler-60 b,Kepler-60,kepler-60,Transit,transit,2012,2012,false,2010s,7.1334,1.71,4.19,1102.0,1025.1,288.9612535,42.2650472
Kepler-104 d,Kepler-104,kepler-104,Transit,transit,2014,2014,false,2010s,51.755394,3.58,5.54022107,515.0,400.785,287.6046621,42.1665104
Kepler-100 b,Kepler-100,kepler-100,Transit,transit,2014,2014,false,2010s,6.88734,1.34,4.01,1155.0,304.645,291.3861294,41.9901394
Kepler-1190 b,Kepler-1190,kepler-1190,Transit,transit,2016,2016,false,2010s,10.45843441,1.33,2.33,609.0,342.509,284.9996582,49.4799506
Kepler-1211 b,Kepler-1211,kepler-1211,Transit,transit,2016,2016,false,2010s,11.01816836,2.55,7.04,840.0,1826.53,285.7207618,40.8569116
Kepler-182 b,Kepler-182,kepler-182,Transit,transit,2014,2014,false,2010s,9.825792,2.58,7.18,935.0,1549.09,289.8301128,50.5862025
Kepler-514 b,Kepler-514,kepler-514,Transit,transit,2016,2016,false,2010s,5.65179605,1.72,3.61,1248.0,455.336,286.2471739,50.2423694
Kepler-515 b,Kepler-515,kepler-515,Transit,transit,2016,2016,false,2010s,19.96371318,1.46,2.73,564.0,255.0,290.493913,52.055611
Kepler-1143 b,Kepler-1143,kepler-1143,Transit,transit,2016,2016,false,2010s,2.888904849,1.67,3.43,976.0,555.189,287.302772,39.2896399
Kepler-110 c,Kepler-110,kepler-110,Transit,transit,2014,2014,false,2010s,31.719775,2.21,5.52,743.0,586.531,292.9291693,48.6028303
Kepler-1088 b,Kepler-1088,kepler-1088,Transit,transit,2016,2016,false,2010s,23.12748644,1.42,2.6,667.0,280.629,281.5614578,42.4504087
Kepler-362 c,Kepler-362,kepler-362,Transit,transit,2014,2014,false,2010s,37.866281,1.45,2.7,543.0,1090.51,291.771603,47.5299192
Kepler-1145 b,Kepler-1145,kepler-1145,Transit,transit,2016,2016,false,2010s,3.97076766,1.4,2.54,958.0,691.961,295.3081524,43.0444026
Kepler-1242 b,Kepler-1242,kepler-1242,Transit,transit,2016,2016,false,2010s,13.62798432,2.26,5.73,639.0,687.615,284.6062174,41.196344
Kepler-1302 b,Kepler-1302,kepler-1302,Transit,transit,2016,2016,false,2010s,8.83922659,1.43,2.63,778.0,634.58,290.9892462,50.308064
Kepler-401 b,Kepler-401,kepler-401,Transit,transit,2014,2014,false,2010s,14.383035,1.71,3.57,889.0,965.56,290.0827494,50.8634361
Kepler-1193 b,Kepler-1193,kepler-1193,Transit,transit,2016,2016,false,2010s,2.832652134,1.32,2.3,1453.0,802.116,288.1447323,51.2756446
Kepler-144 c,Kepler-144,kepler-144,Transit,transit,2014,2014,false,2010s,10.104665,1.35,2.39,1046.0,384.917,281.9156128,42.7755535
Kepler-519 b,Kepler-519,kepler-519,Transit,transit,2016,2016,false,2010s,24.3078946,2.1,5.06,532.0,246.61,299.3196708,41.3847447
Kepler-167 d,Kepler-167,kepler-167,Transit,transit,2016,2016,false,2010s,21.80379,1.238,2.06,538.0,341.908,292.6585253,38.3455558
Kepler-395 c,Kepler-395,kepler-395,Transit,transit,2014,2014,false,2010s,34.989262,1.32,2.3,341.0,421.382,293.5111889,45.1366252
Kepler-206 b,Kepler-206,kepler-206,Transit,transit,2014,2014,false,2010s,7.781987,1.2,1.87,983.0,594.447,291.6346564,41.8338415
Kepler-1091 b,Kepler-1091,kepler-1091,Transit,transit,2016,2016,false,2010s,1.434741564,1.46,2.73,1664.0,914.299,299.7854426,43.6707235
Kepler-380 b,Kepler-380,kepler-380,Transit,transit,2014,2014,false,2010s,3.930821,1.19,1.81,1317.0,813.713,282.3947017,48.7591334
Kepler-1267 b,Kepler-1267,kepler-1267,Transit,transit,2016,2016,false,2010s,13.0313945,3.01,9.32,774.0,1379.43,299.1695093,43.4410533
Kepler-1282 b,Kepler-1282,kepler-1282,Transit,transit,2016,2016,false,2010s,2.131946513,1.55,3.02,1418.0,1103.29,290.1761688,46.6983036
Kepler-1353 b,Kepler-1353,kepler-1353,Transit,transit,2016,2016,false,2010s,24.7543966,1.8,3.89,491.0,593.384,295.7353911,42.5762317
Kepler-116 c,Kepler-116,kepler-116,Transit,transit,2014,2014,false,2010s,13.07163,2.3,5.9,964.0,955.168,294.7420605,43.5367842
Kepler-145 b,Kepler-145,kepler-145,Transit,transit,2013,2013,false,2010s,22.951,2.65,37.1,873.0,566.85,291.3877397,44.5290465
Kepler-403 b,Kepler-403,kepler-403,Transit,transit,2014,2014,false,2010s,7.031462,1.25,2.1,1194.0,840.269,289.9214256,46.7445267
Kepler-957 b,Kepler-957,kepler-957,Transit,transit,2016,2016,false,2010s,5.907413537,5.5,25.9,769.0,824.688,290.1563633,48.818971
Kepler-85 b,Kepler-85,kepler-85,Transit,transit,2012,2012,false,2010s,8.3,1.778,1.84,809.0,765.025,290.9734395,45.2902761
Kepler-36 c,Kepler-36,kepler-36,Transit,transit,2012,2012,false,2010s,16.21865,3.679,7.13,928.0,527.956,291.2501859,49.2318073
Kepler-510 b,Kepler-510,kepler-510,Transit,transit,2016,2016,false,2010s,19.55659418,2.47,6.66,797.0,386.177,287.6550196,39.2441716
Kepler-1250 b,Kepler-1250,kepler-1250,Transit,transit,2016,2016,false,2010s,2.607543834,1.92,4.35,1431.0,2126.85,287.7938184,45.9802492
Kepler-51 d,Kepler-51,kepler-51,Transit,transit,2014,2014,false,2010s,130.194,9.7,7.6,381.0,783.831,296.4797624,49.9376486
Kepler-285 c,Kepler-285,kepler-285,Transit,transit,2014,2014,false,2010s,6.186676,1.12,1.46,851.0,824.31,291.3908469,48.0655392
Kepler-161 c,Kepler-161,kepler-161,Transit,transit,2014,2014,false,2010s,7.06424,2.05,3.61,769.0,434.632,290.5164698,43.0838642
Kepler-187 b,Kepler-187,kepler-187,Transit,transit,2014,2014,false,2010s,4.938864,1.41,2.57,1244.0,1143.0,299.7964955,44.0892448
Kepler-367 b,Kepler-367,kepler-367,Transit,transit,2014,2014,false,2010s,37.815724,1.3,2.24,401.0,188.027,297.292558,49.9817499
Kepler-384 b,Kepler-384,kepler-384,Transit,transit,2014,2014,false,2010s,22.597053,1.12,1.46,670.0,895.678,286.0261113,44.7828571
Kepler-172 d,Kepler-172,kepler-172,Transit,transit,2014,2014,false,2010s,14.627119,2.25,5.69,736.0,828.592,283.3684093,41.821839
Kepler-1272 b,Kepler-1272,kepler-1272,Transit,transit,2016,2016,false,2010s,51.1309704,2.37,6.21,542.0,1206.37,285.2197605,38.8058393
Kepler-1312 b,Kepler-1312,kepler-1312,Transit,transit,2016,2016,false,2010s,5.448325286,2.1,5.06,978.0,299.104,292.9712801,41.0357494
Kepler-1336 b,Kepler-1336,kepler-1336,Transit,transit,2016,2016,false,2010s,23.198681,1.98,4.58,793.0,1126.64,296.2776587,46.8998006
Kepler-1313 b,Kepler-1313,kepler-1313,Transit,transit,2016,2016,false,2010s,3.833091178,1.76,3.75,1012.0,174.234,292.388582,42.2332767
Kepler-114 d,Kepler-114,kepler-114,Transit,transit,2013,2013,false,2010s,11.776,2.53,3.9,446.0,259.533,294.121482,48.3497977
Kepler-293 c,Kepler-293,kepler-293,Transit,transit,2014,2014,false,2010s,54.155743,3.83,14.0,466.0,974.633,286.3580611,42.4064917
Kepler-370 c,Kepler-370,kepler-370,Transit,transit,2014,2014,false,2010s,19.02293,1.91,4.31,647.0,1167.94,292.1710683,40.9162381
Kepler-1142 b,Kepler-1142,kepler-1142,Transit,transit,2016,2016,false,2010s,18.3027248,1.47,2.76,902.0,1273.51,292.7144796,44.0822816
Kepler-349 c,Kepler-349,kepler-349,Transit,transit,2014,2014,false,2010s,12.247629,1.96,4.5,763.0,940.724,293.6764689,44.6155972
Kepler-1155 b,Kepler-1155,kepler-1155,Transit,transit,2016,2016,false,2010s,33.469743,2.03,4.78,609.0,1128.72,288.8206058,39.5228712
Kepler-481 b,Kepler-481,kepler-481,Transit,transit,2016,2016,false,2010s,10.06082567,2.5,6.8,899.0,813.724,291.9069862,49.262076
Kepler-1162 b,Kepler-1162,kepler-1162,Transit,transit,2016,2016,false,2010s,32.5637069,2.21,5.52,490.0,940.211,283.2920273,45.4339813
Kepler-1163 b,Kepler-1163,kepler-1163,Transit,transit,2016,2016,false,2010s,6.11786898,1.03,1.08,1211.0,478.647,290.235863,50.0300654
Kepler-530 b,Kepler-530,kepler-530,Transit,transit,2016,2016,false,2010s,39.30941904,3.01,9.32,488.0,457.709,283.3402948,48.549062
Kepler-292 b,Kepler-292,kepler-292,Transit,transit,2014,2014,false,2010s,2.580827,1.32,2.3,1130.0,1056.48,295.7661979,42.4242822
Kepler-85 d,Kepler-85,kepler-85,Transit,transit,2014,2014,false,2010s,17.91323,1.2,8.69679,626.0,765.025,290.9734395,45.2902761
Kepler-357 d,Kepler-357,kepler-357,Transit,transit,2014,2014,false,2010s,49.499875,3.43,11.6,402.0,688.573,291.2429746,44.0086337
Kepler-1390 b,Kepler-1390,kepler-1390,Transit,transit,2016,2016,false,2010s,6.48021673,1.18,1.76,934.0,723.431,298.6624419,48.2488659
Kepler-355 b,Kepler-355,kepler-355,Transit,transit,2014,2014,false,2010s,11.03189,1.46,2.73,840.0,1432.17,285.7994917,42.8117427
Kepler-331 b,Kepler-331,kepler-331,Transit,transit,2014,2014,false,2010s,8.457496,1.82,3.97,540.0,580.119,291.8343455,39.3073462
Kepler-350 c,Kepler-350,kepler-350,Transit,transit,2013,2013,false,2010s,17.849,3.1,6.1,888.0,956.859,285.4195845,39.7061009
Kepler-55 c,Kepler-55,kepler-55,Transit,transit,2012,2012,false,2010s,42.1516418,2.21,69.8,349.0,578.796,285.1683291,44.0264898
Kepler-1370 b,Kepler-1370,kepler-1370,Transit,transit,2016,2016,false,2010s,20.2641684,1.84,4.04,770.0,1004.1,284.5656897,41.7784781
Kepler-417 b,Kepler-417,kepler-417,Transit Timing Variations,transit timing variations,2014,2014,false,2010s,12.331,2.31,11.0,671.0,973.989,293.8241813,42.779648
Kepler-363 c,Kepler-363,kepler-363,Transit,transit,2014,2014,false,2010s,7.542427,1.69,66.4,1054.0,762.596,283.1920779,41.3054172
Kepler-1032 b,Kepler-1032,kepler-1032,Transit,transit,2016,2016,false,2010s,3.290117953,1.87,4.16,802.0,673.01,289.9308779,40.0977109
Kepler-272 b,Kepler-272,kepler-272,Transit,transit,2014,2014,false,2010s,2.971353,1.43,78.0,1200.0,889.608,299.1275257,47.5938319
Kepler-970 b,Kepler-970,kepler-970,Transit,transit,2016,2016,false,2010s,16.736525,2.609,7.31,464.0,331.545,289.6252192,40.7087351
Kepler-1375 b,Kepler-1375,kepler-1375,Transit,transit,2016,2016,false,2010s,3.3004192,1.74,3.68,1543.0,1430.84,296.2935173,43.4032189
Kepler-125 c,Kepler-125,kepler-125,Transit,transit,2014,2014,false,2010s,5.774464,0.74,0.33,529.0,183.365,298.2581101,47.6050031
Kepler-1059 b,Kepler-1059,kepler-1059,Transit,transit,2016,2016,false,2010s,3.764191048,1.73,3.64,908.0,713.167,289.2202147,41.7064385
Kepler-237 b,Kepler-237,kepler-237,Transit,transit,2014,2014,false,2010s,4.715106,1.41,2.57,823.0,657.822,283.2213438,40.421762
K2-79 b,K2-79,k2-79,Transit,transit,2016,2016,false,2010s,10.9947,4.09,9.2,1022.0,256.011,55.2559307,13.5191871
Kepler-107 c,Kepler-107,kepler-107,Transit,transit,2014,2014,false,2010s,4.901452,1.597,10.0,1378.0,525.997,297.028162,48.2086019
Kepler-266 c,Kepler-266,kepler-266,Transit,transit,2014,2014,false,2010s,107.723601,3.89,14.4,421.0,1370.79,294.4843821,44.1669355
Kepler-107 b,Kepler-107,kepler-107,Transit,transit,2014,2014,false,2010s,3.1800218,1.536,3.8,1592.0,525.997,297.028162,48.2086019
Kepler-985 b,Kepler-985,kepler-985,Transit,transit,2016,2016,false,2010s,116.331901,2.98,9.17,323.0,679.361,290.144339,44.0498808
Kepler-127 d,Kepler-127,kepler-127,Transit,transit,2014,2014,false,2010s,48.630408,2.64,7.46,590.0,352.794,285.1899439,46.0280596
Kepler-275 d,Kepler-275,kepler-275,Transit,transit,2014,2014,false,2010s,35.676062,3.33,11.1,671.0,2034.25,292.4797004,38.5149018
Kepler-335 b,Kepler-335,kepler-335,Transit,transit,2014,2014,false,2010s,6.562331,3.39,11.4,1290.0,1278.97,296.0642944,45.4285986
Kepler-344 b,Kepler-344,kepler-344,Transit,transit,2014,2014,false,2010s,21.963945,2.61,7.32,643.0,1002.94,292.4996101,46.3243406
Kepler-969 b,Kepler-969,kepler-969,Transit,transit,2016,2016,false,2010s,34.1731714,2.07,4.94,465.0,390.354,288.3724989,47.9335642
Kepler-329 c,Kepler-329,kepler-329,Transit,transit,2014,2014,false,2010s,18.684737,1.93,4.38,402.0,439.719,299.2681646,45.2272852
Kepler-325 b,Kepler-325,kepler-325,Transit,transit,2014,2014,false,2010s,4.544439,2.91,8.8,1017.0,823.242,289.8354219,49.825607
Kepler-365 b,Kepler-365,kepler-365,Transit,transit,2014,2014,false,2010s,10.664903,2.04,4.82,865.0,1038.99,295.626564,49.130411
Kepler-1069 b,Kepler-1069,kepler-1069,Transit,transit,2016,2016,false,2010s,23.8990296,1.6,3.19,823.0,695.967,290.9792378,47.9889097
Kepler-345 b,Kepler-345,kepler-345,Transit,transit,2014,2014,false,2010s,7.415563,0.74,0.48,622.0,260.0,295.2288521,45.9710432
Kepler-382 c,Kepler-382,kepler-382,Transit,transit,2014,2014,false,2010s,12.162701,1.59,3.15,882.0,935.446,299.1362435,45.8699582
Kepler-544 b,Kepler-544,kepler-544,Transit,transit,2016,2016,false,2010s,21.41616926,2.12,5.14,748.0,963.18,294.0290734,39.0517893
Kepler-240 c,Kepler-240,kepler-240,Transit,transit,2014,2014,false,2010s,7.953528,2.2,102.3,696.0,746.927,291.1587635,40.7502108
Kepler-332 c,Kepler-332,kepler-332,Transit,transit,2014,2014,false,2010s,15.995622,1.09,1.32,550.0,344.19,286.6627811,47.4136938
Kepler-424 b,Kepler-424,kepler-424,Transit,transit,2014,2014,false,2010s,3.3118644,9.98,327.35,1116.0,698.646,298.6249797,48.57745
Kepler-207 b,Kepler-207,kepler-207,Transit,transit,2014,2014,false,2010s,1.611865,1.57,3.09,1930.0,875.519,290.0305195,42.1660555
Kepler-219 c,Kepler-219,kepler-219,Transit,transit,2014,2014,false,2010s,22.714613,3.58,12.5,766.0,787.07,288.7389481,46.7625929
Kepler-223 c,Kepler-223,kepler-223,Transit,transit,2014,2014,false,2010s,9.84564,3.44,5.1,947.0,1859.71,298.3183909,47.2794824
Kepler-402 e,Kepler-402,kepler-402,Transit,transit,2014,2014,false,2010s,11.242861,1.46,2.73,931.0,625.339,288.3701976,43.3546109
Kepler-168 c,Kepler-168,kepler-168,Transit,transit,2014,2014,false,2010s,13.193242,2.69,7.7,862.0,1343.6,294.7101832,39.8250437
Kepler-634 b,Kepler-634,kepler-634,Transit,transit,2016,2016,false,2010s,5.16950177,1.89,4.23,1309.0,888.027,291.19509,40.7027352
Kepler-238 d,Kepler-238,kepler-238,Transit,transit,2014,2014,false,2010s,13.233549,3.07,23.1,888.0,1798.75,287.8971066,40.6378141
Kepler-224 d,Kepler-224,kepler-224,Transit,transit,2014,2014,false,2010s,11.349393,2.3,5.9,610.0,782.088,290.9342679,47.3575414
Kepler-30 b,Kepler-30,kepler-30,Transit,transit,2012,2012,false,2010s,29.33434,3.9,11.3,524.0,914.221,285.2836483,38.9472625
Kepler-1499 b,Kepler-1499,kepler-1499,Transit,transit,2016,2016,false,2010s,44.2008,1.19,1.81,409.0,309.869,283.986348,41.6505091
Kepler-850 b,Kepler-850,kepler-850,Transit,transit,2016,2016,false,2010s,7.19303878,1.78,3.82,995.0,1661.28,293.0844515,48.5753645
HIP 79098 AB b,HIP 79098 AB,hip 79098 ab,Imaging,imaging,2019,2019,false,2010s,,12.1,6515.515,2450.0,145.798,242.1821202,-23.6855244
Kepler-851 b,Kepler-851,kepler-851,Transit,transit,2016,2016,false,2010s,8.50699658,1.68,3.46,900.0,839.255,294.6802199,49.1401106
Kepler-241 c,Kepler-241,kepler-241,Transit,transit,2014,2014,false,2010s,36.065978,2.57,7.13,397.0,512.0,292.9131121,41.0609786
Kepler-249 b,Kepler-249,kepler-249,Transit,transit,2014,2014,false,2010s,3.306539,1.09,1.32,554.0,190.401,296.9853002,43.6586043
Kepler-325 d,Kepler-325,kepler-325,Transit,transit,2014,2014,false,2010s,38.715185,2.79,8.2,498.0,823.242,289.8354219,49.825607
Kepler-149 b,Kepler-149,kepler-149,Transit,transit,2014,2014,false,2010s,29.198943,4.21,16.5,540.0,571.034,285.8537014,38.3840916
Kepler-1473 b,Kepler-1473,kepler-1473,Transit,transit,2016,2016,false,2010s,14.4273551,1.19,1.81,783.0,652.253,290.6365144,48.9961494
Kepler-1501 b,Kepler-1501,kepler-1501,Transit,transit,2016,2016,false,2010s,14.5564533,1.56,3.05,787.0,749.06,289.918589,42.001428
EPIC 212737443 c,EPIC 212737443,epic 212737443,Transit,transit,2019,2019,false,2010s,65.55,2.69,7.7,316.0,336.25,204.2215065,-7.3180577
Kepler-476 b,Kepler-476,kepler-476,Transit,transit,2016,2016,false,2010s,14.00640607,3.08,9.69,807.0,813.535,295.1637592,43.9630716
DE CVn b,DE CVn,de cvn,Eclipse Timing Variations,eclipse timing variations,2018,2018,false,2010s,4098.1,12.4,3823.27330161,,30.5225,201.7207198,45.5455449
Kepler-838 b,Kepler-838,kepler-838,Transit,transit,2016,2016,false,2010s,15.74957994,2.73,7.9,777.0,1104.04,285.4354695,45.975959
TRAPPIST-1 b,TRAPPIST-1,trappist-1,Transit,transit,2016,2016,false,2010s,1.510826,1.116,1.374,397.6,12.42988881,346.6263919,-5.0434618
HATS-30 b,HATS-30,hats-30,Transit,transit,2016,2016,false,2010s,3.1743516,13.170575,224.38798,1414.0,342.14,5.618525,-59.9425892
Kepler-238 e,Kepler-238,kepler-238,Transit,transit,2013,2013,false,2010s,23.654,5.6,169.7,731.0,1798.75,287.8971066,40.6378141
Kepler-342 c,Kepler-342,kepler-342,Transit,transit,2014,2014,false,2010s,26.234138,1.96,4.5,754.0,781.611,292.6780488,46.7266813
Kepler-106 c,Kepler-106,kepler-106,Transit,transit,2014,2014,false,2010s,13.5708,2.5,10.44,785.0,444.322,300.864006,44.3375497
Kepler-837 b,Kepler-837,kepler-837,Transit,transit,2016,2016,false,2010s,16.56059504,2.56,7.08,701.0,901.907,285.2467607,45.95011
Kepler-273 c,Kepler-273,kepler-273,Transit,transit,2014,2014,false,2010s,8.014927,1.98,4.58,865.0,713.964,291.3021458,47.6976573
Kepler-1391 b,Kepler-1391,kepler-1391,Transit,transit,2016,2016,false,2010s,54.4092333,1.68,3.46,513.0,1038.35,294.8309749,46.6595768
Kepler-1543 b,Kepler-1543,kepler-1543,Transit,transit,2016,2016,false,2010s,6.96710269,2.71,7.8,1774.0,921.784,297.1242915,47.0369876
Kepler-1580 b,Kepler-1580,kepler-1580,Transit,transit,2016,2016,false,2010s,56.6449279,2.11,5.1,733.0,1002.02,285.9687099,41.3635264
Kepler-621 b,Kepler-621,kepler-621,Transit,transit,2016,2016,false,2010s,2.628113746,2.3,5.9,737.0,389.0,290.927245,39.9141166
Kepler-150 c,Kepler-150,kepler-150,Transit,transit,2014,2014,false,2010s,7.381998,3.69,13.2,876.0,891.092,288.2341025,40.520897
Kepler-1476 b,Kepler-1476,kepler-1476,Transit,transit,2016,2016,false,2010s,10.35863224,1.67,3.43,860.0,1002.74,284.5320743,43.9898971
Kepler-1513 b,Kepler-1513,kepler-1513,Transit,transit,2016,2016,false,2010s,160.8842,8.594,48.30991786,346.0,349.247,289.7917561,39.2852655
GJ 682 c,GJ 682,gj 682,Radial Velocity,radial velocity,2014,2014,false,2010s,57.32,2.89,8.7,,5.00671,264.2610245,-44.3232519
7 CMa c,7 CMa,7 cma,Radial Velocity,radial velocity,2019,2019,false,2010s,996.0,13.9,276.5121,,19.8101,99.171276,-19.2561808
Kepler-301 b,Kepler-301,kepler-301,Transit,transit,2014,2014,false,2010s,2.508553,1.35,2.39,1278.0,719.166,283.982904,49.2329512
Kepler-327 c,Kepler-327,kepler-327,Transit,transit,2014,2014,false,2010s,5.212333,1.03,20.3,537.0,241.987,292.6422963,44.0876251
Kepler-329 b,Kepler-329,kepler-329,Transit,transit,2014,2014,false,2010s,7.416397,1.4,2.54,547.0,439.719,299.2681646,45.2272852
Kepler-336 c,Kepler-336,kepler-336,Transit,transit,2014,2014,false,2010s,9.600001,2.1,5.06,967.0,768.86,290.2376224,41.3313637
Kepler-1392 b,Kepler-1392,kepler-1392,Transit,transit,2016,2016,false,2010s,15.1410397,1.96,4.5,714.0,1117.0,288.7669819,46.3944497
WASP-167 b,WASP-167,wasp-167,Transit,transit,2017,2017,false,2010s,2.0219596,17.71022,2542.64,2329.0,423.552,196.0437932,-35.5495292
Kepler-299 c,Kepler-299,kepler-299,Transit,transit,2014,2014,false,2010s,6.885875,2.65,7.51,946.0,1052.24,283.2070156,48.5805222
Kepler-304 e,Kepler-304,kepler-304,Transit,transit,2016,2016,false,2010s,1.499146953,1.2,1.87,1137.0,434.684,294.4418031,40.5575408
Kepler-341 e,Kepler-341,kepler-341,Transit,transit,2014,2014,false,2010s,42.473269,1.99,4.62,539.0,1047.03,289.8615609,43.4727412
Kepler-341 b,Kepler-341,kepler-341,Transit,transit,2014,2014,false,2010s,5.195528,1.18,1.76,1085.0,1047.03,289.8615609,43.4727412
Kepler-80 b,Kepler-80,kepler-80,Transit,transit,2012,2012,false,2010s,7.05246,2.67,6.93,547.0,369.451,296.1125759,39.9787451
Kepler-94 b,Kepler-94,kepler-94,Transit,transit,2014,2014,false,2010s,2.50806,3.51,10.84,997.0,191.904,281.1947316,47.4972606
Kepler-305 c,Kepler-305,kepler-305,Transit,transit,2013,2013,false,2010s,8.291,3.3,6.0,728.0,868.477,299.2242557,40.343167
Kepler-279 d,Kepler-279,kepler-279,Transit,transit,2013,2013,false,2010s,54.414,3.1,37.5,574.0,1037.4,287.391295,42.194822
Kepler-770 c,Kepler-770,kepler-770,Transit,transit,2016,2016,false,2010s,1.475322314,1.2,1.87,2740.0,930.457,286.4904589,38.374872
Kepler-1397 b,Kepler-1397,kepler-1397,Transit,transit,2016,2016,false,2010s,47.449955,1.72,3.61,551.0,1198.25,299.6758812,47.0758234
Kepler-169 d,Kepler-169,kepler-169,Transit,transit,2014,2014,false,2010s,8.348125,1.25,2.1,702.0,406.529,285.9999204,40.9193822
Kepler-438 b,Kepler-438,kepler-438,Transit,transit,2015,2015,false,2010s,35.23319,1.12,1.46,288.0,195.94287175,281.6457236,41.9510686
Kepler-201 b,Kepler-201,kepler-201,Transit,transit,2014,2014,false,2010s,25.672083,2.46,6.62,683.0,636.445,293.626059,41.2728004
Kepler-298 b,Kepler-298,kepler-298,Transit,transit,2014,2014,false,2010s,10.475464,1.96,4.5,540.0,518.204,283.0398448,48.8253303
Kepler-101 b,Kepler-101,kepler-101,Transit,transit,2014,2014,false,2010s,3.4876812,5.77,51.1,1513.0,927.981,283.255507,48.3552474
Kepler-295 d,Kepler-295,kepler-295,Transit,transit,2014,2014,false,2010s,33.884054,1.36,2.42,533.0,1699.19,285.3458383,45.3677754
Kepler-295 c,Kepler-295,kepler-295,Transit,transit,2014,2014,false,2010s,21.526258,1.17,1.71,621.0,1699.19,285.3458383,45.3677754
Kepler-1547 b,Kepler-1547,kepler-1547,Transit,transit,2016,2016,false,2010s,0.692979676,0.9,0.666,3186.0,674.695,283.7640396,42.2220992
Kepler-1620 b,Kepler-1620,kepler-1620,Transit,transit,2016,2016,false,2010s,101.951829,1.61,3.22,428.0,895.069,297.2709026,46.9284743
Kepler-69 c,Kepler-69,kepler-69,Transit,transit,2013,2013,false,2010s,242.4613,1.71,3.57,299.0,730.625,293.2609013,44.8688656
Kepler-431 b,Kepler-431,kepler-431,Transit,transit,2015,2015,false,2010s,6.803,0.764,0.37,1032.0,486.546,281.1123072,43.2277663
Kepler-1609 b,Kepler-1609,kepler-1609,Transit,transit,2016,2016,false,2010s,114.34219,2.22,5.56,429.0,1826.04,290.1465356,39.6658026
Kepler-1047 c,Kepler-1047,kepler-1047,Transit,transit,2016,2016,false,2010s,3.18897601,0.99,0.937,1309.0,817.647,288.6462564,50.7889645
K2-133 b,K2-133,k2-133,Transit,transit,2017,2017,false,2010s,3.07133,1.34,2.36,,75.1703,70.1493775,25.0098135
Kepler-84 f,Kepler-84,kepler-84,Transit,transit,2014,2014,false,2010s,44.552169,2.2,5.48,572.0,1023.9,298.2520208,40.4960842
Kepler-117 c,Kepler-117,kepler-117,Transit,transit,2014,2014,false,2010s,50.790391,12.341,584.78,704.0,1455.57,288.7930651,48.040176
Kepler-1550 b,Kepler-1550,kepler-1550,Transit,transit,2016,2016,false,2010s,225.582809,3.02,9.38,348.0,1179.01,287.7646113,38.2947076
Kepler-443 b,Kepler-443,kepler-443,Transit,transit,2015,2015,false,2010s,177.6693,2.33,6.04,233.0,802.271,288.6104839,49.9685458
HATS-4 b,HATS-4,hats-4,Transit,transit,2014,2014,false,2010s,2.516729,11.433,420.471,1315.0,416.459,94.1120914,-22.5468824
Kepler-294 c,Kepler-294,kepler-294,Transit,transit,2014,2014,false,2010s,6.6264,2.71,7.8,895.0,1357.01,287.3920392,46.0592578
Kepler-92 d,Kepler-92,kepler-92,Transit,transit,2015,2015,false,2010s,49.3568,2.067,11.8666806,637.0,477.992,289.0860607,41.5630224
Kepler-1429 b,Kepler-1429,kepler-1429,Transit,transit,2016,2016,false,2010s,4.48487493,1.29,2.21,1199.0,1214.09,285.3662532,49.0448172
Kepler-274 c,Kepler-274,kepler-274,Transit,transit,2014,2014,false,2010s,33.197861,1.84,4.04,678.0,1333.62,292.9227926,38.4772173
Kepler-1489 b,Kepler-1489,kepler-1489,Transit,transit,2016,2016,false,2010s,82.294751,1.77,3.78,400.0,1283.05,281.2957984,44.4654063
KELT-4 A b,KELT-4 A,kelt-4 a,Transit,transit,2016,2016,false,2010s,2.9895932,19.044091,286.68266,1823.0,218.05,157.06262,25.5731366
Kepler-1492 b,Kepler-1492,kepler-1492,Transit,transit,2016,2016,false,2010s,16.75255007,1.49,2.83,801.0,331.553,288.5970695,41.0363254
Kepler-292 f,Kepler-292,kepler-292,Transit,transit,2014,2014,false,2010s,20.834237,2.35,6.12,563.0,1056.48,295.7661979,42.4242822
Kepler-1410 b,Kepler-1410,kepler-1410,Transit,transit,2016,2016,false,2010s,60.866168,1.78,3.82,290.0,367.0,290.5102933,38.743501
Kepler-575 b,Kepler-575,kepler-575,Transit,transit,2016,2016,false,2010s,9.37891944,2.39,6.3,803.0,853.977,286.9638856,37.8296147
Kepler-1434 b,Kepler-1434,kepler-1434,Transit,transit,2016,2016,false,2010s,8.05333618,1.11,1.41,1320.0,775.529,295.5384415,51.2030002
Kepler-1653 b,Kepler-1653,kepler-1653,Transit,transit,2017,2017,false,2010s,140.2524,2.17,5.35,284.0,755.0,296.457702,41.266021
Kepler-627 b,Kepler-627,kepler-627,Transit,transit,2016,2016,false,2010s,40.6994443,3.73,13.4,685.0,984.307,292.1042198,39.7678585
Kepler-290 c,Kepler-290,kepler-290,Transit,transit,2014,2014,false,2010s,36.77031,2.7,7.75,437.0,694.627,286.4100307,42.6815137
Kepler-317 c,Kepler-317,kepler-317,Transit,transit,2014,2014,false,2010s,8.77501,1.72,3.61,837.0,940.584,294.9438822,39.0320499
Kepler-1411 b,Kepler-1411,kepler-1411,Transit,transit,2016,2016,false,2010s,86.1150888,2.82,8.35,441.0,1660.48,286.3615236,42.9638889
Kepler-1435 b,Kepler-1435,kepler-1435,Transit,transit,2016,2016,false,2010s,4.45343281,0.86,0.566,1331.0,704.211,291.1732806,44.9210836
Kepler-215 e,Kepler-215,kepler-215,Transit,transit,2014,2014,false,2010s,68.16101,1.75,3.71,405.0,485.997,294.9735313,45.2136867
Kepler-1576 b,Kepler-1576,kepler-1576,Transit,transit,2016,2016,false,2010s,6.98471973,1.04,1.12,1059.0,460.91,289.0739641,40.3660239
Kepler-1593 b,Kepler-1593,kepler-1593,Transit,transit,2016,2016,false,2010s,174.509835,3.17,10.2,260.0,638.249,300.4882018,44.4606698
Kepler-638 b,Kepler-638,kepler-638,Transit,transit,2016,2016,false,2010s,6.07972888,1.83,4.01,1111.0,991.214,284.9194213,41.6172093
WASP-141 b,WASP-141,wasp-141,Transit,transit,2016,2016,false,2010s,3.310651,13.56289,854.9627,1540.0,516.543,71.8244347,-17.1151736
Wolf 503 b,Wolf 503,wolf 503,Transit,transit,2018,2018,false,2010s,6.00127,2.043,6.26,790.0,44.526,206.8461979,-6.1393369
G 9-40 b,G 9-40,g 9-40,Transit,transit,2019,2019,false,2010s,5.7459982,1.9,4.0,440.6,27.9276,134.7188514,21.0747961
Kepler-401 c,Kepler-401,kepler-401,Transit,transit,2014,2014,false,2010s,47.318218,2.15,5.27,598.0,965.56,290.0827494,50.8634361
Kepler-1437 b,Kepler-1437,kepler-1437,Transit,transit,2016,2016,false,2010s,10.9295461,1.37,2.45,770.0,2101.69,291.8649164,49.325869
Kepler-220 b,Kepler-220,kepler-220,Transit,transit,2014,2014,false,2010s,4.159807,0.81,0.457,759.0,171.109,291.5060432,46.8956262
Kepler-703 b,Kepler-703,kepler-703,Transit,transit,2016,2016,false,2010s,4.583521756,8.2,51.1,1038.0,1156.83,299.1868586,41.742699
Kepler-1425 b,Kepler-1425,kepler-1425,Transit,transit,2016,2016,false,2010s,14.4541302,0.94,0.779,676.0,863.873,294.9510368,43.0124348
Kepler-1350 c,Kepler-1350,kepler-1350,Transit,transit,2016,2016,false,2010s,1.766789062,1.73,3.64,730.0,340.691,288.250611,46.6794847
Kepler-354 c,Kepler-354,kepler-354,Transit,transit,2014,2014,false,2010s,16.934402,1.31,2.27,508.0,554.064,285.7515347,41.3356739
Kepler-206 c,Kepler-206,kepler-206,Transit,transit,2014,2014,false,2010s,13.137471,1.77,3.78,825.0,594.447,291.6346564,41.8338415
Kepler-702 b,Kepler-702,kepler-702,Transit,transit,2016,2016,false,2010s,10.526294063,9.17,61.8,713.0,992.071,293.8781041,41.6617245
Kepler-439 b,Kepler-439,kepler-439,Transit,transit,2015,2015,false,2010s,178.1396,2.24,5.65,291.0,757.048,280.8015188,44.0339733
Kepler-639 b,Kepler-639,kepler-639,Transit,transit,2016,2016,false,2010s,10.21420496,2.38,6.26,957.0,850.242,292.1868271,41.726944
Kepler-171 b,Kepler-171,kepler-171,Transit,transit,2014,2014,false,2010s,4.166972,2.34,6.08,1053.0,863.855,296.7719082,41.7555958
Kepler-1526 b,Kepler-1526,kepler-1526,Transit,transit,2016,2016,false,2010s,3.908632005,2.43,6.48,787.0,555.574,285.1197266,38.8664618
Kepler-408 b,Kepler-408,kepler-408,Transit,transit,2014,2014,false,2010s,2.46502,0.82,5.0,1561.0,88.7832,284.7862158,48.4232622
GJ 143 b,GJ 143,gj 143,Transit,transit,2019,2019,false,2010s,35.61253,2.61,22.7,422.0,16.32,51.7501882,-63.500166
Kepler-935 b,Kepler-935,kepler-935,Transit,transit,2016,2016,false,2010s,4.88083852,1.35,2.39,879.0,471.782,295.0217193,46.6192011
Kepler-917 b,Kepler-917,kepler-917,Transit,transit,2016,2016,false,2010s,2.970414375,1.91,4.31,991.0,3460.51,299.0512562,47.9492677
Kepler-975 b,Kepler-975,kepler-975,Transit,transit,2016,2016,false,2010s,1.970342457,1.48,2.79,1599.0,426.088,290.54851,38.4952415
Kepler-1009 b,Kepler-1009,kepler-1009,Transit,transit,2016,2016,false,2010s,11.35011917,2.17,5.35,403.0,355.019,282.8598614,42.6658336
Kepler-1035 b,Kepler-1035,kepler-1035,Transit,transit,2016,2016,false,2010s,2.714077555,1.17,1.71,1301.0,562.116,289.042243,42.8824991
Kepler-322 c,Kepler-322,kepler-322,Transit,transit,2014,2014,false,2010s,4.337234,1.67,3.43,996.0,400.48,281.3487514,44.2952525
Kepler-949 b,Kepler-949,kepler-949,Transit,transit,2016,2016,false,2010s,8.689307296,2.91,8.8,782.0,486.105,298.6079128,46.45366
Kepler-66 b,Kepler-66,kepler-66,Transit,transit,2013,2013,false,2010s,17.815815,2.8,8.25,699.0,1202.96,293.9815378,46.687728
Kepler-479 b,Kepler-479,kepler-479,Transit,transit,2016,2016,false,2010s,12.49341307,2.12,5.14,649.0,344.901,291.0218899,37.7698734
KOI-351 d,KOI-351,koi-351,Transit,transit,2013,2013,false,2010s,59.73667,2.87,8.6,520.0,848.254,284.4334642,49.3051239
Kepler-908 b,Kepler-908,kepler-908,Transit,transit,2016,2016,false,2010s,1.340597468,1.22,1.98,1783.0,290.843,295.3225434,39.3764624
Kepler-473 b,Kepler-473,kepler-473,Transit,transit,2016,2016,false,2010s,14.55731705,4.08,15.6,879.0,905.937,286.6300796,38.9455907
Kepler-909 b,Kepler-909,kepler-909,Transit,transit,2016,2016,false,2010s,13.93290318,1.47,2.76,852.0,309.596,289.5063796,45.3709728
HATS-27 b,HATS-27,hats-27,Transit,transit,2016,2016,false,2010s,4.637038,16.8135,168.4499,1659.0,816.988,193.5524603,-46.5877159
Kepler-50 b,Kepler-50,kepler-50,Transit,transit,2012,2012,false,2010s,7.81254,1.71,8.9,1196.0,250.11,288.1009312,50.0336844
Kepler-162 b,Kepler-162,kepler-162,Transit,transit,2014,2014,false,2010s,6.919798,1.26,2.13,961.0,855.641,297.2789115,43.7239693
Kepler-176 b,Kepler-176,kepler-176,Transit,transit,2014,2014,false,2010s,5.433074,1.43,290.537,841.0,527.321,294.6679021,43.8532104
K2-189 c,K2-189,k2-189,Transit,transit,2018,2018,false,2010s,6.67932,2.31,5.95,877.0,242.113,203.6214411,-15.0365158
K2-126 b,K2-126,k2-126,Transit,transit,2017,2017,false,2010s,7.385655,1.97,4.54,601.0,102.953,203.5467021,-13.5769705
K2-110 b,K2-110,k2-110,Transit,transit,2017,2017,false,2010s,13.86375,2.592,15.9,638.0,116.474,207.3497402,-12.2849182
Kepler-193 c,Kepler-193,kepler-193,Transit,transit,2014,2014,false,2010s,50.697494,2.75,8.0,595.0,1009.1,296.4985951,46.5772484
Kepler-464 b,Kepler-464,kepler-464,Transit,transit,2016,2016,false,2010s,7.256965224,3.3,10.9,1163.0,667.604,294.8351052,48.9823204
Kepler-244 b,Kepler-244,kepler-244,Transit,transit,2014,2014,false,2010s,4.311792,2.76,8.05,1038.0,1036.49,287.242641,42.3014185
Kepler-183 b,Kepler-183,kepler-183,Transit,transit,2014,2014,false,2010s,5.687945,2.06,4.9,1088.0,1050.64,293.5308112,39.3159329
K2-193 b,K2-193,k2-193,Transit,transit,2018,2018,false,2010s,14.786889,3.95,14.8,739.0,411.923,205.2371043,-11.0093342
K2-197 b,K2-197,k2-197,Transit,transit,2018,2018,false,2010s,8.357881,2.56,7.08,848.0,247.637,202.3934779,-7.3739779
Kepler-180 c,Kepler-180,kepler-180,Transit,transit,2014,2014,false,2010s,41.885775,3.01,9.32,540.0,695.65,295.5712566,49.774514
Kepler-209 b,Kepler-209,kepler-209,Transit,transit,2014,2014,false,2010s,16.087845,2.26,5.73,668.0,576.946,291.1694567,42.6407281
Kepler-81 b,Kepler-81,kepler-81,Transit,transit,2012,2012,false,2010s,5.955,2.42,17.2,635.0,348.291,293.6369437,42.8248275
K2-198 d,K2-198,k2-198,Transit,transit,2019,2019,false,2010s,7.4500177,2.438,6.52,943.2,110.567,198.8436817,-6.4649888
Kepler-501 b,Kepler-501,kepler-501,Transit,transit,2016,2016,false,2010s,5.640677572,4.3,17.1,1125.0,1125.24,297.2014919,41.7301534
K2-198 c,K2-198,k2-198,Transit,transit,2019,2019,false,2010s,3.3596055,1.423,2.61,1229.9,110.567,198.8436817,-6.4649888
OGLE-2013-BLG-0132L b,OGLE-2013-BLG-0132L,ogle-2013-blg-0132l,Microlensing,microlensing,2017,2017,false,2010s,,11.6,92.0,,3900.0,269.764618,-28.4210281
Kepler-853 b,Kepler-853,kepler-853,Transit,transit,2016,2016,false,2010s,7.16892463,1.69,3.5,1187.0,568.676,283.936781,49.1102748
Kepler-883 b,Kepler-883,kepler-883,Transit,transit,2016,2016,false,2010s,12.98495573,1.78,3.82,818.0,627.455,286.433726,50.3002266
Kepler-54 b,Kepler-54,kepler-54,Transit,transit,2012,2012,false,2010s,8.0109434,2.1,0.98,453.0,271.701,294.7739245,43.0561976
Kepler-1631 b,Kepler-1631,kepler-1631,Transit,transit,2016,2016,false,2010s,4.09513932,1.35,2.39,1122.0,1305.99,294.6325781,43.8076687
Kepler-155 b,Kepler-155,kepler-155,Transit,transit,2014,2014,false,2010s,5.931194,2.09,5.02,614.0,293.499,288.4957831,51.0819286
Kepler-100 c,Kepler-100,kepler-100,Transit,transit,2014,2014,false,2010s,12.8159,2.2,7.05,939.0,304.645,291.3861294,41.9901394
OGLE-2017-BLG-1434L b,OGLE-2017-BLG-1434L,ogle-2017-blg-1434l,Microlensing,microlensing,2018,2018,false,2010s,,1.94,4.43,,860.0,268.2804667,-30.2456583
HAT-P-53 b,HAT-P-53,hat-p-53,Transit,transit,2015,2015,false,2010s,1.9616241,14.773462,471.65972,1778.0,666.802,21.8711012,38.9681137
Kepler-877 b,Kepler-877,kepler-877,Transit,transit,2016,2016,false,2010s,18.45847097,2.12,5.14,632.0,602.176,289.8591023,46.5227429
Kepler-1639 b,Kepler-1639,kepler-1639,Transit,transit,2016,2016,false,2010s,9.878482,2.58,7.18,1003.0,1031.31,283.068651,48.8021209
Kepler-559 b,Kepler-559,kepler-559,Transit,transit,2016,2016,false,2010s,17.58752333,3.61,12.7,706.0,776.708,296.6368878,43.8027948
Kepler-121 b,Kepler-121,kepler-121,Transit,transit,2014,2014,false,2010s,3.177422,2.34,6.08,997.0,510.523,286.1621273,39.6780204
Kepler-55 d,Kepler-55,kepler-55,Transit,transit,2014,2014,false,2010s,2.211099,1.59,3.15,931.0,578.796,285.1683291,44.0264898
Kepler-82 c,Kepler-82,kepler-82,Transit,transit,2012,2012,false,2010s,51.54,5.34,13.9,450.0,904.326,292.8733696,42.9661583
Kepler-561 c,Kepler-561,kepler-561,Transit,transit,2016,2016,false,2010s,5.350161983,2.68,7.65,989.0,621.378,293.7471107,45.1071981
Kepler-172 c,Kepler-172,kepler-172,Transit,transit,2014,2014,false,2010s,6.388996,2.86,8.55,970.0,828.592,283.3684093,41.821839
OGLE-2017-BLG-0173L b,OGLE-2017-BLG-0173L,ogle-2017-blg-0173l,Microlensing,microlensing,2018,2018,false,2010s,,1.62,3.269,,4705.0,267.970612,-29.2713604
Kepler-867 b,Kepler-867,kepler-867,Transit,transit,2016,2016,false,2010s,150.242127,4.64,19.4,327.0,1195.54,287.2852554,51.2499499
Kepler-187 c,Kepler-187,kepler-187,Transit,transit,2014,2014,false,2010s,10.640263,2.67,7.61,963.0,1143.0,299.7964955,44.0892448
Kepler-250 c,Kepler-250,kepler-250,Transit,transit,2014,2014,false,2010s,7.156804,2.28,5.82,782.0,760.585,289.5947633,44.1418114
Kepler-540 b,Kepler-540,kepler-540,Transit,transit,2016,2016,false,2010s,172.7049784,2.71,7.8,355.0,390.374,290.6249953,44.8737757
Kepler-1388 d,Kepler-1388,kepler-1388,Transit,transit,2016,2016,false,2010s,20.9568158,2.86,8.55,363.0,453.795,283.3360156,47.1744499
Kepler-1534 b,Kepler-1534,kepler-1534,Transit,transit,2016,2016,false,2010s,5.71668872,1.89,4.23,955.0,1107.0,292.395373,43.8691326
Kepler-215 b,Kepler-215,kepler-215,Transit,transit,2014,2014,false,2010s,9.360672,1.62,3.26,784.0,485.997,294.9735313,45.2136867
OGLE-2017-BLG-0373L b,OGLE-2017-BLG-0373L,ogle-2017-blg-0373l,Microlensing,microlensing,2018,2018,false,2010s,,14.0,127.0,,5915.0,269.3294067,-31.9517231
OGLE-2017-BLG-1140L b,OGLE-2017-BLG-1140L,ogle-2017-blg-1140l,Microlensing,microlensing,2018,2018,false,2010s,,13.5,505.0,,,266.883057,-24.5226669
Kepler-210 c,Kepler-210,kepler-210,Transit,transit,2014,2014,false,2010s,7.972513,3.62,12.8,497.0,232.75,292.5034196,43.0832188
Kepler-650 b,Kepler-650,kepler-650,Transit,transit,2016,2016,false,2010s,3.032145588,2.96,9.06,1507.0,884.378,289.0009451,45.1542968
Kepler-191 d,Kepler-191,kepler-191,Transit,transit,2016,2016,false,2010s,5.945041017,2.28,5.82,857.0,594.464,291.1833211,45.3230937
Kepler-304 b,Kepler-304,kepler-304,Transit,transit,2014,2014,false,2010s,3.295709,2.86,8.55,875.0,434.684,294.4418031,40.5575408
Kepler-49 b,Kepler-49,kepler-49,Transit,transit,2012,2012,false,2010s,7.2,2.579,9.77,509.0,311.222,292.2945208,40.5918123
Kepler-614 b,Kepler-614,kepler-614,Transit,transit,2016,2016,false,2010s,14.03491514,2.39,6.3,641.0,527.995,298.3848866,46.2759867
Kepler-258 b,Kepler-258,kepler-258,Transit,transit,2014,2014,false,2010s,13.19722,4.06,15.5,642.0,575.988,294.0684116,46.5791357
Kepler-259 b,Kepler-259,kepler-259,Transit,transit,2014,2014,false,2010s,8.115317,2.8,8.25,879.0,1002.14,288.2119707,46.6150461
PSR J1719-1438 b,PSR J1719-1438,psr j1719-1438,Pulsar Timing,pulsar timing,2011,2011,false,2010s,0.090706293,,382.8,,1200.0,259.7919708,-14.6336
MOA-2015-BLG-337L b,MOA-2015-BLG-337L,moa-2015-blg-337l,Microlensing,microlensing,2018,2018,false,2010s,,6.42,33.7,,7100.0,271.9487,-28.1702785
Kepler-84 b,Kepler-84,kepler-84,Transit,transit,2012,2012,false,2010s,8.726,2.23,40.0,985.0,1023.9,298.2520208,40.4960842
Kepler-310 c,Kepler-310,kepler-310,Transit,transit,2014,2014,false,2010s,56.47542,3.38,11.4,417.0,602.268,288.839278,46.9867472
Kepler-616 b,Kepler-616,kepler-616,Transit,transit,2016,2016,false,2010s,9.99761851,2.43,6.48,860.0,945.775,294.989137,46.8383058
Kepler-222 b,Kepler-222,kepler-222,Transit,transit,2014,2014,false,2010s,3.936981,3.16,10.1,1004.0,758.854,287.9060885,46.9377479
MOA-2011-BLG-293L b,MOA-2011-BLG-293L,moa-2011-blg-293l,Microlensing,microlensing,2012,2012,false,2010s,3000.0,12.9,1500.0,,7720.0,268.913958,-28.4768472
Kepler-905 b,Kepler-905,kepler-905,Transit,transit,2016,2016,false,2010s,5.082746517,1.41,2.57,928.0,529.268,290.0511468,46.7134077
Kepler-276 b,Kepler-276,kepler-276,Transit,transit,2014,2014,false,2010s,14.12841,2.87,731.209,739.0,1144.86,293.568197,39.0363123
Kepler-164 c,Kepler-164,kepler-164,Transit,transit,2014,2014,false,2010s,10.945723,2.73,7.9,881.0,890.758,287.7808115,47.6298453
Kepler-165 b,Kepler-165,kepler-165,Transit,transit,2014,2014,false,2010s,8.180848,2.32,5.99,716.0,560.885,280.69092,47.8096702
OGLE-2016-BLG-1067L b,OGLE-2016-BLG-1067L,ogle-2016-blg-1067l,Microlensing,microlensing,2019,2019,false,2010s,,14.3,140.0,,3730.0,273.2045,-27.0126389
Kepler-284 c,Kepler-284,kepler-284,Transit,transit,2014,2014,false,2010s,37.514456,2.61,7.32,478.0,1031.95,293.1465698,47.7297053
Kepler-277 c,Kepler-277,kepler-277,Transit,transit,2013,2013,false,2010s,33.006,3.36,64.2,778.0,976.643,286.5831894,39.0772582
Kepler-1629 b,Kepler-1629,kepler-1629,Transit,transit,2016,2016,false,2010s,3.87595807,0.77,0.381,1081.0,336.09,280.2066276,43.7743281
Kepler-663 b,Kepler-663,kepler-663,Transit,transit,2016,2016,false,2010s,4.99678284,2.6,7.27,917.0,1063.09,297.8082232,47.9466342
Kepler-227 b,Kepler-227,kepler-227,Transit,transit,2014,2014,false,2010s,9.488015,3.11,9.85,793.0,1083.06,291.9342748,48.141676
WISEP J121756.91+162640.2 A b,WISEP J121756.91+162640.2 A,wisep j121756.91+162640.2 a,Imaging,imaging,2012,2012,false,2010s,,10.468,6992.0,450.0,10.1,184.487125,16.4445
Kepler-290 b,Kepler-290,kepler-290,Transit,transit,2014,2014,false,2010s,14.589347,2.25,5.69,594.0,694.627,286.4100307,42.6815137
K2-35 c,K2-35,k2-35,Transit,transit,2016,2016,false,2010s,5.608352,1.93,4.38,766.0,252.596,170.1031027,1.2858679
Kepler-229 c,Kepler-229,kepler-229,Transit,transit,2014,2014,false,2010s,16.068638,4.92,21.5,600.0,826.265,286.9994758,48.3757867
K2-37 b,K2-37,k2-37,Transit,transit,2016,2016,false,2010s,4.4434,1.39,2.51,949.0,179.943,243.4509662,-24.7870527
K2-44 b,K2-44,k2-44,Transit,transit,2016,2016,false,2010s,5.657,2.433,6.5,1211.0,476.703,174.011661,-2.5209338
MOA-2011-BLG-322L b,MOA-2011-BLG-322L,moa-2011-blg-322l,Microlensing,microlensing,2013,2013,false,2010s,,12.4,3690.0,,7560.0,271.223333,-27.2209444
OGLE-2013-BLG-0911L b,OGLE-2013-BLG-0911L,ogle-2013-blg-0911l,Microlensing,microlensing,2019,2019,false,2010s,,12.5,3020.0,,3220.0,268.88325,-29.2538333
Kepler-302 b,Kepler-302,kepler-302,Transit,transit,2014,2014,false,2010s,30.184104,4.06,15.5,634.0,1402.58,294.3169307,43.6292436
Kepler-665 b,Kepler-665,kepler-665,Transit,transit,2016,2016,false,2010s,16.01310205,2.6,7.27,593.0,612.838,297.0255947,48.4785669
K2-289 b,K2-289,k2-289,Transit,transit,2019,2019,false,2010s,13.156969,9.1,61.0,753.0,274.3,246.6429443,-15.7925384
K2-62 b,K2-62,k2-62,Transit,transit,2016,2016,false,2010s,6.67199,2.02,4.74,666.0,112.467,334.3645089,-12.1874776
Kepler-84 c,Kepler-84,kepler-84,Transit,transit,2012,2012,false,2010s,12.883,2.36,20.2,865.0,1023.9,298.2520208,40.4960842
K2-66 b,K2-66,k2-66,Transit,transit,2016,2016,false,2010s,5.06963,2.49,21.3,1372.0,513.877,331.5266563,-10.7115362
K2-72 b,K2-72,k2-72,Transit,transit,2016,2016,false,2010s,5.577212,1.08,1.28,,66.4321,334.6227504,-9.6120084
K2-72 d,K2-72,k2-72,Transit,transit,2016,2016,false,2010s,7.760178,1.01,1.01,,66.4321,334.6227504,-9.6120084
K2-65 b,K2-65,k2-65,Transit,transit,2016,2016,false,2010s,12.6475,1.58,3.12,,72.2,333.2125206,-10.9261373
OGLE-2015-BLG-0966L b,OGLE-2015-BLG-0966L,ogle-2015-blg-0966l,Microlensing,microlensing,2016,2016,false,2010s,,4.86,21.0,,3300.0,268.75425,-29.0471111
Kepler-119 c,Kepler-119,kepler-119,Transit,transit,2014,2014,false,2010s,4.125103,0.92,0.721,1016.0,701.996,295.9463854,42.6588324
Kepler-133 b,Kepler-133,kepler-133,Transit,transit,2014,2014,false,2010s,8.129976,1.76,3.75,1041.0,653.6,297.2778906,48.3203542
K2-183 c,K2-183,k2-183,Transit,transit,2018,2018,false,2010s,10.787992,2.3,5.9,787.0,329.041,125.007177,14.0194586
K2-119 b,K2-119,k2-119,Transit,transit,2017,2017,false,2010s,7.727283,2.53,6.94,666.0,365.581,132.0098683,16.9017663
K2-86 b,K2-86,k2-86,Transit,transit,2016,2016,false,2010s,8.77683,1.96,4.5,,258.699,51.5531053,18.6355718
Kepler-153 c,Kepler-153,kepler-153,Transit,transit,2014,2014,false,2010s,46.90232,2.53,6.94,458.0,459.368,282.460502,48.2570293
Kepler-553 c,Kepler-553,kepler-553,Transit,transit,2016,2016,false,2010s,328.24017,11.57887706,2129.4503269,251.0,728.525,298.5508922,48.3325405
Kepler-672 b,Kepler-672,kepler-672,Transit,transit,2016,2016,false,2010s,38.3774623,2.5,6.8,529.0,1033.93,291.7219993,49.4808492
K2-187 d,K2-187,k2-187,Transit,transit,2018,2018,false,2010s,7.149584,2.4,6.35,865.0,330.916,132.5235618,23.1924709
Kepler-786 b,Kepler-786,kepler-786,Transit,transit,2016,2016,false,2010s,53.5293487,2.43,6.48,348.0,485.318,293.7439223,38.9392217
Kepler-275 c,Kepler-275,kepler-275,Transit,transit,2014,2014,false,2010s,16.088134,3.38,11.4,875.0,2034.25,292.4797004,38.5149018
Kepler-762 b,Kepler-762,kepler-762,Transit,transit,2016,2016,false,2010s,3.770552098,12.68,,1302.0,1898.26,291.2756631,47.3295107
Kepler-32 e,Kepler-32,kepler-32,Transit,transit,2012,2012,false,2010s,2.896,1.5,4.08181,652.0,323.847,297.8423073,46.5743595
Kepler-219 d,Kepler-219,kepler-219,Transit,transit,2014,2014,false,2010s,47.903645,2.81,19.1,598.0,787.07,288.7389481,46.7625929
Kepler-235 e,Kepler-235,kepler-235,Transit,transit,2014,2014,false,2010s,46.183669,2.22,5.56,306.0,428.018,286.0790779,39.278237
Kepler-176 d,Kepler-176,kepler-176,Transit,transit,2014,2014,false,2010s,25.751974,2.51,1.72,501.0,527.321,294.6679021,43.8532104
Kepler-82 e,Kepler-82,kepler-82,Transit,transit,2014,2014,false,2010s,5.902206,2.47,254.02,926.0,904.326,292.8733696,42.9661583
Kepler-251 b,Kepler-251,kepler-251,Transit,transit,2014,2014,false,2010s,4.790936,1.33,2.33,990.0,924.625,296.5662171,44.1058077
Kepler-53 c,Kepler-53,kepler-53,Transit,transit,2012,2012,false,2010s,38.5583038,3.17,36.0,550.0,1366.07,290.4617926,40.5624966
Kepler-42 d,Kepler-42,kepler-42,Transit,transit,2011,2011,false,2010s,1.865169,0.57,0.357785,450.0,40.0595,292.2196,44.6173667
Kepler-253 b,Kepler-253,kepler-253,Transit,transit,2014,2014,false,2010s,3.783986,1.63,3.29,949.0,838.595,291.8419337,44.858124
Kepler-603 c,Kepler-603,kepler-603,Transit,transit,2016,2016,false,2010s,127.9075774,6.5,34.5,401.0,1539.63,294.2809679,42.2909295
KOI-351 g,KOI-351,koi-351,Transit,transit,2013,2013,false,2010s,210.73514,7.718,15.0,342.0,848.254,284.4334642,49.3051239
CD-35 2722 b,CD-35 2722,cd-35 2722,Imaging,imaging,2011,2011,false,2010s,,17.37392009,9375.9380065,1800.0,22.3896,92.3300147,-35.8255375
Kepler-76 b,Kepler-76,kepler-76,Orbital Brightness Modulation,orbital brightness modulation,2013,2013,false,2010s,1.5449298,15.24424,638.8383,2140.0,822.96,294.1921185,39.6189727
WASP-47 c,WASP-47,wasp-47,Radial Velocity,radial velocity,2015,2015,false,2010s,589.57,,447.0,247.0,264.78,331.203092,-12.019067
WASP-55 b,WASP-55,wasp-55,Transit,transit,2012,2012,false,2010s,4.465631,14.72860064,186.2474465,1342.0,297.462,203.7581951,-17.5034961
