pl_name,hostname,hostname_canon,discoverymethod,discoverymethod_canon,disc_year,disc_year_int,disc_year_bad,disc_era,pl_orbper,pl_rade,pl_bmasse,pl_eqt,sy_dist,ra,dec
Kepler-1740 b,Kepler-1740,kepler-1740,Transit,transit,2021,2021,false,2020s,8.172400475,3.32321414,11.0,858.0,1061.77,293.873663,38.9224548
Kepler-1752 b,Kepler-1752,kepler-1752,Transit,transit,2021,2021,false,2020s,56.35850143,4.54060463,18.7,419.0,962.888,290.8541401,51.2227435
K2-335 b,K2-335,k2-335,Transit,transit,2021,2021,false,2020s,12.283211,2.21,5.52,949.0,557.993,129.3896679,16.5220648
Kepler-1600 c,Kepler-1600,kepler-1600,Transit,transit,2021,2021,false,2020s,7.298049927,1.94206512,4.43,786.0,1030.81,291.3993802,38.7877563
NGTS-10 b,NGTS-10,ngts-10,Transit,transit,2020,2020,false,2020s,0.7668944,13.506845,687.14846,1332.0,324.69865036,91.8722801,-25.5948963
HD 29985 b,HD 29985,hd 29985,Radial Velocity,radial velocity,2022,2022,false,2020s,20608.14049,12.8,1739.47487151,,31.2707,70.5216589,-33.9210696
Kepler-595 c,Kepler-595,kepler-595,Transit,transit,2020,2020,false,2020s,12.38602,1.009,3.3,679.0,643.009,294.5703593,50.6730147
HD 108236 f,HD 108236,hd 108236,Transit,transit,2021,2021,false,2020s,29.54115,2.017,4.72,,64.5978,186.5740627,-51.3630519
BD-210397 c,BD-210397,bd-210397,Radial Velocity,radial velocity,2023,2023,false,2020s,6240.0,12.9,1525.5763536,,23.7324,33.3024198,-21.1962147
HD 11506 d,HD 11506,hd 11506,Radial Velocity,radial velocity,2022,2022,false,2020s,26500.0,12.3,4068.2036096,,51.261,28.2106607,-19.507396
Kepler-1735 b,Kepler-1735,kepler-1735,Transit,transit,2021,2021,false,2020s,7.71792984,1.19429134,1.84,502.0,245.303,281.0503476,47.1882005
HD 66428 c,HD 66428,hd 66428,Radial Velocity,radial velocity,2021,2021,false,2020s,10478.84437,13.5,560.64930995,,53.2817,120.8691654,-1.1636019
KMT-2023-BLG-1896L b,KMT-2023-BLG-1896L,kmt-2023-blg-1896l,Microlensing,microlensing,2025,2025,false,2020s,,4.19,16.35,,5490.0,271.03175,-26.9589194
TOI-7510 d,TOI-7510,toi-7510,Transit,transit,2025,2025,false,2020s,48.864468,10.52,190.0,542.4,249.006,273.728188,-54.4340547
HD 3167 e,HD 3167,hd 3167,Radial Velocity,radial velocity,2022,2022,false,2020s,96.63,2.83,8.41,374.8,47.2899,8.7401487,4.3807215
HD 168863 b,HD 168863,hd 168863,Radial Velocity,radial velocity,2022,2022,false,2020s,14773.93272,12.7,2154.87659946,,39.8979,275.6642157,-18.0219726
HD 89839 b,HD 89839,hd 89839,Radial Velocity,radial velocity,2023,2023,false,2020s,3441.0,12.9,1592.32031907,,57.3063,155.168879,-53.6640291
TOI-237 b,TOI-237,toi-237,Transit,transit,2020,2020,false,2020s,5.436098,1.44,2.67,388.0,38.0749,353.2435381,-29.416487
HD 222237 b,HD 222237,hd 222237,Radial Velocity,radial velocity,2024,2024,false,2020s,14892.0,12.8,1649.52943233,,11.4469,354.9078642,-72.7253271
SPECULOOS-3 b,SPECULOOS-3,speculoos-3,Transit,transit,2024,2024,false,2020s,0.71912603,0.977,0.894,553.0,,312.3632611,33.6123832
TOI-4495 c,TOI-4495,toi-4495,Transit,transit,2024,2024,false,2020s,5.18553,4.03,23.2,1365.0,132.214,286.3624951,37.0259902
TOI-4495 b,TOI-4495,toi-4495,Transit,transit,2026,2026,false,2020s,2.56699,2.483,7.7,1735.0,132.214,286.3624951,37.0259902
TOI-6692 b,TOI-6692,toi-6692,Transit,transit,2026,2026,false,2020s,131.125,11.67975789,197.05361234,467.0,312.903,312.6940436,-81.2723982
KMT-2025-BLG-1616L b,KMT-2025-BLG-1616L,kmt-2025-blg-1616l,Microlensing,microlensing,2026,2026,false,2020s,,7.34,42.32,,7500.0,267.778875,-30.1391111
HD 176986 d,HD 176986,hd 176986,Radial Velocity,radial velocity,2026,2026,false,2020s,61.376,2.49,6.76,363.0,27.7843,285.7739138,-11.044941
HD 108202 b,HD 108202,hd 108202,Radial Velocity,radial velocity,2023,2023,false,2020s,2990.0,13.1,953.485221,,38.6846,186.4613189,-1.1109233
HD 68988 c,HD 68988,hd 68988,Radial Velocity,radial velocity,2021,2021,false,2020s,16000.0,12.2,4776.96095721,,60.8447,124.5935429,61.4608518
HD 16905 b,HD 16905,hd 16905,Radial Velocity,radial velocity,2022,2022,false,2020s,10256.0,12.4,3591.4609991,,39.7401,40.0136203,-61.3550396
HD 62364 c,HD 62364,hd 62364,Radial Velocity,radial velocity,2022,2022,false,2020s,74839.94555,12.0,7923.46218651,,53.112,113.9052658,-75.5442707
BD-210397 b,BD-210397,bd-210397,Radial Velocity,radial velocity,2023,2023,false,2020s,1891.0,14.0,214.0,,23.7324,33.3024198,-21.1962147
TOI-3856 b,TOI-3856,toi-3856,Transit,transit,2025,2025,false,2020s,2.04360352,13.59649359,171.62733978,1544.0,314.443,145.2229223,27.950158
TOI-5789 e,TOI-5789,toi-5789,Radial Velocity,radial velocity,2026,2026,false,2020s,62.98,3.43,11.61,424.0,20.4581,302.7734475,16.1897138
TOI-1272 b,TOI-1272,toi-1272,Transit,transit,2022,2022,false,2020s,3.31599,4.13204907,27.0,975.0,137.572,199.1962036,49.8610591
TOI-5720 b,TOI-5720,toi-5720,Transit,transit,2024,2024,false,2020s,1.4344555,1.09,4.3,708.0,35.8256,170.3135774,25.2732942
TOI-561 e,TOI-561,toi-561,Transit,transit,2020,2020,false,2020s,77.144,2.517,12.4,416.0,85.799,148.1851516,6.216103
TOI-2537 c,TOI-2537,toi-2537,Radial Velocity,radial velocity,2024,2024,false,2020s,1920.0,12.7,2297.89938261,123.1,184.986,54.3882661,10.0577464
TOI-1749 b,TOI-1749,toi-1749,Transit,transit,2021,2021,false,2020s,2.38839,1.39,57.0,831.0,99.5561,282.7372281,64.419466
TOI-3819 b,TOI-3819,toi-3819,Transit,transit,2023,2023,false,2020s,3.2443141,13.13692538,352.78953177,1633.0,558.141,121.8632568,29.3886446
TOI-2346 b,TOI-2346,toi-2346,Transit,transit,2025,2025,false,2020s,3.3312029,16.11851425,394.10722468,1689.0,437.484,88.0929073,-13.3724686
HIP 113103 b,HIP 113103,hip 113103,Transit,transit,2023,2023,false,2020s,7.610303,1.829,4.0,721.0,46.2122,343.5723794,-43.0102291
HD 28109 d,HD 28109,hd 28109,Transit,transit,2022,2022,false,2020s,84.2899,3.11,5.8,561.0,139.611,65.2383065,-68.1026875
TOI-1439 b,TOI-1439,toi-1439,Transit,transit,2024,2024,false,2020s,27.644,4.2427861,38.5,748.4,230.306,241.7639371,67.8776404
K2-415 b,K2-415,k2-415,Transit,transit,2023,2023,false,2020s,4.0179694,1.015,7.5,412.4,21.8182,137.2015437,11.8622503
Kepler-487 d,Kepler-487,kepler-487,Transit,transit,2021,2021,false,2020s,2.418390036,2.77513568,8.12,1226.0,872.343,295.2872318,41.2220033
TOI-1634 b,TOI-1634,toi-1634,Transit,transit,2021,2021,false,2020s,0.9893455,1.773,7.57,924.0,35.2736,56.3906096,37.1122803
HD 110067 g,HD 110067,hd 110067,Transit,transit,2023,2023,false,2020s,54.76992,2.607,8.4,440.0,32.1585,189.8392243,20.0273377
TOI-1696 b,TOI-1696,toi-1696,Transit,transit,2022,2022,false,2020s,2.500311,3.09,48.8,489.0,64.9172,65.280648,48.8198312
TOI-3688 A b,TOI-3688 A,toi-3688 a,Transit,transit,2023,2023,false,2020s,3.246075,13.08088048,311.47183886,1534.0,396.378,39.2823371,54.8512152
TOI-1723 b,TOI-1723,toi-1723,Transit,transit,2024,2024,false,2020s,13.727012643,3.435,10.4,782.98,100.727,116.7971978,68.4766845
TOI-5728 b,TOI-5728,toi-5728,Transit,transit,2025,2025,false,2020s,11.49761,1.31,2.27,382.0,54.7045,260.3509363,67.5504212
TOI-1246 c,TOI-1246,toi-1246,Transit,transit,2022,2022,false,2020s,5.904137,2.45109846,9.1,862.49,169.422,251.1158702,70.4299917
WASP-148 c,WASP-148,wasp-148,Radial Velocity,radial velocity,2020,2020,false,2020s,34.524,13.9,124.58873554,590.0,246.353,254.1305022,44.3025361
TOI-444 b,TOI-444,toi-444,Transit,transit,2023,2023,false,2020s,17.9636,2.77,8.1,609.0,57.3973,64.1839982,-26.7664071
TOI-2202 b,TOI-2202,toi-2202,Transit,transit,2021,2021,false,2020s,11.9126075,10.95117414,287.31687993,652.07,235.933,51.2284214,-73.9575458
Wendelstein-2 b,Wendelstein-2,wendelstein-2,Transit,transit,2020,2020,false,2020s,1.7522239,12.9934728,232.33373,2470.0,565.541,297.7909214,16.9125679
LTT 3780 c,LTT 3780,ltt 3780,Transit,transit,2020,2020,false,2020s,12.252284,2.39,8.04,359.0,21.9814,154.6449033,-11.717801
HIP 9618 b,HIP 9618,hip 9618,Transit,transit,2023,2023,false,2020s,20.772858,3.82838127,8.3,640.88,67.5478,30.9050061,21.2813274
TOI-1420 b,TOI-1420,toi-1420,Transit,transit,2023,2023,false,2020s,6.9561063,11.89,25.1,957.0,201.918,322.9418092,66.3490054
TOI-6109 b,TOI-6109,toi-6109,Transit,transit,2025,2025,false,2020s,5.690476,4.8704,21.1,700.0,151.738,50.1319206,42.6069564
GJ 367 d,GJ 367,gj 367,Radial Velocity,radial velocity,2023,2023,false,2020s,34.369,2.33,6.03,,9.41263,146.121464,-45.7790165
HD 24040 c,HD 24040,hd 24040,Radial Velocity,radial velocity,2021,2021,false,2020s,515.4,9.35,63.88350981,,46.6224,57.5962104,17.4752873
WASP-154 b,WASP-154,wasp-154,Transit,transit,2025,2025,false,2020s,3.811678,10.76062147,198.96058278,994.0,215.501,327.7191734,-8.6359458
TOI-1221 b,TOI-1221,toi-1221,Transit,transit,2023,2023,false,2020s,91.68278,2.91,1112.3994245,440.0,138.411,107.9210254,-65.5088568
TOI-5205 b,TOI-5205,toi-5205,Transit,transit,2023,2023,false,2020s,1.630757,11.6,343.0,737.0,86.4493,313.7706819,24.360977
TOI-1266 d,TOI-1266,toi-1266,Transit Timing Variations,transit timing variations,2025,2025,false,2020s,32.509,1.74,3.68,288.0,36.0118,197.9965833,65.8336973
TOI-1670 b,TOI-1670,toi-1670,Transit,transit,2022,2022,false,2020s,10.98462,2.06,41.31769291,1062.0,168.067,259.0172522,72.1611806
TOI-1224 c,TOI-1224,toi-1224,Transit,transit,2024,2024,false,2020s,17.945466,2.884,8.67,303.12,37.3312,37.1978356,-80.8991053
TOI-712 d,TOI-712,toi-712,Transit,transit,2022,2022,false,2020s,84.8396,2.474,6.68,313.6,58.6212,92.9361063,-65.8258386
TOI-2088 b,TOI-2088,toi-2088,Transit,transit,2024,2024,false,2020s,124.72997,3.6831179,37.0,300.33,126.46,261.3748943,75.8822796
TOI-5799 b,TOI-5799,toi-5799,Transit,transit,2024,2024,false,2020s,4.164507,1.733,3.65,505.0,27.8123,301.630179,15.9891418
WASP-132 d,WASP-132,wasp-132,Radial Velocity,radial velocity,2024,2024,false,2020s,1816.6,12.8,1639.99458012,107.0,122.91,217.6091998,-46.159516
TOI-6383 A b,TOI-6383 A,toi-6383 a,Transit,transit,2024,2024,false,2020s,1.79058695,11.29,331.0,745.0,171.319,60.4246951,60.8913677
NGTS-21 b,NGTS-21,ngts-21,Transit,transit,2022,2022,false,2020s,1.5433897,14.90794433,750.07504052,1357.0,592.891,311.2583112,-35.4278412
HD 21520 b,HD 21520,hd 21520,Transit,transit,2024,2024,false,2020s,25.1292,2.697,17.7,637.0,79.208,51.6403449,-43.6136649
TOI-3353.01,TOI-3353,toi-3353,Transit,transit,2024,2024,false,2020s,4.6657965,2.6667555,7.59,1264.36,78.7577,106.5298146,-75.8195594
TOI-1411 b,TOI-1411,toi-1411,Transit,transit,2022,2022,false,2020s,1.4520527,1.19880592,2.0,976.4,32.4778,232.946047,47.0555507
HATS-38 b,HATS-38,hats-38,Transit,transit,2020,2020,false,2020s,4.375021,6.882326,23.51942,1294.0,343.525,154.2710615,-25.2762982
TOI-4603 b,TOI-4603,toi-4603,Transit,transit,2023,2023,false,2020s,7.24599,11.67975789,4096.80816623,1677.0,225.643,83.8659288,21.2942417
KMT-2022-BLG-1818L b,KMT-2022-BLG-1818L,kmt-2022-blg-1818l,Microlensing,microlensing,2026,2026,false,2020s,,13.0,1271.313628,,5300.0,270.798625,-27.4811111
NGTS-33 b,NGTS-33,ngts-33,Transit,transit,2024,2024,false,2020s,2.827972,18.38272835,1153.71711741,1991.0,437.855,107.8333348,-35.8505185
TOI-178 g,TOI-178,toi-178,Transit,transit,2021,2021,false,2020s,20.71663,2.939,4.4,470.0,62.699,7.3020115,-30.4541159
TOI-1201 b,TOI-1201,toi-1201,Transit,transit,2021,2021,false,2020s,2.4919863,2.415,6.28,703.0,37.8871,42.2476999,-14.5372835
TOI-421 b,TOI-421,toi-421,Transit,transit,2020,2020,false,2020s,5.197576,2.64,6.7,922.0,74.7969,81.8532824,-14.2767404
WASP-195 b,WASP-195,wasp-195,Transit,transit,2025,2025,false,2020s,5.051928,10.31226224,33.05415433,1522.0,484.852,247.5496427,49.895791
TOI-1789 b,TOI-1789,toi-1789,Transit,transit,2021,2021,false,2020s,3.208664,16.14093221,222.4798849,1927.0,229.067,142.743406,26.5399951
TOI-4087 b,TOI-4087,toi-4087,Transit,transit,2023,2023,false,2020s,3.1774835,13.04725353,232.01473711,1458.0,301.676,217.9257785,83.3727061
HD 62364 b,HD 62364,hd 62364,Radial Velocity,radial velocity,2022,2022,false,2020s,5138.0,12.1,5965.63919939,,53.112,113.9052658,-75.5442707
TOI-2019 b,TOI-2019,toi-2019,Transit,transit,2024,2024,false,2020s,15.3444,5.33275337,34.4,917.46,198.007,234.4317651,48.955206
TOI-1798.02,TOI-1798,toi-1798,Transit,transit,2024,2024,false,2020s,0.437811822,1.464,5.6,1935.83,113.181,211.0939367,46.5192825
TOI-4600 b,TOI-4600,toi-4600,Transit,transit,2023,2023,false,2020s,82.6869,6.8,959.84178914,347.0,216.056,258.4503674,64.5661727
K2-353 b,K2-353,k2-353,Transit,transit,2021,2021,false,2020s,15.466805,5.55,26.3,735.0,268.515,201.6168564,-2.2819018
TOI-1806.01,TOI-1806,toi-1806,Transit,transit,2024,2024,false,2020s,15.1454693,3.4095367,11.5,337.47,55.5211,166.1181474,30.4585763
HD 207897 b,HD 207897,hd 207897,Transit,transit,2021,2021,false,2020s,16.20166,2.34302132,14.8,581.75,28.2938,325.2016451,84.3337613
HD 110067 b,HD 110067,hd 110067,Transit,transit,2023,2023,false,2020s,9.113678,2.2,5.69,800.0,32.1585,189.8392243,20.0273377
TOI-3474 b,TOI-3474,toi-3474,Transit,transit,2025,2025,false,2020s,3.8795105,14.67255574,193.87532827,1451.0,420.123,233.5033482,-47.9636597
TOI-1333 b,TOI-1333,toi-1333,Transit,transit,2021,2021,false,2020s,4.720219,15.647764,753.2571,1679.0,200.492,325.0145363,48.4067674
TOI-5181 A b,TOI-5181 A,toi-5181 a,Transit,transit,2025,2025,false,2020s,3.8922295,13.34989601,330.54154328,1585.0,480.155,280.6774738,21.6998203
HD 20329 b,HD 20329,hd 20329,Transit,transit,2022,2022,false,2020s,0.926118,1.72,7.42,2141.0,63.6796,49.178124,15.6563542
TOI-260 b,TOI-260,toi-260,Transit,transit,2024,2024,false,2020s,13.475853,1.71,4.23,493.0,20.1852,4.7730178,-9.9661505
HAT-P-68 b,HAT-P-68,hat-p-68,Transit,transit,2020,2020,false,2020s,2.29840551,12.016048,230.10892,1027.8,202.152,118.4831501,23.9382192
TOI-2141 d,TOI-2141,toi-2141,Radial Velocity,radial velocity,2025,2025,false,2020s,60.45,3.97,14.9,491.4,77.682,258.7623456,18.3403449
TOI-2497 b,TOI-2497,toi-2497,Transit,transit,2023,2023,false,2020s,10.655669,11.14172682,1531.93292174,1595.0,285.289,90.0625878,11.8840577
HD 158259 c,HD 158259,hd 158259,Radial Velocity,radial velocity,2020,2020,false,2020s,3.432,2.23,5.6,,27.0498,261.3495847,52.7904721
TOI-5795 b,TOI-5795,toi-5795,Transit,transit,2025,2025,false,2020s,6.1406325,5.62,23.66,1136.78,156.53,304.868782,-7.5476595
TOI-1798.01,TOI-1798,toi-1798,Transit,transit,2024,2024,false,2020s,8.021522331,2.448,6.5,734.31,113.181,211.0939367,46.5192825
AU Mic b,AU Mic,au mic,Transit,transit,2020,2020,false,2020s,8.46308,3.95677019,20.12,600.0,9.7221,311.2911369,-31.34245
TOI-4201 b,TOI-4201,toi-4201,Transit,transit,2023,2023,false,2020s,3.5819194,13.67495645,788.21444936,725.0,189.011,90.4747237,-13.461371
HD 118203 c,HD 118203,hd 118203,Radial Velocity,radial velocity,2024,2024,false,2020s,5103.0,12.4,3747.19691853,146.0,92.2589,203.509956,53.7281876
TOI-1386 c,TOI-1386,toi-1386,Radial Velocity,radial velocity,2024,2024,false,2020s,232.0,10.3,75.2,327.4,146.858,334.5041029,54.3190454
NGTS-24 b,NGTS-24,ngts-24,Transit,transit,2022,2022,false,2020s,3.4678796,13.60770257,165.27077164,1499.0,683.062,168.5638892,-37.9101328
TOI-1136 e,TOI-1136,toi-1136,Transit,transit,2022,2022,false,2020s,18.801,2.639,6.07,737.0,84.5362,192.1848981,64.8552755
TOI-431 d,TOI-431,toi-431,Transit,transit,2021,2021,false,2020s,12.46103,3.29,9.9,633.0,32.5686,83.2692502,-26.7238698
GJ 341 b,GJ 341,gj 341,Transit,transit,2025,2025,false,2020s,7.57686,0.88,4.0,629.0,10.454,140.3993759,-60.2811692
HIP 94235 b,HIP 94235,hip 94235,Transit,transit,2022,2022,false,2020s,7.713057,3.0,379.0,1060.0,58.5146,287.7411441,-60.2726358
TOI-6628 b,TOI-6628,toi-6628,Transit,transit,2025,2025,false,2020s,18.18424,10.98480109,235.19302118,833.0,320.527,225.8370504,-35.2305793
TOI-1736 b,TOI-1736,toi-1736,Transit,transit,2023,2023,false,2020s,7.073076,3.18175535,12.3,1099.79,88.9482,43.4344615,69.101345
TOI-5174 b,TOI-5174,toi-5174,Transit,transit,2022,2022,false,2020s,12.214286,5.351,24.8,808.37,197.243,174.1094967,-2.0233506
K2-330 b,K2-330,k2-330,Transit,transit,2021,2021,false,2020s,13.774798,2.77,8.1,969.0,160.125,126.8968265,11.6674131
TOI-3235 b,TOI-3235,toi-3235,Transit,transit,2023,2023,false,2020s,2.59261842,11.39953337,211.35589065,604.0,72.811,207.4738488,-46.0665139
TOI-4010 d,TOI-4010,toi-4010,Transit,transit,2023,2023,false,2020s,14.70886,6.18,38.15,650.0,177.504,20.2148196,66.0722009
WASP-193 b,WASP-193,wasp-193,Transit,transit,2023,2023,false,2020s,6.2463475,14.78464554,35.59678158,1250.0,362.087,164.3491401,-29.9971229
HD 135694 b,HD 135694,hd 135694,Transit,transit,2023,2023,false,2020s,15.923475568,2.857,6.1,750.83,73.8713,227.8678636,71.8412965
TOI-815 c,TOI-815,toi-815,Transit,transit,2024,2024,false,2020s,34.976145,2.62,23.5,469.0,59.7117,155.8719377,-43.8349248
TOI-3331 A b,TOI-3331 A,toi-3331 a,Transit,transit,2022,2022,false,2020s,2.0180231,12.97999965,721.47048389,1488.0,217.193,271.3241672,-34.107171
TOI-1438 b,TOI-1438,toi-1438,Transit,transit,2025,2025,false,2020s,5.13967,3.04,9.4,971.0,110.513,280.9237844,74.9378327
TOI-1470 b,TOI-1470,toi-1470,Transit,transit,2023,2023,false,2020s,2.527093,2.18,7.32,734.0,51.9503,10.0891431,61.2133868
TOI-1794 b,TOI-1794,toi-1794,Transit,transit,2024,2024,false,2020s,8.765528,3.29701268,8.7,992.91,155.791,203.3974857,49.0608433
TOI-615 b,TOI-615,toi-615,Transit,transit,2023,2023,false,2020s,4.6615983,18.97680433,138.25535705,1666.0,360.408,133.4086892,-40.543701
TOI-1694 c,TOI-1694,toi-1694,Radial Velocity,radial velocity,2023,2023,false,2020s,393.1,13.8,297.0,,124.68,97.7487104,66.3605956
TOI-2443 b,TOI-2443,toi-2443,Transit,transit,2023,2023,false,2020s,15.66858,2.363,4.8,519.0,23.9258,40.1798608,1.1996757
TOI-3261 b,TOI-3261,toi-3261,Transit,transit,2024,2024,false,2020s,0.8831331,3.82,30.3,1722.0,300.141,47.7285242,-73.531972
TOI-4666 b,TOI-4666,toi-4666,Transit,transit,2025,2025,false,2020s,2.9089168,12.44196858,222.4798849,713.0,154.749,56.2898862,-39.0631799
TOI-776 b,TOI-776,toi-776,Transit,transit,2020,2020,false,2020s,8.24662,1.798,5.0,520.0,27.1701,178.577997,-37.5533568
TOI-512 b,TOI-512,toi-512,Transit,transit,2025,2025,false,2020s,7.18886,1.54,3.57,1009.0,67.3975,96.6467023,-38.6072095
TOI-833 b,TOI-833,toi-833,Transit,transit,2022,2022,false,2020s,1.0418777,1.27,2.15,1118.0,41.7148,145.645472,-62.4758857
TOI-858 B b,TOI-858 B,toi-858 b,Transit,transit,2023,2023,false,2020s,3.2797178,14.06727078,349.6112477,1529.0,250.489,60.1998256,-54.5929177
Kepler-1693 b,Kepler-1693,kepler-1693,Transit,transit,2020,2020,false,2020s,12.0999,1.28938413,2.21,807.0,760.065,290.2015581,48.1857799
HD 199509 b,HD 199509,hd 199509,Radial Velocity,radial velocity,2022,2022,false,2020s,99.62167,7.43,43.22466335,,24.3056,317.3445632,-82.0274926
TOI-2416 b,TOI-2416,toi-2416,Transit,transit,2023,2023,false,2020s,8.275479,9.86390302,953.485221,1080.0,557.733,57.3389409,-60.7871861
HD 110113 c,HD 110113,hd 110113,Radial Velocity,radial velocity,2021,2021,false,2020s,6.744,2.11384817,10.5,990.0,106.307,190.0365636,-44.3120777
TOI-2295 c,TOI-2295,toi-2295,Radial Velocity,radial velocity,2024,2024,false,2020s,966.5,12.8,1783.01736327,234.9,126.279,281.5761962,50.4924657
TOI-1450 A c,TOI-1450 A,toi-1450 a,Transit,transit,2024,2024,false,2020s,5.0688,1.13,1.527,533.0,22.4467,286.8540627,59.0866254
TOI-1136 f,TOI-1136,toi-1136,Transit,transit,2022,2022,false,2020s,26.321,3.73591482,9.7,658.0,84.5362,192.1848981,64.8552755
TOI-1244 b,TOI-1244,toi-1244,Transit,transit,2024,2024,false,2020s,6.400316483,2.467,6.6,714.86,102.551,256.279559,69.519093
HIP 56640 b,HIP 56640,hip 56640,Radial Velocity,radial velocity,2021,2021,false,2020s,2675.57603,12.7,2151.69831539,,122.324,174.2008941,-37.0391349
Kepler-1878 b,Kepler-1878,kepler-1878,Transit,transit,2021,2021,false,2020s,4.445879936,2.92019781,8.86,1063.0,1494.3,300.7324154,44.1070231
WASP-197 b,WASP-197,wasp-197,Transit,transit,2025,2025,false,2020s,5.167228,14.44837612,403.32424848,1665.0,483.675,160.6307133,28.1986255
BEBOP-4 AB b,BEBOP-4 A,bebop-4 a,Radial Velocity,radial velocity,2025,2025,false,2020s,1823.5,,8358.8871041,,234.294,192.5772651,26.1595358
WASP-132 c,WASP-132,wasp-132,Transit,transit,2022,2022,false,2020s,1.01153624,1.841,6.26,1329.0,122.91,217.6091998,-46.159516
K2-394 b,K2-394,k2-394,Transit,transit,2022,2022,false,2020s,5.095717,1.692,3.51,643.0,98.0152,71.110002,16.5185817
TOI-5800 b,TOI-5800,toi-5800,Transit,transit,2025,2025,false,2020s,2.6278838,2.46,9.5,1108.0,42.9052,305.0655462,-7.4119237
Kepler-1849 b,Kepler-1849,kepler-1849,Transit,transit,2021,2021,false,2020s,57.29290009,2.38685349,6.29,355.0,631.884,285.29193,41.2557275
AU Mic c,AU Mic,au mic,Transit,transit,2021,2021,false,2020s,18.85969,2.52202066,9.6,459.0,9.7221,311.2911369,-31.34245
TOI-2015 c,TOI-2015,toi-2015,Transit Timing Variations,transit timing variations,2025,2025,false,2020s,5.582796,2.93,8.91,448.0,47.3444,232.1326528,27.361073
BD+05 4868 A b,BD+05 4868 A,bd+05 4868 a,Transit,transit,2025,2025,false,2020s,1.271869,,6.2,1820.0,43.5687,326.8614036,6.6053185
TOI-2194 b,TOI-2194,toi-2194,Transit,transit,2023,2023,false,2020s,15.337597,1.9892,4.61,590.88,19.5711,299.1563393,-31.3351812
TOI-1224 b,TOI-1224,toi-1224,Transit,transit,2024,2024,false,2020s,4.1782745,2.104,5.08,541.0,37.3312,37.1978356,-80.8991053
TOI-564 b,TOI-564,toi-564,Transit,transit,2020,2020,false,2020s,1.651144,11.43318,464.98529,1714.0,199.581,130.2951535,-16.0363275
Kepler-1656 c,Kepler-1656,kepler-1656,Radial Velocity,radial velocity,2022,2022,false,2020s,1919.0,14.0,126.4,,185.875,284.4722473,39.911889
TOI-1410 c,TOI-1410,toi-1410,Radial Velocity,radial velocity,2024,2024,false,2020s,47.56,5.63,27.0,,72.7512,334.8828486,42.5603141
TOI-1693 b,TOI-1693,toi-1693,Transit,transit,2022,2022,false,2020s,1.7666957,1.41,2.57,764.0,30.7947,90.3083455,34.7730904
OGLE-2018-BLG-0298L b,OGLE-2018-BLG-0298L,ogle-2018-blg-0298l,Microlensing,microlensing,2022,2022,false,2020s,,7.56,44.49597698,,6540.0,264.2845,-29.7091111
TOI-1472 b,TOI-1472,toi-1472,Transit,transit,2024,2024,false,2020s,6.36338574,4.058,18.05,891.0,121.84,14.1142611,48.6375168
TOI-5786 b,TOI-5786,toi-5786,Transit,transit,2025,2025,false,2020s,12.779107,8.54,73.0,1040.0,192.475,293.3223259,30.7042468
TOI-5153 b,TOI-5153,toi-5153,Transit,transit,2022,2022,false,2020s,20.33003,11.88151954,1036.12060682,906.0,390.484,91.5403204,-19.9534443
LP 714-47 b,LP 714-47,lp 714-47,Transit,transit,2020,2020,false,2020s,4.052037,4.7,30.8,700.0,52.616,64.1902212,-12.0848643
TOI-1184 b,TOI-1184,toi-1184,Transit,transit,2024,2024,false,2020s,5.748433803,2.39,6.8,715.47,58.5946,272.2045196,60.6787845
TOI-4406 b,TOI-4406,toi-4406,Transit,transit,2023,2023,false,2020s,30.08364,11.2089807,95.3485221,904.0,261.834,18.0485164,-56.9253875
TOI-762 A b,TOI-762 A,toi-762 a,Transit,transit,2024,2024,false,2020s,3.4716826,8.33948164,79.77493016,555.4,98.4458,166.0747423,-47.8214964
Kepler-1983 b,Kepler-1983,kepler-1983,Transit,transit,2023,2023,false,2020s,7.32851947,2.33,6.04,807.0,424.428,297.042015,39.9121864
TOI-2266 b,TOI-2266,toi-2266,Transit,transit,2024,2024,false,2020s,2.326318,1.54,2.99,550.0,51.6004,245.2800398,31.5770413
TOI-6041 c,TOI-6041,toi-6041,Radial Velocity,radial velocity,2025,2025,false,2020s,88.0,10.5,77.9,403.5,72.4731,46.0610334,43.5576668
HD 109833 c,HD 109833,hd 109833,Transit,transit,2022,2022,false,2020s,13.900148,2.59,7.22,756.7,79.5561,189.7758591,-74.5740205
Kepler-1870 b,Kepler-1870,kepler-1870,Transit,transit,2021,2021,false,2020s,3.606940031,2.10143764,5.07,1046.0,407.216,293.9335076,40.590704
GJ 508.2 b,GJ 508.2,gj 508.2,Radial Velocity,radial velocity,2025,2025,false,2020s,5300.0,,587.98255295,,16.6374,200.2443854,34.2776644
Kepler-1905 b,Kepler-1905,kepler-1905,Transit,transit,2021,2021,false,2020s,3.42392993,1.4460734,2.69,1212.0,1051.53,292.5733475,46.3668273
Kepler-1839 b,Kepler-1839,kepler-1839,Transit,transit,2021,2021,false,2020s,5.056759834,1.9493759,4.46,1049.0,1136.6,294.2244432,50.0755761
TOI-5108 b,TOI-5108,toi-5108,Transit,transit,2025,2025,false,2020s,6.753581,6.6,32.0,1180.0,130.919,166.2695041,11.2464069
TOI-4914 b,TOI-4914,toi-4914,Transit,transit,2024,2024,false,2020s,10.60057,12.87,227.0,894.0,299.89,204.5426717,-28.1429206
EPIC 212297394 c,EPIC 212297394,epic 212297394,Transit,transit,2021,2021,false,2020s,5.213965,2.27,5.77,866.0,418.395,207.2061241,-17.6098985
Kepler-1858 b,Kepler-1858,kepler-1858,Transit,transit,2021,2021,false,2020s,88.07160187,2.42168247,6.44,330.0,833.055,292.3074315,46.626579
Kepler-949 c,Kepler-949,kepler-949,Transit,transit,2023,2023,false,2020s,20.99757968,2.97,9.11,582.0,486.105,298.6079128,46.45366
TOI-1416 b,TOI-1416,toi-1416,Transit,transit,2023,2023,false,2020s,1.0697568,1.62,3.48,1517.0,55.0135,216.9234892,41.9529862
HIP 38594 c,HIP 38594,hip 38594,Radial Velocity,radial velocity,2020,2020,false,2020s,3477.768,7.94,48.4,,17.7886,118.5439118,-25.3023073
TOI-4515 b,TOI-4515,toi-4515,Transit,transit,2024,2024,false,2020s,15.266446,12.17,637.0,705.0,193.499,21.1861778,21.5130638
AU Mic e,AU Mic,au mic,Radial Velocity,radial velocity,2025,2025,false,2020s,33.11,4.87,21.1,,9.7221,311.2911369,-31.34245
AU Mic d,AU Mic,au mic,Transit Timing Variations,transit timing variations,2023,2023,false,2020s,12.73596,1.02,1.053,,9.7221,311.2911369,-31.34245
TOI-3540 A b,TOI-3540 A,toi-3540 a,Transit,transit,2022,2022,false,2020s,3.119999,23.53885947,375.03752026,1498.0,,328.9113712,28.1794996
Kepler-1690 b,Kepler-1690,kepler-1690,Transit,transit,2020,2020,false,2020s,234.636,2.81109223,8.3,267.0,703.789,288.1566649,41.8779417
Kepler-1841 b,Kepler-1841,kepler-1841,Transit,transit,2021,2021,false,2020s,25.88599968,1.48912557,2.82,542.0,631.7,287.7069031,40.6852161
HD 105618 b,HD 105618,hd 105618,Radial Velocity,radial velocity,2022,2022,false,2020s,10.02245,5.44,25.42627256,,70.0837,182.4021288,11.2115695
TOI-3160 A b,TOI-3160 A,toi-3160 a,Transit,transit,2025,2025,false,2020s,3.971281,13.7646283,378.21580433,1539.0,567.678,224.5658555,-27.6825503
K2-312 c,HD 80653,hd 80653,Radial Velocity,radial velocity,2023,2023,false,2020s,921.2,12.8,1719.45168187,,109.86,140.3390845,14.3678691
TOI-262 b,TOI-262,toi-262,Transit,transit,2023,2023,false,2020s,11.14529,2.07,4.94,584.0,43.932,32.534687,-31.0706272
TOI-4184 b,TOI-4184,toi-4184,Transit,transit,2023,2023,false,2020s,4.9019804,2.43,6.48,412.0,69.3649,43.8284749,-79.4147039
TOI-5489 b,TOI-5489,toi-5489,Transit,transit,2025,2025,false,2020s,3.15222,1.4,2.54,624.0,45.0907,128.691294,11.4895882
GJ 3082 b,GJ 3082,gj 3082,Radial Velocity,radial velocity,2020,2020,false,2020s,11.949,2.79,8.2,,16.6186,18.6432425,-53.9407751
Kepler-1723 b,Kepler-1723,kepler-1723,Transit,transit,2021,2021,false,2020s,39.75289917,2.88046569,8.65,568.0,811.278,294.4627362,46.8214022
Kepler-1783 b,Kepler-1783,kepler-1783,Transit,transit,2021,2021,false,2020s,8.277440071,1.31946731,2.3,1088.0,264.078,297.0210984,41.3771655
TOI-6255 b,TOI-6255,toi-6255,Transit,transit,2024,2024,false,2020s,0.23818244,1.079,1.44,1256.46,20.3167,331.5031606,39.2988284
TOI-157 b,TOI-157,toi-157,Transit,transit,2020,2020,false,2020s,2.0845435,14.414774,375.0394,1588.0,355.683,73.7014398,-76.6806061
OGLE-2017-BLG-0640L b,OGLE-2017-BLG-0640L,ogle-2017-blg-0640l,Microlensing,microlensing,2024,2024,false,2020s,,13.5,514.88201934,,6630.0,267.465125,-29.4615
OGLE-2017-BLG-1099L b,OGLE-2017-BLG-1099L,ogle-2017-blg-1099l,Microlensing,microlensing,2021,2021,false,2020s,,13.1,959.84178914,,7250.0,263.96425,-29.5858611
HD 102888 b,HD 102888,hd 102888,Radial Velocity,radial velocity,2025,2025,false,2020s,252.06,12.8,1808.44363583,,126.484,177.6545263,-27.2779074
TOI-2458 c,TOI-2458,toi-2458,Radial Velocity,radial velocity,2024,2024,false,2020s,16.553,3.18,10.22,,112.958,79.621529,1.253439
HAT-P-61 b,HAT-P-61,hat-p-61,Transit,transit,2021,2021,false,2020s,1.90231289,10.07687365,335.9446262,1505.0,338.84,75.4801665,50.1311784
TOI-712 c,TOI-712,toi-712,Transit,transit,2022,2022,false,2020s,51.69906,2.701,7.76,369.9,58.6212,92.9361063,-65.8258386
TOI-1130 c,TOI-1130,toi-1130,Transit,transit,2020,2020,false,2020s,8.3501898,13.0,336.0,650.0,58.2609,286.3760037,-41.4376399
TOI-1516 b,TOI-1516,toi-1516,Transit,transit,2022,2022,false,2020s,2.056014,15.24421375,1004.33776612,1839.0,247.054,340.0846204,69.5037313
HD 101581 b,HIP 56998,hip 56998,Transit,transit,2025,2025,false,2020s,4.46569,0.956,0.827,834.0,12.7781,175.2563039,-44.4041485
OGLE-2017-BLG-0406L b,OGLE-2017-BLG-0406L,ogle-2017-blg-0406l,Microlensing,microlensing,2020,2020,false,2020s,,14.2,130.0,,5200.0,268.999667,-29.8631389
KMT-2017-BLG-0428L b,KMT-2017-BLG-0428L,kmt-2017-blg-0428l,Microlensing,microlensing,2023,2023,false,2020s,,2.23,5.59,,5400.0,271.38525,-28.4902806
GJ 536 c,GJ 536,gj 536,Radial Velocity,radial velocity,2025,2025,false,2020s,32.761,2.3,5.89,290.5,10.4092,210.2597264,-2.6522901
TOI-663 b,TOI-663,toi-663,Transit,transit,2024,2024,false,2020s,2.598902,2.27,4.45,674.0,64.2308,160.0658525,-8.5110827
TOI-1259 A b,TOI-1259 A,toi-1259 a,Transit,transit,2021,2021,false,2020s,3.477978,11.45557828,140.16232749,963.0,118.106,282.1001665,79.2564761
TOI-2107 b,TOI-2107,toi-2107,Transit,transit,2024,2024,false,2020s,2.4545467,13.57407563,263.79757781,1397.0,236.705,286.7965405,-58.6968348
KMT-2020-BLG-0414L c,KMT-2020-BLG-0414L,kmt-2020-blg-0414l,Microlensing,microlensing,2021,2021,false,2020s,,11.9,8581.366989,,1220.0,271.915,-28.4852222
TOI-1248 b,TOI-1248,toi-1248,Transit,transit,2024,2024,false,2020s,4.3601561,6.8084859,27.4,952.09,168.735,259.0235918,63.1056072
TOI-4465 b,TOI-4465,toi-4465,Transit,transit,2025,2025,false,2020s,101.94054,14.01122587,1872.00931723,427.0,121.139,276.1340312,15.8418856
TOI-2345 b,TOI-2345,toi-2345,Transit,transit,2025,2025,false,2020s,1.0528573,1.504,3.49,1478.0,81.6541,43.884794,-34.9779745
TOI-5788 c,TOI-5788,toi-5788,Transit,transit,2026,2026,false,2020s,16.213362,2.272,6.4,667.0,97.614,287.4249017,31.7615284
TOI-5788 b,TOI-5788,toi-5788,Transit,transit,2026,2026,false,2020s,6.340758,1.528,3.72,910.0,97.614,287.4249017,31.7615284
TOI-1136 g,TOI-1136,toi-1136,Transit,transit,2022,2022,false,2020s,39.545,2.53,5.6,574.0,84.5362,192.1848981,64.8552755
TOI-5232 b,TOI-5232,toi-5232,Transit,transit,2024,2024,false,2020s,4.0966692,12.778238,743.71847238,1772.0,609.388,294.3374248,35.2764934
TOI-912 b,TOI-912,toi-912,Transit,transit,2025,2025,false,2020s,4.6780691,1.93,5.1,551.0,26.1072,229.3285665,-80.4733446
TOI-813 b,TOI-813,toi-813,Transit,transit,2020,2020,false,2020s,83.8911,6.71,36.4,610.0,263.145,72.6940102,-60.9054608
Kepler-1914 b,Kepler-1914,kepler-1914,Transit,transit,2021,2021,false,2020s,30.82789993,2.9429803,8.97,585.0,1621.56,291.4314024,38.6543635
HAT-P-64 b,HAT-P-64,hat-p-64,Transit,transit,2021,2021,false,2020s,4.007232,19.08889413,184.34047606,1766.0,651.897,68.9743955,2.4312732
TOI-1768.01,TOI-1768,toi-1768,Transit,transit,2024,2024,false,2020s,7.337703649,3.453,11.8,1566.0,157.597,152.1027826,55.5399599
HD 28109 c,HD 28109,hd 28109,Transit,transit,2022,2022,false,2020s,55.99712,4.13,9.2,643.0,139.611,65.2383065,-68.1026875
BD+45 564 b,BD+45 564,bd+45 564,Radial Velocity,radial velocity,2021,2021,false,2020s,307.88,13.6,432.24663352,,53.622,32.9470485,45.9242187
TOI-5803 b,TOI-5803,toi-5803,Transit,transit,2023,2023,false,2020s,5.38305,3.2732,10.7,678.87,84.0126,327.2487497,6.2781777
TOI-1749 c,TOI-1749,toi-1749,Transit,transit,2021,2021,false,2020s,4.4929,2.12,14.0,673.0,99.5561,282.7372281,64.419466
TOI-431 b,TOI-431,toi-431,Transit,transit,2021,2021,false,2020s,0.490047,1.28,3.07,1862.0,32.5686,83.2692502,-26.7238698
TOI-2158 b,TOI-2158,toi-2158,Transit,transit,2022,2022,false,2020s,8.60077,10.76062147,260.61929374,1188.0,198.473,276.8100527,20.5268868
TOI-3288 b,TOI-3288,toi-3288,Transit,transit,2025,2025,false,2020s,1.4338635,11.2089807,670.61793877,1059.0,200.5,297.1103158,-43.0180008
Kepler-1987 c,Kepler-1987,kepler-1987,Transit,transit,2023,2023,false,2020s,3.64830183,1.33,2.33,860.0,595.683,295.8254663,42.9433716
TOI-283 b,TOI-283,toi-283,Transit,transit,2025,2025,false,2020s,17.61745,2.34,6.54,661.0,82.7013,118.5693065,-65.441482
TOI-2046 b,TOI-2046,toi-2046,Transit,transit,2022,2022,false,2020s,1.4971842,16.14093221,731.0053361,1828.82,289.668,16.1849423,74.3313055
TOI-2459 b,TOI-2459,toi-2459,Transit,transit,2023,2023,false,2020s,19.104718,2.9531,9.03,445.01,36.6113,82.1433321,-39.3730456
HD 109833 b,HD 109833,hd 109833,Transit,transit,2022,2022,false,2020s,9.188526,2.888,8.69,786.0,79.5561,189.7758591,-74.5740205
TOI-1758 b,TOI-1758,toi-1758,Transit,transit,2024,2024,false,2020s,20.705074685,3.62,6.9,551.44,96.6215,354.741581,75.6852317
TOI-3493 b,TOI-3493,toi-3493,Transit,transit,2025,2025,false,2020s,8.1594667,3.22,8.97,1102.0,96.7224,205.7990331,-22.5854441
Wolf 327 b,Wolf 327,wolf 327,Transit,transit,2024,2024,false,2020s,0.5734745,1.24,2.53,996.0,28.5321,148.3783199,35.570548
K2-414 b,K2-414,k2-414,Transit,transit,2022,2022,false,2020s,4.3696,1.219,1.98,,260.036,351.6361913,-4.6066569
HATS-74 A b,HATS-74 A,hats-74 a,Transit,transit,2021,2021,false,2020s,1.73185606,11.56766808,464.02947422,895.1,299.389,171.0147921,-19.5569588
TOI-880 c,TOI-880,toi-880,Transit,transit,2025,2025,false,2020s,6.3872703,4.95,21.7,805.0,60.6679,94.1644734,-13.987337
TOI-1278 b,TOI-1278,toi-1278,Transit,transit,2021,2021,false,2020s,14.47567,12.21778896,5879.8255295,407.87,75.5759,320.4784442,35.648625
TOI-2096 b,TOI-2096,toi-2096,Transit,transit,2023,2023,false,2020s,3.1190633,1.243,2.08,445.0,48.4809,151.6186989,74.8272107
TOI-1442 b,TOI-1442,toi-1442,Transit,transit,2022,2022,false,2020s,0.4090677,1.17,1.71,1072.0,41.1659,287.2921006,74.1742762
TOI-700 c,TOI-700,toi-700,Transit,transit,2020,2020,false,2020s,16.051137,2.6,7.27,356.0,31.1265,97.0957165,-65.5786149
K2-316 c,K2-316,k2-316,Transit,transit,2020,2020,false,2020s,5.26,1.83,4.01,423.0,112.486,233.6247336,-23.2594663
TOI-1295 b,TOI-1295,toi-1295,Transit,transit,2024,2024,false,2020s,3.1968838,15.69257298,451.31633794,2360.0,388.227,256.6722026,67.8715032
LP 890-9 b,LP 890-9,lp 890-9,Transit,transit,2022,2022,false,2020s,2.7299025,1.32,13.2,396.0,32.4298,64.1309096,-28.3157909
TOI-261.02,TOI-261,toi-261,Transit,transit,2021,2021,false,2020s,13.03935862135,3.34822227,11.2,1007.53,114.495,15.2181412,-24.4239934
TOI-1203 e,TOI-1203,toi-1203,Radial Velocity,radial velocity,2025,2025,false,2020s,204.59,7.31,42.1,,64.9943,168.2267358,-34.4069371
Kepler-1764 b,Kepler-1764,kepler-1764,Transit,transit,2021,2021,false,2020s,70.46829987,4.55527871,18.8,511.0,1542.48,293.8799047,41.3938374
TOI-4641 b,TOI-4641,toi-4641,Transit,transit,2023,2023,false,2020s,22.09341,8.18255591,1229.99593509,950.11,86.3501,42.5582023,25.3335334
TOI-480 b,TOI-480,toi-480,Transit,transit,2024,2024,false,2020s,6.866196,2.85372018,20.8,1198.94,54.5306,88.3784618,-16.2653974
HD 39194 b,HD 39194,hd 39194,Radial Velocity,radial velocity,2021,2021,false,2020s,5.6368,1.83,4.0,,26.4131,86.129071,-70.1382377
Kepler-880 c,Kepler-880,kepler-880,Transit,transit,2023,2023,false,2020s,11.8061737,2.87,8.6,1407.0,601.324,281.9712347,43.6727839
TOI-4602.01,TOI-4602,toi-4602,Transit,transit,2024,2024,false,2020s,3.9812091,2.550449,7.04,1380.27,63.0637,60.6003316,31.3298354
WASP-186 b,WASP-186,wasp-186,Transit,transit,2020,2020,false,2020s,5.026799,12.44199,1341.2426,1378.4,278.514,18.9953122,21.6169065
TOI-2076 c,TOI-2076,toi-2076,Transit,transit,2021,2021,false,2020s,21.015327,3.69441587,55.0,543.16,41.9091,217.3920159,39.7903991
TOI-261.01,TOI-261,toi-261,Transit,transit,2021,2021,false,2020s,3.3639254,3.0449863,9.51,1722.49,114.495,15.2181412,-24.4239934
TOI-1054.01,TOI-1054,toi-1054,Transit,transit,2021,2021,false,2020s,15.5077855,2.43432,6.5,853.0,88.4343,302.1141738,-54.3175014
HIP 29442 c,TOI-469,toi-469,Radial Velocity,radial velocity,2023,2023,false,2020s,3.5379559,1.551,4.5,1123.0,68.192,93.0578446,-14.6493167
TOI-3837 b,TOI-3837,toi-3837,Transit,transit,2025,2025,false,2020s,11.88865,10.87271128,187.51876013,1178.0,311.705,152.6662832,24.2731213
Wendelstein-1 b,Wendelstein-1,wendelstein-1,Transit,transit,2020,2020,false,2020s,2.663416,11.5609626,188.15536,2198.0,305.3,299.0506412,17.5699627
TOI-3894 b,TOI-3894,toi-3894,Transit,transit,2024,2024,false,2020s,4.33454,15.27784069,260.61929374,1531.0,417.365,201.3748265,52.7681036
TOI-6716 b,TOI-6716,toi-6716,Transit,transit,2026,2026,false,2020s,4.7185898,0.982,0.911,369.0,18.8873,111.657082,-30.5521801
HD 191939 f,HD 191939,hd 191939,Radial Velocity,radial velocity,2022,2022,false,2020s,2898.0,13.2,915.34581216,125.0,53.6089,302.0256247,66.8503014
HD 235088 b,HD 235088,hd 235088,Transit,transit,2023,2023,false,2020s,7.4341325,1.982,4.15,805.0,41.1706,300.6154535,53.3774418
HIP 55507 b,HIP 55507,hip 55507,Radial Velocity,radial velocity,2022,2022,false,2020s,5138.43727,12.6,2585.53409095,,25.4893,170.5227246,46.907803
HD 77946 b,HD 77946,hd 77946,Transit,transit,2024,2024,false,2020s,6.527363,2.89646124,10.9,1128.86,99.451,136.777644,46.6724251
TOI-1136 d,TOI-1136,toi-1136,Transit,transit,2022,2022,false,2020s,12.5199,4.627,8.35,843.0,84.5362,192.1848981,64.8552755
OGLE-2019-BLG-0299L b,OGLE-2019-BLG-0299L,ogle-2019-blg-0299l,Microlensing,microlensing,2021,2021,false,2020s,,12.7,1976.89269154,,5830.0,266.6794583,-23.5843111
TOI-199 c,TOI-199,toi-199,Transit Timing Variations,transit timing variations,2023,2023,false,2020s,273.69,11.4,88.99195396,,102.27,80.1058735,-59.8954326
TOI-500 e,TOI-500,toi-500,Radial Velocity,radial velocity,2022,2022,false,2020s,61.3,3.99,15.05,,47.3924,106.559098,-47.5878156
Kepler-1932 b,Kepler-1932,kepler-1932,Transit,transit,2021,2021,false,2020s,0.524177015,1.51482218,2.91,1891.0,713.733,285.3314903,41.0638435
Kepler-534 c,Kepler-534,kepler-534,Transit,transit,2021,2021,false,2020s,7.378689766,1.227,2.02,933.0,570.659,296.4185696,49.540148
Kepler-1955 b,Kepler-1955,kepler-1955,Transit,transit,2021,2021,false,2020s,14.26519966,1.16654878,1.69,853.0,449.351,299.5347603,40.4777528
Kepler-1869 c,Kepler-1869,kepler-1869,Transit,transit,2023,2023,false,2020s,1.716828304,0.74,0.33,1455.0,113.025,292.6149958,42.7643438
TOI-125 d,TOI-125,toi-125,Transit,transit,2020,2020,false,2020s,19.98,2.93,13.6,638.1,111.059,23.5934253,-66.6763495
TOI-4379 b,TOI-4379,toi-4379,Transit,transit,2024,2024,false,2020s,3.25352,16.69017226,353.74301699,1869.38,645.158,252.0478813,-32.4337532
TOI-198 b,TOI-198,toi-198,Transit,transit,2023,2023,false,2020s,10.2152,1.44,2.67,368.0,23.7262,2.2715087,-27.1217452
TOI-500 d,TOI-500,toi-500,Radial Velocity,radial velocity,2022,2022,false,2020s,26.233,6.35,33.12,,47.3924,106.559098,-47.5878156
HD 155918 b,HD 155918,hd 155918,Radial Velocity,radial velocity,2022,2022,false,2020s,1.87567,2.67,7.62788177,,27.561,260.5364025,-75.349239
Kepler-1866 b,Kepler-1866,kepler-1866,Transit,transit,2021,2021,false,2020s,11.66009998,2.08215108,4.99,834.0,976.737,286.2246453,44.6544869
TOI-4582 b,TOI-4582,toi-4582,Transit,transit,2023,2023,false,2020s,31.034,10.53644186,168.44905571,614.66,383.846,256.8601374,68.8656263
TOI-2274 b,TOI-2274,toi-2274,Transit,transit,2024,2024,false,2020s,2.67963,2.45,6.57,771.46,48.876,277.459311,40.5414117
TOI-1751 b,TOI-1751,toi-1751,Transit,transit,2024,2024,false,2020s,37.46852,2.9507845,19.5,651.64,113.335,243.4888534,63.5335297
TOI-4145 A b,TOI-4145 A,toi-4145 a,Transit,transit,2023,2023,false,2020s,4.0664428,13.30506009,136.66621501,1074.0,205.387,39.4297435,80.2673838
TOI-1180 b,TOI-1180,toi-1180,Transit,transit,2024,2024,false,2020s,9.686760378,3.072,10.0,638.18,72.0238,214.5557741,82.1937642
HD 25463 b,HD 25463,hd 25463,Transit,transit,2023,2023,false,2020s,7.0491423,2.54535814,8.7,1198.46,45.6181,60.7483361,9.2077676
Kepler-1990 b,Kepler-1990,kepler-1990,Transit,transit,2023,2023,false,2020s,1.73513619,3.27,10.7,1554.0,392.739,299.7047433,44.4357068
Kepler-633 c,Kepler-633,kepler-633,Transit,transit,2021,2021,false,2020s,23.78319931,2.296,5.89,725.0,680.54,295.2173259,40.5921599
KMT-2021-BLG-0240L b,KMT-2021-BLG-0240L,kmt-2021-blg-0240l,Microlensing,microlensing,2022,2022,false,2020s,,9.6,66.74396547,,6600.0,267.5772917,-30.0049694
TOI-5592 b,TOI-5592,toi-5592,Transit,transit,2025,2025,false,2020s,2.6085846,17.14974047,285.72773789,1789.0,597.026,106.6800684,65.857249
TOI-1338 c,TOI-1338 A,toi-1338 a,Radial Velocity,radial velocity,2023,2023,false,2020s,215.79,10.3,75.4,,399.017,92.1330955,-59.5409853
Kepler-1952 b,Kepler-1952,kepler-1952,Transit,transit,2021,2021,false,2020s,27.21080017,1.23923346,2.07,725.0,852.062,288.0764082,43.9584839
GJ 806 c,GJ 806,gj 806,Radial Velocity,radial velocity,2023,2023,false,2020s,6.64064,2.28,5.8,490.0,12.0445,311.2697002,44.5002351
TOI-1775 b,TOI-1775,toi-1775,Transit,transit,2024,2024,false,2020s,10.2405549,8.04728896,96.0,707.89,149.234,150.1151015,39.4577506
TOI-2796 b,TOI-2796,toi-2796,Transit,transit,2023,2023,false,2020s,4.8084983,17.26183028,139.84449908,1205.0,350.343,84.1527191,0.8962788
HD 28109 b,HD 28109,hd 28109,Transit,transit,2022,2022,false,2020s,22.891054,2.69,6.2,867.0,139.611,65.2383065,-68.1026875
TOI-2427 b,TOI-2427,toi-2427,Transit,transit,2022,2022,false,2020s,1.3060011,1.8,3.89,1117.0,28.5147,52.2917315,-31.3628665
HD 110067 d,HD 110067,hd 110067,Transit,transit,2023,2023,false,2020s,20.519617,2.852,8.52,602.0,32.1585,189.8392243,20.0273377
Kepler-1514 c,Kepler-1514,kepler-1514,Transit,transit,2020,2020,false,2020s,10.514181,1.1758241,1.74,1066.0,397.292,292.6274943,37.8601653
Kepler-68 e,Kepler-68,kepler-68,Radial Velocity,radial velocity,2023,2023,false,2020s,3455.0,11.2,86.4493267,,144.166,291.0323102,49.0402129
TOI-332 b,TOI-332,toi-332,Transit,transit,2023,2023,false,2020s,0.777038,3.2,57.2,1871.0,222.852,348.0589516,-44.8764852
TOI-880.02,TOI-880,toi-880,Transit,transit,2024,2024,false,2020s,2.57571,2.19,5.43,1085.0,60.6679,94.1644734,-13.987337
HD 80653 b,HD 80653,hd 80653,Transit,transit,2020,2020,false,2020s,0.719573,1.613,5.72,2463.0,109.86,140.3390845,14.3678691
TOI-6130 b,TOI-6130,toi-6130,Transit,transit,2024,2024,false,2020s,2.392679,14.3474953,333.71982735,1750.0,220.882,339.2050832,16.8271941
K2-338 b,K2-338,k2-338,Transit,transit,2021,2021,false,2020s,3.850614,1.03,1.08,783.0,156.951,124.3609294,17.0241557
KMT-2019-BLG-1367L b,KMT-2019-BLG-1367L,kmt-2019-blg-1367l,Microlensing,microlensing,2023,2023,false,2020s,,1.85,4.08,,4670.0,272.4713333,-29.7622111
TOI-1422 c,TOI-1422,toi-1422,Radial Velocity,radial velocity,2025,2025,false,2020s,34.5633,2.61,14.0,628.0,155.141,354.240829,39.6392793
TOI-1683.01,TOI-1683,toi-1683,Transit,transit,2024,2024,false,2020s,3.0575356,2.6382,7.45,929.25,51.1884,65.9796504,27.8223701
TOI-5143 c,TOI-5143,toi-5143,Transit,transit,2025,2025,false,2020s,5.2097118,16.25302201,,904.48,181.38,165.3651202,5.1394812
NGTS-25 b,NGTS-25,ngts-25,Transit,transit,2022,2022,false,2020s,2.823093,11.46678726,203.09235207,1101.0,521.233,307.4182976,-39.0323568
TOI-5726.01,TOI-5726,toi-5726,Transit,transit,2024,2024,false,2020s,5.491125215,2.554,7.05,1093.03,108.848,123.3950504,68.5745899
TOI-1260 b,TOI-1260,toi-1260,Transit,transit,2021,2021,false,2020s,3.127463,2.41,8.56,871.0,73.5977,157.1440712,65.8541986
TOI-3976 A b,TOI-3976 A,toi-3976 a,Transit,transit,2023,2023,false,2020s,6.607662,12.27383387,55.61997123,1295.0,516.087,224.3560083,44.2743223
Kepler-1802 b,Kepler-1802,kepler-1802,Transit,transit,2021,2021,false,2020s,15.45020008,1.671,3.43,581.0,636.694,300.2420869,44.1412854
TOI-4155 b,TOI-4155,toi-4155,Transit,transit,2025,2025,false,2020s,3.320729,3.21,10.4,1255.0,240.737,325.6362269,77.7343836
TOI-431 c,TOI-431,toi-431,Radial Velocity,radial velocity,2021,2021,false,2020s,4.8494,1.49,2.83,867.0,32.5686,83.2692502,-26.7238698
TOI-5716 b,TOI-5716,toi-5716,Transit,transit,2025,2025,false,2020s,6.7663,0.96,0.84,400.0,39.4122,201.9007989,73.1774325
TOI-4342 c,TOI-4342,toi-4342,Transit,transit,2023,2023,false,2020s,10.688716,2.415,6.41,508.9,61.5204,324.3894196,-77.9791468
HD 63433 d,HD 63433,hd 63433,Transit,transit,2023,2023,false,2020s,4.209075,1.073,1.25,1040.0,22.4035,117.4793699,27.3631342
HD 35843 b,HD 35843,hd 35843,Radial Velocity,radial velocity,2025,2025,false,2020s,9.8991,2.29,5.84,,69.6026,81.3488924,-44.4312849
TOI-277 b,TOI-277,toi-277,Transit,transit,2022,2022,false,2020s,3.994,2.65,7.51,587.92,64.6692,19.0766985,-20.9532772
TOI-2986 b,TOI-2986,toi-2986,Transit,transit,2025,2025,false,2020s,3.2783662,9.292245,96.61983573,1622.0,563.149,163.7715605,-6.4784524
mu2 Sco b,mu2 Sco,mu2 sco,Imaging,imaging,2022,2022,false,2020s,,12.3,4576.7290608,,,253.0838724,-38.0176339
Kepler-1863 b,Kepler-1863,kepler-1863,Transit,transit,2021,2021,false,2020s,44.99760056,2.26309256,5.74,508.0,865.546,282.2397185,43.2440854
KOINTREAU-1 b,XEST 17-036,xest 17-036,Imaging,imaging,2026,2026,false,2020s,,12.4,3368.9811142,,158.618,68.359288,22.758056
TOI-2411 b,TOI-2411,toi-2411,Transit,transit,2022,2022,false,2020s,0.7826942,1.68,3.46,1355.0,59.5362,20.9224567,-8.7017944
TOI-3082 b,TOI-3082,toi-3082,Transit,transit,2023,2023,false,2020s,1.926907,3.6621,13.0,1032.78,113.048,195.9080719,-19.2189845
Kepler-1836 b,Kepler-1836,kepler-1836,Transit,transit,2021,2021,false,2020s,5.254169941,2.55303229,7.05,1093.0,1472.62,292.3150933,40.8387799
Kepler-896 c,Kepler-896,kepler-896,Transit,transit,2023,2023,false,2020s,29.5422566,3.15,10.1,515.0,2334.93,282.4391402,43.7344291
Barnard e,Barnard's star,barnard's star,Radial Velocity,radial velocity,2025,2025,false,2020s,6.7392,0.637,0.193,340.0,1.82655,269.4486144,4.7379808
Kepler-1966 b,Kepler-1966,kepler-1966,Transit,transit,2021,2021,false,2020s,8.617429733,1.10479327,1.39,733.0,484.601,292.4637788,41.2990438
Kepler-1987 d,Kepler-1987,kepler-1987,Transit,transit,2023,2023,false,2020s,5.644914154,2.66,7.56,744.0,595.683,295.8254663,42.9433716
Kepler-1661 b,Kepler-1661,kepler-1661,Transit,transit,2020,2020,false,2020s,175.06,3.87,17.0,243.0,410.607,285.1670927,41.9669383
TOI-836 b,TOI-836,toi-836,Transit,transit,2023,2023,false,2020s,3.81673,1.704,4.53,871.0,27.5024,225.0798831,-24.4542022
K2-413 b,K2-413,k2-413,Transit,transit,2022,2022,false,2020s,0.8094,0.7599,0.363,,285.162,353.4175668,-7.6120272
NGTS-17 b,NGTS-17,ngts-17,Transit,transit,2021,2021,false,2020s,3.24253,13.89913607,242.82090295,1457.0,1040.28,72.9005729,-34.2262128
HD 165131 b,HD 165131,hd 165131,Radial Velocity,radial velocity,2023,2023,false,2020s,2342.6,12.1,5943.3912109,,57.4263,271.3444007,-21.6737039
G 268-110 b,G 268-110,g 268-110,Radial Velocity,radial velocity,2025,2025,false,2020s,1.43263,1.13,1.52,534.0,,16.223688,-18.124802
Kepler-1948 b,Kepler-1948,kepler-1948,Transit,transit,2021,2021,false,2020s,15.57129955,1.03283226,1.09,399.0,193.903,287.3640804,47.7853043
TOI-682.01,TOI-682,toi-682,Transit,transit,2021,2021,false,2020s,6.8392388,3.74186,13.5,1090.0,83.1548,167.88543,-22.0727803
TOI-7384 b,TOI-7384,toi-7384,Transit,transit,2026,2026,false,2020s,6.2340258,3.56,12.4,378.0,66.7902,83.1031834,-39.8342501
TOI-1453 b,TOI-1453,toi-1453,Transit,transit,2025,2025,false,2020s,4.3135225,1.173,2.32,944.2,78.7415,258.2232705,57.1977779
TOI-2141 b,TOI-2141,toi-2141,Transit,transit,2023,2023,false,2020s,18.261608,3.147,20.1,728.0,77.682,258.7623456,18.3403449
TOI-763 b,TOI-763,toi-763,Transit,transit,2020,2020,false,2020s,5.6057,2.28,9.79,1038.0,95.1274,194.468098,-39.7580613
EPIC 220492298 b,EPIC 220492298,epic 220492298,Transit,transit,2021,2021,false,2020s,0.762406,0.99,0.937,,624.512,16.7615005,6.588798
HD 63935 b,HD 63935,hd 63935,Transit,transit,2021,2021,false,2020s,9.058807,2.91575244,10.5,825.22,48.9739,117.9246417,9.3852412
WASP-149 b,WASP-149,wasp-149,Transit,transit,2025,2025,false,2020s,1.332813,15.24421375,314.96795134,1855.0,211.73,124.073681,-8.6865813
K2-403 b,K2-403,k2-403,Transit,transit,2022,2022,false,2020s,33.589979,5.333,24.6,949.0,246.599,164.1893864,9.6739464
TOI-2128 b,TOI-2128,toi-2128,Transit,transit,2024,2024,false,2020s,16.34136,2.08874836,4.5,780.53,36.578,256.9817998,32.1053027
GJ 2030 b,GJ 2030,gj 2030,Radial Velocity,radial velocity,2022,2022,false,2020s,2.38129,2.03,4.76742611,,37.0788,50.8237604,-7.7950429
K2-157 d,K2-157,k2-157,Radial Velocity,radial velocity,2025,2025,false,2020s,66.5,5.16,23.3,429.1,298.373,183.7514959,-5.7820178
Kepler-1720 b,Kepler-1720,kepler-1720,Transit,transit,2021,2021,false,2020s,12.70639992,3.21585295,10.4,697.0,629.445,296.8086813,47.1718557
Kepler-1727 b,Kepler-1727,kepler-1727,Transit,transit,2021,2021,false,2020s,9.029299736,3.17321625,10.2,757.0,894.187,290.3336142,38.7282722
ITG 15 b,ITG 15 A,itg 15 a,Imaging,imaging,2024,2024,false,2020s,,12.1,6674.396547,2601.0,136.37,69.9370379,26.0312128
Kepler-1891 b,Kepler-1891,kepler-1891,Transit,transit,2021,2021,false,2020s,4.02229023,1.52139156,2.93,1017.0,596.24,290.0438524,44.3705375
Kepler-1666 c,Kepler-1666,kepler-1666,Transit,transit,2020,2020,false,2020s,40.7157,3.23564749,10.5,578.0,1379.37,297.9516071,46.2647024
KIC 10068024 b,KIC 10068024,kic 10068024,Orbital Brightness Modulation,orbital brightness modulation,2021,2021,false,2020s,2.073549,13.4,635.656814,,721.105,288.8470423,47.0228607
K2-325 b,K2-325,k2-325,Transit,transit,2020,2020,false,2020s,6.93,2.2,5.48,423.0,111.638,353.9169507,-7.6867213
Kepler-716 c,Kepler-716,kepler-716,Transit,transit,2020,2020,false,2020s,3.96999,1.39281536,2.52,992.0,635.009,290.3931809,43.3638577
Kepler-1850 b,Kepler-1850,kepler-1850,Transit,transit,2021,2021,false,2020s,1.385800004,0.72909663,0.313,1008.0,250.199,287.1428295,43.6161177
GJ 393 b,GJ 393,gj 393,Radial Velocity,radial velocity,2021,2021,false,2020s,7.02679,1.17,1.71,485.0,7.03149,157.2288672,0.8378485
Kepler-1933 b,Kepler-1933,kepler-1933,Transit,transit,2021,2021,false,2020s,4.943290234,1.17984089,1.76,1058.0,328.007,283.995085,39.9170121
TOI-5388.01,TOI-5388,toi-5388,Transit,transit,2024,2024,false,2020s,2.5946748,0.99,2.2,488.0,18.5226,152.1765169,35.5475571
TOI-1238 c,TOI-1238,toi-1238,Transit,transit,2022,2022,false,2020s,3.294736,2.11,8.32,695.0,70.7145,201.3823387,68.8360678
GJ 887 b,GJ 887,gj 887,Radial Velocity,radial velocity,2020,2020,false,2020s,9.262,1.88,4.2,468.0,3.29,346.4668274,-35.8530693
GJ 887 c,GJ 887,gj 887,Radial Velocity,radial velocity,2020,2020,false,2020s,21.789,2.67,7.6,352.0,3.29,346.4668274,-35.8530693
HD 141004 b,HD 141004,hd 141004,Radial Velocity,radial velocity,2021,2021,false,2020s,15.5083,3.77,13.63483866,,11.8148,236.6099205,7.3527684
HD 95735 c,GJ 411,gj 411,Radial Velocity,radial velocity,2021,2021,false,2020s,2946.0,3.76,13.6,,5.675773,165.834471,35.972317
TOI-1518 b,TOI-1518,toi-1518,Transit,transit,2021,2021,false,2020s,1.90261131,21.05046575,581.62598481,2546.0,225.888,352.2675207,67.0348062
HD 189567 b,HD 189567,hd 189567,Radial Velocity,radial velocity,2021,2021,false,2020s,14.288,2.85,8.5,,17.9055,301.3959616,-67.3237992
HD 189567 c,HD 189567,hd 189567,Radial Velocity,radial velocity,2021,2021,false,2020s,33.688,2.54,7.0,,17.9055,301.3959616,-67.3237992
pi Men d,HD 39091,hd 39091,Radial Velocity,radial velocity,2022,2022,false,2020s,124.64,3.72,13.38,,18.2702,84.2992798,-80.4646041
GJ 3090 b,GJ 3090,gj 3090,Transit,transit,2022,2022,false,2020s,2.85310198,2.18,4.52,723.0,22.4751,20.4384281,-46.7147234
TOI-1774.01,TOI-1774,toi-1774,Transit,transit,2021,2021,false,2020s,16.70988,2.78,8.5,824.0,53.974,148.1619305,35.111008
TOI-2145 b,TOI-2145,toi-2145,Transit,transit,2023,2023,false,2020s,10.261128,12.24020692,1805.26535176,1484.0,224.731,263.7580753,40.6950428
HD 140901 b,HD 140901,hd 140901,Radial Velocity,radial velocity,2022,2022,false,2020s,9.02378,4.07,15.57359194,,15.2528,236.8689866,-37.9172333
HD 140901 c,HD 140901,hd 140901,Radial Velocity,radial velocity,2022,2022,false,2020s,14386.0,13.4,572.0911326,,15.2528,236.8689866,-37.9172333
AF Lep b,AF Lep,af lep,Imaging,imaging,2023,2023,false,2020s,8905.0,13.0,1147.36054927,1400.0,26.8564,81.7699216,-11.9011752
rho CrB d,rho CrB,rho crb,Radial Velocity,radial velocity,2023,2023,false,2020s,282.2,4.94,21.6,,17.4671,240.2600639,33.3001861
rho CrB e,rho CrB,rho crb,Radial Velocity,radial velocity,2023,2023,false,2020s,12.949,1.77,3.79,,17.4671,240.2600639,33.3001861
HD 20794 f,HD 20794,hd 20794,Radial Velocity,radial velocity,2025,2025,false,2020s,647.6,2.28,5.82,,6.00278,49.9997666,-43.0666533
55 Cnc B b,55 Cnc B,55 cnc b,Radial Velocity,radial velocity,2025,2025,false,2020s,6.7994,1.69,3.5,,12.4773,133.167908,28.3152863
55 Cnc B c,55 Cnc B,55 cnc b,Radial Velocity,radial velocity,2025,2025,false,2020s,33.747,2.16,5.3,,12.4773,133.167908,28.3152863
GJ 3090 c,GJ 3090,gj 3090,Radial Velocity,radial velocity,2026,2026,false,2020s,15.9407,3.14,10.0,407.2,22.4751,20.4384281,-46.7147234
HD 85426 c,TOI-1774,toi-1774,Radial Velocity,radial velocity,2026,2026,false,2020s,35.73,3.19,10.3,640.0,53.974,148.1619305,35.111008
GJ 4274 b,GJ 4274,gj 4274,Radial Velocity,radial velocity,2026,2026,false,2020s,1.6339,1.53,2.97,,7.23556,335.7805478,-17.6104078
GJ 4274 c,GJ 4274,gj 4274,Radial Velocity,radial velocity,2026,2026,false,2020s,69.57,2.83,8.39,,7.23556,335.7805478,-17.6104078
Kepler-1674 b,Kepler-1674,kepler-1674,Transit,transit,2020,2020,false,2020s,62.5611,3.2057749,10.4,417.0,1012.48,294.8160447,45.3060844
WASP-189 b,WASP-189,wasp-189,Transit,transit,2020,2020,false,2020s,2.724033,18.14733975,632.47852993,3353.0,99.731,225.686732,-3.0314874
Ross 176 b,Ross 176,ross 176,Transit,transit,2025,2025,false,2020s,5.0066338,1.84,4.57,682.0,46.4488,305.6897438,47.3086191
TOI-5422 b,TOI-5422,toi-5422,Transit,transit,2026,2026,false,2020s,5.377219,9.10169233,8899.195396,1369.0,346.141,86.8436173,25.6260342
WASP-107 c,WASP-107,wasp-107,Radial Velocity,radial velocity,2020,2020,false,2020s,1088.0,13.2,115.0,,64.7414,188.3864277,-10.1462141
TOI-1743 b,TOI-1743,toi-1743,Transit,transit,2025,2025,false,2020s,4.266046,1.83,4.01,485.0,41.2758,257.7473322,71.8722039
Proxima Cen d,Proxima Cen,proxima cen,Radial Velocity,radial velocity,2025,2025,false,2020s,5.12338,0.692,0.26,282.0,1.30119,217.3934657,-62.6761821
HAT-P-2 c,HAT-P-2,hat-p-2,Radial Velocity,radial velocity,2023,2023,false,2020s,8500.0,12.4,3400.7639549,,127.774,245.1514324,41.0479601
HD 80913 b,HD 80913,hd 80913,Radial Velocity,radial velocity,2022,2022,false,2020s,10839.83341,12.0,7505.2000029,,61.3603,138.1021548,-81.768451
Kepler-1984 b,Kepler-1984,kepler-1984,Transit,transit,2023,2023,false,2020s,1.992812339,6.81,37.3,675.0,,291.2850446,40.7300225
Kepler-598 c,Kepler-598,kepler-598,Transit,transit,2020,2020,false,2020s,86.4945,3.02420941,9.4,367.0,681.086,293.1234493,40.9348005
Kepler-1786 b,Kepler-1786,kepler-1786,Transit,transit,2021,2021,false,2020s,78.5460968,3.16305828,10.1,501.0,863.909,292.5877743,38.5219827
GJ 687 c,GJ 687,gj 687,Radial Velocity,radial velocity,2020,2020,false,2020s,727.562,4.14,16.0,,4.54939,264.1041731,68.3336741
Kepler-1844 b,Kepler-1844,kepler-1844,Transit,transit,2021,2021,false,2020s,3.924510002,3.03648191,9.46,1074.0,1804.36,292.6903973,37.9345682
HD 206893 c,HD 206893,hd 206893,Imaging,imaging,2022,2022,false,2020s,2090.0,16.36511182,4036.4207689,1181.9,40.7583,326.3416874,-12.7833522
G 192-15 c,G 192-15,g 192-15,Radial Velocity,radial velocity,2025,2025,false,2020s,1219.0,3.87,14.3,55.9,9.53114,90.6220931,49.861939
Kepler-457 d,KOI-7892,koi-7892,Transit,transit,2021,2021,false,2020s,10.6906004,2.98467257,9.19,1008.0,1072.3,282.3775397,44.694569
TOI-7510 b,TOI-7510,toi-7510,Transit,transit,2025,2025,false,2020s,11.530869,7.31,18.1,878.0,249.006,273.728188,-54.4340547
Kepler-381 d,Kepler-381,kepler-381,Transit,transit,2021,2021,false,2020s,8.256299973,1.0667865,1.23,1387.0,267.323,285.1828685,43.8310283
Kepler-1806 b,Kepler-1806,kepler-1806,Transit,transit,2021,2021,false,2020s,9.033320427,2.35560189,6.15,729.0,978.066,287.5349528,49.8016283
KIC 5479689 b,KIC 5479689,kic 5479689,Orbital Brightness Modulation,orbital brightness modulation,2021,2021,false,2020s,1.701531,14.2,158.9142035,,454.95,299.3254983,40.6381229
Kepler-1759 b,Kepler-1759,kepler-1759,Transit,transit,2021,2021,false,2020s,3.720230103,0.9037791,0.676,954.0,385.348,298.4656275,48.5593334
HD 97037 b,HD 97037,hd 97037,Radial Velocity,radial velocity,2022,2022,false,2020s,6449.08337,12.1,6707.76852973,,32.413,167.5545621,-7.3901483
K2-343 b,K2-343,k2-343,Transit,transit,2021,2021,false,2020s,2.787174,1.65,3.36,653.0,166.169,134.2021746,21.5026882
Kepler-1756 b,Kepler-1756,kepler-1756,Transit,transit,2021,2021,false,2020s,2.355750084,1.47199944,2.77,1093.0,,294.364904,40.7208898
K2-366 b,K2-366,k2-366,Transit,transit,2022,2022,false,2020s,15.937039,2.359,6.16,,185.947,243.6800912,-19.3468837
Kepler-1960 b,Kepler-1960,kepler-1960,Transit,transit,2021,2021,false,2020s,2.297940016,1.30749704,2.26,1547.0,1527.56,294.6969361,46.7202043
HD 169142 b,HD 169142,hd 169142,Imaging,imaging,2023,2023,false,2020s,,13.1,953.485221,,113.6,276.1240717,-29.7805318
Kepler-1666 b,Kepler-1666,kepler-1666,Transit,transit,2020,2020,false,2020s,25.8476,2.88273782,8.66,672.0,1379.37,297.9516071,46.2647024
Kepler-1924 b,Kepler-1924,kepler-1924,Transit,transit,2021,2021,false,2020s,15.33170033,2.65446572,7.53,821.0,1910.77,293.767386,42.8291562
K2-409 b,K2-409,k2-409,Transit,transit,2022,2022,false,2020s,1.908084,2.482,6.72,,431.031,228.4551125,-16.3512966
HD 153557 b,HD 153557,hd 153557,Radial Velocity,radial velocity,2022,2022,false,2020s,7.29903,4.77,20.34101805,,17.9412,254.4706516,47.3678558
Kepler-324 e,Kepler-324,kepler-324,Transit,transit,2021,2021,false,2020s,13.97939968,2.03862444,235.014,635.0,501.574,286.4714473,49.6490933
Kepler-763 c,Kepler-763,kepler-763,Transit,transit,2023,2023,false,2020s,4.09667624,1.42,2.6,938.0,962.459,292.1445534,47.1573604
LHS 3154 b,LHS 3154,lhs 3154,Radial Velocity,radial velocity,2023,2023,false,2020s,3.71778,3.69,13.15,,15.7606,241.6367309,40.9068221
Kepler-1907 c,Kepler-1907,kepler-1907,Transit,transit,2021,2021,false,2020s,14.86390018,1.15547044,1.63,620.0,292.111,280.7085829,47.3279236
Kepler-1986 b,Kepler-1986,kepler-1986,Transit,transit,2023,2023,false,2020s,19.5489666,1.89,4.23,579.0,912.085,292.9582727,42.8548909
HD 135344 A b,HD 135344 A,hd 135344 a,Imaging,imaging,2025,2025,false,2020s,,16.25302201,3178.28407,1585.0,141.595,228.9538416,-37.1489176
Kepler-1834 b,Kepler-1834,kepler-1834,Transit,transit,2021,2021,false,2020s,4.603010178,1.4593834,2.73,848.0,500.395,294.6646789,39.7838461
HD 18438 b,HD 18438,hd 18438,Radial Velocity,radial velocity,2023,2023,false,2020s,803.0,12.1,6674.396547,,224.146,46.5318358,79.41858
Kepler-1067 c,Kepler-1067,kepler-1067,Transit,transit,2021,2021,false,2020s,5.425839901,1.74682428,3.7,973.0,667.693,285.3873706,45.0490265
K2-369 b,K2-369,k2-369,Transit,transit,2022,2022,false,2020s,5.761612,1.313,2.28,,185.55,329.7262534,-10.8750666
HD 457 b,HD 457,hd 457,Radial Velocity,radial velocity,2022,2022,false,2020s,20324.58153,11.9,8445.3364308,,55.0375,2.2492922,-39.7372401
HD 112640 b,HD 112640,hd 112640,Radial Velocity,radial velocity,2020,2020,false,2020s,613.2,12.9,1589.15,,323.335,194.2415171,67.2429122
Kepler-1969 b,Kepler-1969,kepler-1969,Transit,transit,2021,2021,false,2020s,6.647520065,1.68161001,3.47,999.0,1204.54,294.7842662,49.4920557
Kepler-48 f,Kepler-48,kepler-48,Radial Velocity,radial velocity,2023,2023,false,2020s,5219.681854,13.8,298.5809968,,306.738,299.1393094,40.948939
GJ 328 c,GJ 328,gj 328,Radial Velocity,radial velocity,2023,2023,false,2020s,241.8,4.91,21.4,,20.5266,133.7819507,1.5420011
Kepler-1864 b,Kepler-1864,kepler-1864,Transit,transit,2021,2021,false,2020s,3.881510019,0.75408365,0.353,1156.0,298.894,289.6867653,41.5889178
WISPIT 1 b,WISPIT 1,wispit 1,Imaging,imaging,2025,2025,false,2020s,,12.4,3305.4154328,,230.007,117.798555,-50.1376852
Kepler-281 d,Kepler-281,kepler-281,Transit,transit,2021,2021,false,2020s,148.2720032,5.93747806,654.0,321.0,1745.45,294.1081465,44.7706524
Kepler-1694 b,Kepler-1694,kepler-1694,Transit,transit,2020,2020,false,2020s,3.89526,1.17986031,1.76,956.0,513.329,293.7936339,40.241023
KMT-2022-BLG-1818L c,KMT-2022-BLG-1818L,kmt-2022-blg-1818l,Microlensing,microlensing,2026,2026,false,2020s,,13.2,114.41822652,,5300.0,270.798625,-27.4811111
HD 12235 b,HD 12235,hd 12235,Radial Velocity,radial velocity,2022,2022,false,2020s,4.36305,3.23,10.48833743,,31.7627,30.0391601,3.0959098
HD 87816 b,HD 87816,hd 87816,Radial Velocity,radial velocity,2025,2025,false,2020s,484.17,12.7,2142.16346318,,133.233,151.5296524,-52.1878679
K2-376 b,K2-376,k2-376,Transit,transit,2022,2022,false,2020s,5.776475,1.736,3.66,,161.61,132.7193327,25.0380824
KMT-2020-BLG-0414L b,KMT-2020-BLG-0414L,kmt-2020-blg-0414l,Microlensing,microlensing,2021,2021,false,2020s,,1.2,1.87,,1220.0,271.915,-28.4852222
Kepler-1321 d,Kepler-1321,kepler-1321,Transit,transit,2021,2021,false,2020s,5.720920086,2.62843782,7.41,509.0,769.146,294.528597,46.6408737
Kepler-394 d,Kepler-394,kepler-394,Transit,transit,2021,2021,false,2020s,5.613580227,1.50066814,2.86,1165.0,1058.72,296.3019792,50.6723115
Kepler-1751 b,Kepler-1751,kepler-1751,Transit,transit,2021,2021,false,2020s,7.017310143,1.82417378,3.98,984.0,1291.47,284.8465476,49.6923412
Kepler-1743 b,Kepler-1743,kepler-1743,Transit,transit,2021,2021,false,2020s,7.649710178,1.59887007,3.18,1144.0,538.807,290.5523552,48.1262575
Kepler-1770 b,Kepler-1770,kepler-1770,Transit,transit,2021,2021,false,2020s,16.84189987,2.84141754,8.45,699.0,582.942,299.2502851,43.4103663
Kepler-385 d,Kepler-385,kepler-385,Transit,transit,2020,2020,false,2020s,56.4159,2.6186448,7.36,535.0,1432.61,294.3385109,50.3365178
Gl 410 b,Gl 410,gl 410,Radial Velocity,radial velocity,2025,2025,false,2020s,6.02,2.83,8.4,,11.9324,165.6604212,21.9669164
HD 96700 c,HD 96700,hd 96700,Radial Velocity,radial velocity,2021,2021,false,2020s,19.88,1.69,3.5,,25.4111,166.9742616,-30.1751383
K2-398 b,K2-398,k2-398,Transit,transit,2022,2022,false,2020s,6.393025,2.274,5.79,,606.992,161.7349738,1.9367044
Kepler-2000 b,Kepler-2000,kepler-2000,Transit,transit,2023,2023,false,2020s,6.383159135,2.73,7.9,530.0,320.588,285.5743032,49.9621218
Kepler-1877 b,Kepler-1877,kepler-1877,Transit,transit,2021,2021,false,2020s,2.377569914,0.624086,0.179,1278.0,285.312,294.866924,46.7904816
HD 150010 b,HD 150010,hd 150010,Radial Velocity,radial velocity,2022,2022,false,2020s,562.0,13.3,762.7881768,,144.49,247.8670682,72.6125804
GJ 514 b,GJ 514,gj 514,Radial Velocity,radial velocity,2022,2022,false,2020s,140.43,2.13,5.2,202.0,7.61778,202.5040424,10.3725387
Kepler-1709 b,Kepler-1709,kepler-1709,Transit,transit,2021,2021,false,2020s,65.70459747,3.12424875,9.93,472.0,273.946,283.3748873,43.7883708
Kepler-1904 b,Kepler-1904,kepler-1904,Transit,transit,2021,2021,false,2020s,4.577020168,1.3904994,2.51,567.0,270.854,288.8744026,51.1542215
HATS-47 b,HATS-47,hats-47,Transit,transit,2020,2020,false,2020s,3.9228038,12.520453,117.27927,852.9,300.67,287.4844021,-49.6649424
Kepler-1902 b,Kepler-1902,kepler-1902,Transit,transit,2021,2021,false,2020s,3.822220087,1.17563613,1.74,601.0,344.337,292.7376545,42.0147792
HD 134606 f,HD 134606,hd 134606,Radial Velocity,radial velocity,2024,2024,false,2020s,26.915,2.24,5.63,,26.7909,228.8103897,-70.5203328
GJ 3998 d,GJ 3998,gj 3998,Radial Velocity,radial velocity,2025,2025,false,2020s,41.78,2.34,6.07,,18.1459,259.0020507,11.0561751
HIP 5763 b,HIP 5763,hip 5763,Radial Velocity,radial velocity,2021,2021,false,2020s,30.014,14.2,162.09248757,,31.9043,18.495343,16.4942738
HATS-48 A b,HATS-48 A,hats-48 a,Transit,transit,2020,2020,false,2020s,3.1316666,8.9672,77.23269,954.6,263.609,288.6720048,-59.5793505
HATS-49 b,HATS-49,hats-49,Transit,transit,2020,2020,false,2020s,4.1480467,8.574885,112.19399,834.8,324.413,6.6135927,-56.3442798
HATS-72 b,HATS-72,hats-72,Transit,transit,2020,2020,false,2020s,7.3279474,8.0973816,39.855882,739.3,127.589,339.0258401,-17.0003046
Kepler-1085 c,Kepler-1085,kepler-1085,Transit,transit,2020,2020,false,2020s,56.7771,3.26817741,10.7,491.0,1364.53,287.4776359,46.1411685
Kepler-1856 b,Kepler-1856,kepler-1856,Transit,transit,2021,2021,false,2020s,1.302000046,1.73447868,3.66,1344.0,848.76,295.9091695,51.3478777
Kepler-1958 b,Kepler-1958,kepler-1958,Transit,transit,2021,2021,false,2020s,9.328619957,2.05124311,4.86,806.0,1320.38,289.1041643,41.6901138
TOI-169 b,TOI-169,toi-169,Transit,transit,2020,2020,false,2020s,2.2554477,12.172974,251.40353,1715.0,407.84,16.7786879,-75.1989452
Kepler-879 c,Kepler-879,kepler-879,Transit,transit,2024,2024,false,2020s,0.646716,0.4,0.0364,,802.672,295.8065515,50.9097521
HD 33142 d,HD 33142,hd 33142,Radial Velocity,radial velocity,2022,2022,false,2020s,89.9,9.32,63.5656814,,121.375,76.8980559,-13.9863374
Kepler-1695 b,Kepler-1695,kepler-1695,Transit,transit,2020,2020,false,2020s,4.7329,1.11948901,1.46,957.0,791.175,293.6193001,46.4134015
NGTS-11 b,NGTS-11,ngts-11,Transit,transit,2020,2020,false,2020s,35.45533,9.157753,109.33352,435.0,190.422,23.5214497,-14.4191493
TOI-1728 b,TOI-1728,toi-1728,Transit,transit,2020,2020,false,2020s,3.49151,5.05,26.78,767.0,60.798,120.6116787,64.7971531
HIP 114933 b,HIP 114933,hip 114933,Radial Velocity,radial velocity,2021,2021,false,2020s,1481.6,13.4,616.58710958,,101.766,349.2071949,-21.2033101
Kepler-1162 c,Kepler-1162,kepler-1162,Transit,transit,2023,2023,false,2020s,59.284064,1.81,3.93,401.0,940.211,283.2920273,45.4339813
HD 86226 c,HD 86226,hd 86226,Transit,transit,2020,2020,false,2020s,3.98442,2.16,7.25,1311.0,45.683,149.1235154,-24.0991859
HD 158259 b,HD 158259,hd 158259,Radial Velocity,radial velocity,2020,2020,false,2020s,2.178,1.28228,2.22,1462.0,27.0498,261.3495847,52.7904721
HD 158259 d,HD 158259,hd 158259,Radial Velocity,radial velocity,2020,2020,false,2020s,5.1980814,2.18,5.41,,27.0498,261.3495847,52.7904721
HD 158259 e,HD 158259,hd 158259,Radial Velocity,radial velocity,2020,2020,false,2020s,7.951,2.34,6.08,,27.0498,261.3495847,52.7904721
HD 158259 f,HD 158259,hd 158259,Radial Velocity,radial velocity,2020,2020,false,2020s,12.028,2.35,6.14,,27.0498,261.3495847,52.7904721
COCONUTS-2 b,COCONUTS-2 A,coconuts-2 a,Imaging,imaging,2021,2021,false,2020s,402000000.0,12.44196858,2542.627256,434.0,10.8864,117.300914,-76.702696
HIP 65 A b,HIP 65 A,hip 65 a,Transit,transit,2020,2020,false,2020s,0.9809734,22.75427,1021.18779,1411.0,61.7856,0.1856063,-54.8308228
LTT 9779 b,LTT 9779,ltt 9779,Transit,transit,2020,2020,false,2020s,0.792052,4.72,29.32,1978.0,80.4373,358.6688767,-37.6282237
WD 1856+534 b,WD 1856+534,wd 1856+534,Transit,transit,2020,2020,false,2020s,1.4079405,10.4,4386.054,163.0,24.7359,284.415675,53.5090244
Kepler-1820 b,Kepler-1820,kepler-1820,Transit,transit,2021,2021,false,2020s,31.03249931,3.11883067,9.9,561.0,1425.39,296.71274,48.2722828
WASP-176 b,WASP-176,wasp-176,Transit,transit,2020,2020,false,2020s,3.899052,16.869545,271.74465,1721.0,568.42,313.6872928,9.1790688
Kepler-1867 b,Kepler-1867,kepler-1867,Transit,transit,2021,2021,false,2020s,9.887359619,1.15985997,1.65,768.0,680.583,294.9971007,43.4358698
Kepler-1834 c,Kepler-1834,kepler-1834,Transit,transit,2023,2023,false,2020s,0.766691517,1.22,1.98,1541.0,500.395,294.6646789,39.7838461
WASP-187 b,WASP-187,wasp-187,Transit,transit,2020,2020,false,2020s,5.147878,18.38276,254.264,1760.0,371.414,17.47474,25.6816494
TOI-451 c,TOI-451,toi-451,Transit,transit,2020,2020,false,2020s,9.192522,3.1,9.8,875.0,123.739,62.966385,-37.93973
TOI-451 b,TOI-451,toi-451,Transit,transit,2020,2020,false,2020s,1.858703,1.91,4.31,1491.0,123.739,62.966385,-37.93973
TOI-451 d,TOI-451,toi-451,Transit,transit,2020,2020,false,2020s,16.364988,4.07,15.6,722.0,123.739,62.966385,-37.93973
GJ 433 d,GJ 433,gj 433,Radial Velocity,radial velocity,2020,2020,false,2020s,36.059,2.14,5.223,,9.06456,173.8619194,-32.5436302
TOI-540 b,TOI-540,toi-540,Transit,transit,2020,2020,false,2020s,1.2391491,0.903,0.674,611.0,14.0022,76.3096949,-47.9375391
Kepler-1900 b,Kepler-1900,kepler-1900,Transit,transit,2021,2021,false,2020s,2.986229897,1.62314676,3.27,1356.0,1540.43,291.8863206,44.4790319
TOI-251 b,TOI-251,toi-251,Transit,transit,2021,2021,false,2020s,4.93777,2.74,317.83,1041.19,99.523,353.0620655,-37.2558629
Kepler-1673 b,Kepler-1673,kepler-1673,Transit,transit,2020,2020,false,2020s,33.7888,2.9355194,8.93,611.0,727.187,285.6671724,48.7195865
GJ 3473 c,GJ 3473,gj 3473,Radial Velocity,radial velocity,2020,2020,false,2020s,15.509,2.63,7.41,329.1,27.3644,120.5936065,3.3371629
GJ 3473 b,GJ 3473,gj 3473,Transit,transit,2020,2020,false,2020s,1.1980035,1.264,1.86,773.0,27.3644,120.5936065,3.3371629
TOI-954 b,TOI-954,toi-954,Transit,transit,2020,2020,false,2020s,3.6849729,9.550068,55.30242,1526.0,238.768,61.9410587,-25.2088028
LP 791-18 d,LP 791-18,lp 791-18,Transit,transit,2023,2023,false,2020s,2.753436,1.032,0.9,395.5,26.4927,165.6904843,-16.4064445
Kepler-1972 b,Kepler-1972,kepler-1972,Transit,transit,2022,2022,false,2020s,7.54425,0.802,2.02,1084.0,287.339,288.3953074,39.8725067
HIP 19976 b,HIP 19976,hip 19976,Radial Velocity,radial velocity,2022,2022,false,2020s,50.65905,4.94,21.61233168,,40.2707,64.2597881,-40.7985198
Kepler-1744 b,Kepler-1744,kepler-1744,Transit,transit,2021,2021,false,2020s,37.10110092,3.76754004,13.6,532.0,1091.63,291.0206823,42.4624633
BD+37 3172 b,BD+37 3172,bd+37 3172,Radial Velocity,radial velocity,2023,2023,false,2020s,1887.76,12.4,3368.9811142,,454.251,278.8155071,38.1153886
Kepler-1670 b,Kepler-1670,kepler-1670,Transit,transit,2020,2020,false,2020s,20.4998,3.3564801,11.2,731.0,2065.98,290.3264599,43.121755
K2-329 b,K2-329,k2-329,Transit,transit,2020,2020,false,2020s,12.4551225,8.675766,82.6358,650.0,233.237,351.1353785,-5.1641451
HD 96992 b,HD 96992,hd 96992,Radial Velocity,radial velocity,2021,2021,false,2020s,514.0,13.7,362.3262,,396.082,167.5966158,43.9189897
TOI-481 b,TOI-481,toi-481,Transit,transit,2020,2020,false,2020s,10.33111,11.09691,486.2799,1370.0,179.366,110.5126861,-57.384998
TOI-905 b,TOI-905,toi-905,Transit,transit,2020,2020,false,2020s,3.739494,13.125739,211.99261,1192.0,158.649,227.6586754,-71.3616316
K2-73 c,K2-73,k2-73,Radial Velocity,radial velocity,2025,2025,false,2020s,1000.0,13.0,1142.0,186.1,269.183,335.025662,-9.0560881
Kepler-1795 b,Kepler-1795,kepler-1795,Transit,transit,2021,2021,false,2020s,13.36019993,1.66301611,3.4,520.0,,286.4792568,39.2698793
TIC 237913194 b,TIC 237913194,tic 237913194,Transit,transit,2020,2020,false,2020s,15.168865,12.520453,617.22586,974.0,306.063,22.4458116,-60.7399096
NGTS-13 b,NGTS-13,ngts-13,Transit,transit,2021,2021,false,2020s,4.119027,12.800678,1538.2972,1605.0,647.595,176.2402326,-38.1397158
Kepler-1468 d,Kepler-1468,kepler-1468,Transit,transit,2021,2021,false,2020s,19.59059906,3.33187146,11.1,819.0,1899.24,293.5198289,41.2773671
Kepler-1769 b,Kepler-1769,kepler-1769,Transit,transit,2021,2021,false,2020s,89.1934967,4.465,18.2,483.0,438.412,294.7433755,43.4611633
Kepler-1987 e,Kepler-1987,kepler-1987,Transit,transit,2023,2023,false,2020s,8.74292005,1.92,4.35,643.0,595.683,295.8254663,42.9433716
TOI-763 c,TOI-763,toi-763,Transit,transit,2020,2020,false,2020s,12.2737,2.63,9.32,800.0,95.1274,194.468098,-39.7580613
HATS-71 b,HATS-71,hats-71,Transit,transit,2020,2020,false,2020s,3.7955202,11.478016,117.5971,586.8,140.225,15.5518893,-61.7561333
TOI-824 b,TOI-824,toi-824,Transit,transit,2020,2020,false,2020s,1.392978,2.926,18.467,1253.0,63.9262,222.1654705,-57.5888666
GJ 251 b,GJ 251,gj 251,Radial Velocity,radial velocity,2020,2020,false,2020s,14.237,1.79,3.85,336.0,5.58057,103.7002499,33.2664632
Kepler-1931 b,Kepler-1931,kepler-1931,Transit,transit,2021,2021,false,2020s,38.5760994,2.65323514,7.53,619.0,620.091,290.8723061,43.3330104
HAT-P-62 b,HAT-P-62,hat-p-62,Transit,transit,2021,2021,false,2020s,2.6453235,12.02723629,241.86741773,1512.0,348.815,74.5043816,48.3008551
HAT-P-63 b,HAT-P-63,hat-p-63,Transit,transit,2021,2021,false,2020s,3.377728,12.5428494,195.1466419,1237.0,403.458,269.5720695,5.7613709
Kepler-1165 c,Kepler-1165,kepler-1165,Transit,transit,2021,2021,false,2020s,29.96870041,3.36093385,11.2,644.0,1575.2,286.9712284,44.7082669
Kepler-1487 c,Kepler-1487,kepler-1487,Transit,transit,2023,2023,false,2020s,35.8007112,7.97,48.7,991.0,1014.62,295.4980737,38.6444499
Kepler-1821 b,Kepler-1821,kepler-1821,Transit,transit,2021,2021,false,2020s,16.45809937,2.59248115,7.24,644.0,799.699,294.5254573,49.872484
K2-348 b,K2-348,k2-348,Transit,transit,2021,2021,false,2020s,4.688418,3.26,10.7,908.0,201.856,130.8783479,24.4229559
Kepler-1073 d,Kepler-1073,kepler-1073,Transit,transit,2021,2021,false,2020s,2.504760027,1.48770949,2.82,1369.0,809.897,294.1527259,38.2330886
K2-138 g,K2-138,k2-138,Transit,transit,2021,2021,false,2020s,41.96797,3.013,4.32,445.0,202.585,348.9490311,-10.8497391
TOI-1231 b,TOI-1231,toi-1231,Transit,transit,2021,2021,false,2020s,24.245586,3.65,15.4,329.6,27.6227,156.74726,-52.4678724
TOI-1062 b,TOI-1062,toi-1062,Transit,transit,2021,2021,false,2020s,4.11296,2.265,10.15,1077.0,82.1733,38.1209678,-78.0236828
TOI-257 b,TOI-257,toi-257,Transit,transit,2021,2021,false,2020s,18.38818,7.16253867,43.86032017,1027.0,76.9028,47.5172608,-50.8322632
TOI-532 b,TOI-532,toi-532,Transit,transit,2021,2021,false,2020s,2.3266508,5.82,61.5,867.0,135.047,85.0800537,11.5626373
K2-344 b,K2-344,k2-344,Transit,transit,2021,2021,false,2020s,3.35585,1.59,3.15,722.0,75.1691,136.3614923,21.6685886
Kepler-1708 b,Kepler-1708,kepler-1708,Transit,transit,2021,2021,false,2020s,737.1131,9.96,1462.0106722,,1666.69,296.8241065,43.6248197
TOI-1749 d,TOI-1749,toi-1749,Transit,transit,2021,2021,false,2020s,9.0497,2.52,15.0,533.0,99.5561,282.7372281,64.419466
TOI-674 b,TOI-674,toi-674,Transit,transit,2021,2021,false,2020s,1.977143,5.25,23.6,635.0,46.0851,164.5865592,-36.8581092
TOI-1062 c,TOI-1062,toi-1062,Radial Velocity,radial velocity,2021,2021,false,2020s,7.972,3.1,9.78,859.0,82.1733,38.1209678,-78.0236828
HD 5278 b,HD 5278,hd 5278,Transit,transit,2021,2021,false,2020s,14.339156,2.45,7.8,943.0,57.5846,12.5467785,-83.7437671
K2-99 c,K2-99,k2-99,Radial Velocity,radial velocity,2022,2022,false,2020s,522.2,12.6,2669.7586188,390.0,519.229,208.7737624,-5.4424943
TOI-269 b,TOI-269,toi-269,Transit,transit,2021,2021,false,2020s,3.6977104,2.77,8.8,531.0,57.0225,75.8462827,-54.1777213
TOI-628 b,TOI-628,toi-628,Transit,transit,2021,2021,false,2020s,3.4095675,11.88154,2011.8639,1586.0,178.68,99.2630608,1.7675497
HD 64121 b,HD 64121,hd 64121,Radial Velocity,radial velocity,2022,2022,false,2020s,623.0,13.2,813.64072192,,129.966,117.3651424,-54.8126136
HAT-P-58 b,HAT-P-58,hat-p-58,Transit,transit,2021,2021,false,2020s,4.0138379,14.93036229,118.2321674,1622.0,515.59,68.8465093,56.8682691
HAT-P-59 b,HAT-P-59,hat-p-59,Transit,transit,2021,2021,false,2020s,4.1419771,12.58768533,489.45574678,1277.8,265.471,292.4588212,62.5291892
TOI-2202 c,TOI-2202,toi-2202,Transit Timing Variations,transit timing variations,2021,2021,false,2020s,24.6744,13.4,117.27868218,,235.933,51.2284214,-73.9575458
K2-333 b,K2-333,k2-333,Transit,transit,2021,2021,false,2020s,14.759287,6.18,31.6,826.0,343.99,136.7892752,15.2056765
Kepler-1894 c,Kepler-1894,kepler-1894,Transit,transit,2023,2023,false,2020s,5.05368985,1.21,1.92,1007.0,935.191,295.5864604,49.6668523
K2-331 b,K2-331,k2-331,Transit,transit,2021,2021,false,2020s,9.398977,1.79,3.86,909.0,211.43,132.7376431,13.170269
TOI-2184 b,TOI-2184,toi-2184,Transit,transit,2022,2022,false,2020s,6.90683,11.39953337,206.58846455,1676.05,788.317,100.8331246,-66.9476563
Kepler-1981 b,Kepler-1981,kepler-1981,Transit,transit,2023,2023,false,2020s,453.54212,9.23,62.5,390.0,659.395,287.9754691,38.7402988
Kepler-1784 b,Kepler-1784,kepler-1784,Transit,transit,2021,2021,false,2020s,13.59049988,2.79936489,8.24,724.0,883.045,297.9541684,44.6674491
Kepler-1894 b,Kepler-1894,kepler-1894,Transit,transit,2021,2021,false,2020s,2.762660027,1.20117759,1.87,1231.0,935.191,295.5864604,49.6668523
TOI-2257 b,TOI-2257,toi-2257,Transit,transit,2021,2021,false,2020s,35.189346,2.194,5.45,256.0,57.7911,194.7396141,77.6617157
LTT 1445 A c,LTT 1445 A,ltt 1445 a,Transit,transit,2022,2022,false,2020s,3.1239035,1.147,1.54,508.0,6.86929,45.4624781,-16.5944956
K2-337 b,K2-337,k2-337,Transit,transit,2021,2021,false,2020s,16.273563,2.62,7.37,850.0,421.636,127.761137,16.9004702
Kepler-1725 b,Kepler-1725,kepler-1725,Transit,transit,2021,2021,false,2020s,16.71990013,2.8125177,8.31,767.0,558.652,294.3735518,40.1946345
HATS-75 b,HATS-75,hats-75,Transit,transit,2021,2021,false,2020s,2.7886556,9.90873894,156.05374784,772.3,194.964,60.9493919,-25.4089214
Kepler-1991 b,Kepler-1991,kepler-1991,Transit,transit,2023,2023,false,2020s,13.26079792,1.47,2.76,760.0,855.82,285.0360506,45.0709909
TIC 172900988 b,TIC 172900988 Aa,tic 172900988 aa,Transit,transit,2021,2021,false,2020s,200.452,11.25,942.0,,250.956,128.6616644,31.5539793
TOI-3362 b,TOI-3362,toi-3362,Transit,transit,2021,2021,false,2020s,18.09547,12.80065596,1598.3590588,688.0,366.987,155.9841428,-56.8431169
GPX-1 b,GPX-1,gpx-1,Transit,transit,2021,2021,false,2020s,1.744579,16.47720163,6261.2196179,2300.0,655.013,38.3691648,56.025708
TOI-559 b,TOI-559,toi-559,Transit,transit,2021,2021,false,2020s,6.9839095,12.22899794,1910.14872607,1180.0,233.266,46.8186159,-31.1629951
TOI-530 b,TOI-530,toi-530,Transit,transit,2021,2021,false,2020s,6.387597,9.30345398,127.1313628,565.0,148.762,103.4128333,12.8815784
HD 75302 b,HD 75302,hd 75302,Radial Velocity,radial velocity,2023,2023,false,2020s,4356.0,12.8,1716.2733978,,30.3288,132.3015641,3.4850141
Kepler-647 c,Kepler-647,kepler-647,Transit,transit,2020,2020,false,2020s,29.6663,4.00135002,15.1,644.0,1087.87,284.7882977,44.5916225
TOI-1431 b,TOI-1431,toi-1431,Transit,transit,2021,2021,false,2020s,2.650237,16.70138124,991.62462984,2370.0,148.925,316.2036922,55.5880221
K2-346 b,K2-346,k2-346,Transit,transit,2021,2021,false,2020s,26.201446,2.26,5.73,450.0,105.58,125.9864854,22.663226
Kepler-1671 b,Kepler-1671,kepler-1671,Transit,transit,2020,2020,false,2020s,4.16787,1.32557381,2.32,962.0,357.059,291.7484295,39.4467817
Kepler-1843 b,Kepler-1843,kepler-1843,Transit,transit,2021,2021,false,2020s,25.54339981,2.70909809,7.8,772.0,784.625,292.8852302,41.279169
TOI-1860 b,TOI-1860,toi-1860,Transit,transit,2022,2022,false,2020s,1.0662107,1.31,2.27,1885.0,45.864,226.4567308,64.0476821
TOI-2260 b,TOI-2260,toi-2260,Transit,transit,2022,2022,false,2020s,0.3524728,1.62,3.26,2609.0,101.251,247.6669998,49.0467891
Kepler-1852 b,Kepler-1852,kepler-1852,Transit,transit,2021,2021,false,2020s,7.970940113,1.88610592,4.22,760.0,772.481,288.0297157,40.3441934
HD 153557 c,HD 153557,hd 153557,Radial Velocity,radial velocity,2022,2022,false,2020s,15.27018,4.36,17.48056238,,17.9412,254.4706516,47.3678558
Kepler-1736 b,Kepler-1736,kepler-1736,Transit,transit,2021,2021,false,2020s,37.81029892,3.8765856,14.3,566.0,1430.0,289.7766991,38.2622374
HD 184010 c,HD 184010,hd 184010,Radial Velocity,radial velocity,2022,2022,false,2020s,484.3,11.8,95.3485221,,60.7993,292.8401421,26.6172796
Kepler-1871 b,Kepler-1871,kepler-1871,Transit,transit,2021,2021,false,2020s,1.952700019,2.42172881,6.44,1403.0,854.623,292.4275044,38.4728824
GJ 3512 c,GJ 3512,gj 3512,Radial Velocity,radial velocity,2020,2020,false,2020s,2354.0,14.3,143.97626837,,9.48637,130.3316616,59.4918364
TOI-2337 b,TOI-2337,toi-2337,Transit,transit,2022,2022,false,2020s,2.99432,10.08808263,508.5254512,1272.46,536.046,290.6198948,60.8539035
TOI-4329 b,TOI-4329,toi-4329,Transit,transit,2022,2022,false,2020s,2.9223,16.81347105,143.02278315,2027.12,717.128,329.5639152,71.1316048
TOI-2445 b,TOI-2445,toi-2445,Transit,transit,2022,2022,false,2020s,0.3711281,1.25,2.1,1060.0,48.582,43.3161555,0.0523366
Kepler-1923 b,Kepler-1923,kepler-1923,Transit,transit,2021,2021,false,2020s,52.60969925,1.95958179,4.5,553.0,990.838,298.0834457,40.3462551
TOI-2180 b,TOI-2180,toi-2180,Transit,transit,2022,2022,false,2020s,260.79,11.32107051,875.61726129,348.0,116.685,277.94363,56.6506789
TOI-836.01,TOI-836,toi-836,Transit,transit,2021,2021,false,2020s,8.59545,2.587,9.6,665.0,27.5024,225.0798831,-24.4542022
TOI-206 b,TOI-206,toi-206,Transit,transit,2022,2022,false,2020s,0.7363104,1.3,2.24,910.0,47.7465,73.7382202,-62.521874
TOI-2669 b,TOI-2669,toi-2669,Transit,transit,2022,2022,false,2020s,6.2034,19.72780603,193.87532827,1226.0,393.443,134.7226445,-13.3125792
Kepler-1802 c,Kepler-1802,kepler-1802,Transit,transit,2021,2021,false,2020s,33.13610077,2.322,6.0,357.0,636.694,300.2420869,44.1412854
TOI-1064 b,TOI-1064,toi-1064,Transit,transit,2022,2022,false,2020s,6.443868,2.587,13.5,784.0,68.0726,296.0039349,-47.5620305
TOI-1064 c,TOI-1064,toi-1064,Transit,transit,2022,2022,false,2020s,12.226574,2.651,2.5,634.0,68.0726,296.0039349,-47.5620305
Kepler-1887 b,Kepler-1887,kepler-1887,Transit,transit,2021,2021,false,2020s,19.94750023,2.92454357,8.88,625.0,1366.18,288.9555263,44.705707
Kepler-1181 c,Kepler-1181,kepler-1181,Transit,transit,2023,2023,false,2020s,8.93484887,1.83,4.01,1124.0,938.417,289.7473165,39.5234131
Kepler-1925 b,Kepler-1925,kepler-1925,Transit,transit,2021,2021,false,2020s,46.71640015,3.00177922,9.28,531.0,1771.31,289.8287452,45.1026883
K2-390 b,K2-390,k2-390,Transit,transit,2022,2022,false,2020s,3.312792,4.662,19.6,1119.0,456.122,355.702386,-9.5887124
K2-370 b,K2-370,k2-370,Transit,transit,2022,2022,false,2020s,2.14084,3.207,10.4,1267.0,144.202,67.8205302,19.8316901
K2-405 b,K2-405,k2-405,Transit,transit,2022,2022,false,2020s,3.435471,4.569,18.9,969.0,197.234,164.3759959,12.535614
Kepler-1686 b,Kepler-1686,kepler-1686,Transit,transit,2020,2020,false,2020s,9.30987,1.42553017,2.62,913.0,729.823,291.6067189,42.0359783
TOI-1246 b,TOI-1246,toi-1246,Transit,transit,2022,2022,false,2020s,4.30744,3.01,8.1,955.0,169.422,251.1158702,70.4299917
Kepler-1961 b,Kepler-1961,kepler-1961,Transit,transit,2021,2021,false,2020s,5.604710102,1.6187808,3.25,866.0,1042.45,286.3300783,39.6831276
Kepler-1746 b,Kepler-1746,kepler-1746,Transit,transit,2021,2021,false,2020s,321.2120056,8.93504475,59.1,310.0,979.541,288.3203979,42.2613874
Kepler-725 c,Kepler-725,kepler-725,Transit Timing Variations,transit timing variations,2025,2025,false,2020s,207.541,3.08,9.7,268.0,758.469,283.9774949,44.8115613
GJ 2056 b,GJ 2056,gj 2056,Radial Velocity,radial velocity,2020,2020,false,2020s,69.971,4.17,16.2,,28.4434,108.0194945,-24.8921008
TOI-2081 b,TOI-2081,toi-2081,Transit,transit,2022,2022,false,2020s,10.50534,2.04,4.82,488.0,62.3446,264.3022634,53.0255666
TOI-4479 b,TOI-4479,toi-4479,Transit,transit,2022,2022,false,2020s,1.1589,2.82,8.35,861.0,80.6532,316.0969388,24.6536739
TOI-500 c,TOI-500,toi-500,Radial Velocity,radial velocity,2022,2022,false,2020s,6.6356,2.09,5.03,,47.3924,106.559098,-47.5878156
K2-157 c,K2-157,k2-157,Radial Velocity,radial velocity,2025,2025,false,2020s,25.942,6.08,30.8,587.0,298.373,183.7514959,-5.7820178
TOI-1670 c,TOI-1670,toi-1670,Transit,transit,2022,2022,false,2020s,40.74976,11.06326395,200.23189641,684.0,168.067,259.0172522,72.1611806
Kepler-1929 b,Kepler-1929,kepler-1929,Transit,transit,2021,2021,false,2020s,59.36249924,3.07250761,9.65,566.0,508.201,299.5833362,47.4481244
TOI-1107 b,TOI-1107,toi-1107,Transit,transit,2022,2022,false,2020s,4.0782387,14.57167491,1064.72516345,1728.0,281.314,155.6078632,-82.2188693
TOI-2136 b,TOI-2136,toi-2136,Transit,transit,2022,2022,false,2020s,7.851928,2.19,6.37,395.0,33.3631,281.1763433,36.5631318
Gaia-2 b,Gaia-2,gaia-2,Transit,transit,2022,2022,false,2020s,3.6915224,14.81827249,259.66580852,1213.23,209.229,110.7353308,67.2526565
TOI-1759 b,TOI-1759,toi-1759,Transit,transit,2022,2022,false,2020s,18.85019,3.14,10.8,443.0,40.0654,326.8516615,62.7538164
K2-336 b,K2-336,k2-336,Transit,transit,2021,2021,false,2020s,21.194733,1.22,1.98,569.0,239.289,133.8382032,16.7940663
TOI-1268 b,TOI-1268,toi-1268,Transit,transit,2022,2022,false,2020s,8.1577094,9.1,96.4,918.9,109.557,198.3885831,62.3053799
TOI-500 b,TOI-500,toi-500,Transit,transit,2022,2022,false,2020s,0.548177,1.166,1.42,1617.0,47.3924,106.559098,-47.5878156
GJ 3929 b,GJ 3929,gj 3929,Transit,transit,2022,2022,false,2020s,2.616235,1.09,1.75,568.0,15.8095,239.5775678,35.4081141
GJ 3929 c,GJ 3929,gj 3929,Radial Velocity,radial velocity,2022,2022,false,2020s,15.04,2.26,5.71,317.0,15.8095,239.5775678,35.4081141
HD 260655 c,HD 260655,hd 260655,Transit,transit,2022,2022,false,2020s,5.70588,1.533,3.09,557.0,10.0055,99.2915429,17.5662696
HD 260655 b,HD 260655,hd 260655,Transit,transit,2022,2022,false,2020s,2.76953,1.24,2.14,709.0,10.0055,99.2915429,17.5662696
TOI-3714 b,TOI-3714,toi-3714,Transit,transit,2022,2022,false,2020s,2.154849,11.32107051,222.4798849,750.0,112.71,69.5523415,39.4580035
K2-368 b,K2-368,k2-368,Transit,transit,2022,2022,false,2020s,5.025598,1.332,2.34,,206.608,332.6357627,-11.1661157
TOI-620 b,TOI-620,toi-620,Transit,transit,2022,2022,false,2020s,5.0988179,3.76,13.6,603.6,33.0231,142.1734459,-12.1671652
Kepler-1873 b,Kepler-1873,kepler-1873,Transit,transit,2021,2021,false,2020s,0.558842003,1.62573811,3.28,1787.0,820.957,294.596557,46.0483705
HD 73583 b,HD 73583,hd 73583,Transit,transit,2022,2022,false,2020s,6.398042,2.79,10.2,714.0,31.5666,129.6883026,-13.2565267
Kepler-1807 b,Kepler-1807,kepler-1807,Transit,transit,2021,2021,false,2020s,10.86060047,2.70393215,7.77,1108.0,1299.32,291.5494119,44.5272788
NGTS-20 b,NGTS-20,ngts-20,Transit,transit,2022,2022,false,2020s,54.18915,11.99360935,947.12865286,688.0,382.898,46.2926368,-21.9336472
Gaia-1 b,Gaia-1,gaia-1,Transit,transit,2022,2022,false,2020s,3.052524,13.77583728,533.95172376,1159.07,363.66,90.6436658,-0.5771099
HD 73583 c,HD 73583,hd 73583,Transit,transit,2022,2022,false,2020s,18.87974,2.39,9.7,498.0,31.5666,129.6883026,-13.2565267
Kepler-1845 b,Kepler-1845,kepler-1845,Transit,transit,2021,2021,false,2020s,11.60649967,2.43836702,6.52,584.0,710.724,292.9016226,38.297032
HD 194490 b,HD 194490,hd 194490,Radial Velocity,radial velocity,2022,2022,false,2020s,13092.18348,12.4,3561.90295725,,80.2349,306.9980087,-51.6644646
HD 56414 b,HD 56414,hd 56414,Transit,transit,2022,2022,false,2020s,29.04992,3.71,13.3,1133.0,272.217,107.8436846,-68.8333403
WASP-148 b,WASP-148,wasp-148,Transit,transit,2020,2020,false,2020s,8.803809,8.47398941,91.21675281,940.0,246.353,254.1305022,44.3025361
K2-398 c,K2-398,k2-398,Transit,transit,2022,2022,false,2020s,18.787839,5.098,22.8,,606.992,161.7349738,1.9367044
TOI-2048 b,TOI-2048,toi-2048,Transit,transit,2022,2022,false,2020s,13.79019,2.61,7.32,646.0,116.567,237.9241066,52.3063083
TOI-3757 b,TOI-3757,toi-3757,Transit,transit,2022,2022,false,2020s,3.438753,12.0,85.3,759.0,181.139,91.0036423,55.0199793
TOI-1820 b,TOI-1820,toi-1820,Transit,transit,2022,2022,false,2020s,4.860674,12.778238,731.0053361,1375.0,248.504,187.6867207,27.4520016
Kepler-1899 b,Kepler-1899,kepler-1899,Transit,transit,2021,2021,false,2020s,4.095779896,1.55098292,3.02,851.0,711.509,292.0333777,37.9744551
HD 23472 f,HD 23472,hd 23472,Transit,transit,2022,2022,false,2020s,12.1621839,1.137,0.77,630.0,39.0341,55.4590314,-62.7672667
HD 23472 d,HD 23472,hd 23472,Transit,transit,2022,2022,false,2020s,3.97664,0.75,0.55,909.0,39.0341,55.4590314,-62.7672667
TOI-2570 b,TOI-2570,toi-2570,Transit,transit,2022,2022,false,2020s,2.9887615,13.64132951,260.61929374,1431.0,361.857,87.1880397,32.0840435
TOI-1452 b,TOI-1452,toi-1452,Transit,transit,2022,2022,false,2020s,11.06201,1.672,4.82,326.0,30.5212,290.1739741,73.1951082
EPIC 228836835 b,EPIC 228836835,epic 228836835,Transit,transit,2021,2021,false,2020s,0.728113,1.1,1.37,932.0,150.124,189.5748998,-5.2446247
HD 161178 b,HD 161178,hd 161178,Radial Velocity,radial velocity,2021,2021,false,2020s,279.3,14.1,181.16219199,,107.188,264.2873565,72.455859
TOI-2545 b,TOI-2545,toi-2545,Transit,transit,2022,2022,false,2020s,7.994037,2.75,8.0,1022.99,107.118,135.5458029,-3.4208194
Kepler-1860 b,Kepler-1860,kepler-1860,Transit,transit,2021,2021,false,2020s,12.73719978,1.13863767,1.55,697.0,438.703,294.3508497,50.0809627
TOI-3693 b,TOI-3693,toi-3693,Transit,transit,2022,2022,false,2020s,9.088516,12.59889431,324.18497514,801.0,176.436,15.6543938,51.3038918
HD 18599 b,HD 18599,hd 18599,Transit,transit,2022,2022,false,2020s,4.1374354,2.6,24.1,863.0,38.5653,44.2620144,-56.1918694
TOI-1075 b,TOI-1075,toi-1075,Transit,transit,2022,2022,false,2020s,0.6047328,1.791,9.95,1323.0,61.4592,309.9712091,-65.4496994
TOI-2193 A b,TOI-2193 A,toi-2193 a,Transit,transit,2022,2022,false,2020s,2.1225735,19.83989584,298.75870258,1763.0,337.064,313.691232,-72.8046404
TOI-2207 b,TOI-2207,toi-2207,Transit,transit,2022,2022,false,2020s,8.001968,11.1529358,203.41018048,1259.0,373.345,307.5966925,-44.8876181
TOI-969 b,TOI-969,toi-969,Transit,transit,2022,2022,false,2020s,1.8237305,2.765,9.1,941.0,77.2554,115.1366858,2.0985879
K2-396 c,K2-396,k2-396,Transit,transit,2022,2022,false,2020s,25.76051,3.124,9.93,,274.864,74.6928607,17.2690562
Kepler-51 e,Kepler-51,kepler-51,Transit Timing Variations,transit timing variations,2024,2024,false,2020s,264.284,2.18,5.4,,783.831,296.4797624,49.9376486
Kepler-138 e,Kepler-138,kepler-138,Transit Timing Variations,transit timing variations,2022,2022,false,2020s,38.23,0.797,0.43,292.0,66.8624,290.3814122,43.2930645
HD 114082 b,HD 114082,hd 114082,Radial Velocity,radial velocity,2022,2022,false,2020s,109.75,11.2089807,2542.627256,,95.3906,197.3171237,-60.3084347
HD 216520 b,HD 216520,hd 216520,Radial Velocity,radial velocity,2020,2020,false,2020s,35.45,3.18,10.26,,19.552,341.8768719,83.6975307
TOI-2421 b,TOI-2421,toi-2421,Transit,transit,2022,2022,false,2020s,4.3474032,10.36830715,105.83685953,1534.0,327.927,33.1540208,-35.3909182
TOI-5542 b,TOI-5542,toi-5542,Transit,transit,2022,2022,false,2020s,75.12375,11.30986153,419.53349724,441.0,348.849,302.7984228,-61.1354659
TOI-5238 b,TOI-5238,toi-5238,Transit,transit,2022,2022,false,2020s,4.872171,5.22,23.7,1042.0,290.646,223.3588909,68.859472
K2-380 b,K2-380,k2-380,Transit,transit,2022,2022,false,2020s,9.401312,2.729,7.89,,249.303,283.4346389,-26.5387308
TOI-4137 b,TOI-4137,toi-4137,Transit,transit,2022,2022,false,2020s,3.8016122,13.57407563,457.67290608,1570.0,334.993,77.612879,70.391079
TOI-3629 b,TOI-3629,toi-3629,Transit,transit,2022,2022,false,2020s,3.936551,8.29464572,82.63538582,690.0,130.091,359.7933851,39.3142556
75 Cet c,75 Cet,75 cet,Radial Velocity,radial velocity,2023,2023,false,2020s,2051.62,13.9,289.85950718,,82.9613,38.0391598,-1.0350269
KOI-4978 b,KOI-4978,koi-4978,Transit,transit,2024,2024,false,2020s,0.941967,0.7,0.271,,936.341,286.5907635,38.5582993
TOI-1695 b,TOI-1695,toi-1695,Transit,transit,2022,2022,false,2020s,3.1342791,1.9,6.36,698.0,45.1309,21.9217346,72.2966148
TOI-700 b,TOI-700,toi-700,Transit,transit,2020,2020,false,2020s,9.977219,0.914,0.704,417.0,31.1265,97.0957165,-65.5786149
TOI-2364 b,TOI-2364,toi-2364,Transit,transit,2023,2023,false,2020s,4.0197517,8.60849718,71.51139158,1091.0,219.614,89.1300265,-5.0120298
TOI-1260 c,TOI-1260,toi-1260,Transit,transit,2021,2021,false,2020s,7.493134,2.76,13.2,651.0,73.5977,157.1440712,65.8541986
TOI-1260 d,TOI-1260,toi-1260,Transit,transit,2022,2022,false,2020s,16.608164,3.12,11.84,499.0,73.5977,157.1440712,65.8541986
TOI-2842 b,TOI-2842,toi-2842,Transit,transit,2023,2023,false,2020s,3.5514058,12.84549188,117.59651059,1471.0,460.995,108.0442066,-10.63934
TOI-2977 b,TOI-2977,toi-2977,Transit,transit,2023,2023,false,2020s,2.3505614,13.15934334,533.95172376,1544.0,,143.9265177,-60.3574758
TOI-2583 A b,TOI-2583 A,toi-2583 a,Transit,transit,2023,2023,false,2020s,4.5207265,14.4595851,79.45710175,1456.0,566.189,272.2670293,45.3368996
Kepler-1781 b,Kepler-1781,kepler-1781,Transit,transit,2021,2021,false,2020s,4.88752985,2.38091029,6.26,1003.0,962.63,291.7114906,42.3415097
TOI-3023 b,TOI-3023,toi-3023,Transit,transit,2023,2023,false,2020s,3.9014971,16.43236571,197.05361234,1596.0,389.916,165.3158231,-72.3567044
HD 191939 b,HD 191939,hd 191939,Transit,transit,2020,2020,false,2020s,8.8803256,3.41,10.0,880.0,53.6089,302.0256247,66.8503014
HIP 948 b,HIP 948,hip 948,Radial Velocity,radial velocity,2022,2022,false,2020s,24955.45756,12.1,6547.2651842,,34.8523,2.9276336,-39.2304879
TOI-2587 A b,TOI-2587 A,toi-2587 a,Transit,transit,2023,2023,false,2020s,5.45664,12.07207221,69.28659273,1445.0,373.675,115.9317105,-1.073333
Kepler-1828 b,Kepler-1828,kepler-1828,Transit,transit,2021,2021,false,2020s,10.2737999,2.11598626,5.13,799.0,871.81,292.4275963,37.3207616
ZTF J1230-2655 b,ZTF J1230-2655,ztf j1230-2655,Transit,transit,2025,2025,false,2020s,0.23597766,13.78704626,7024.0077947,,186.69,187.5689308,-26.9309608
TOI-3912 b,TOI-3912,toi-3912,Transit,transit,2023,2023,false,2020s,3.4936264,14.28024141,129.03833324,1512.0,465.992,215.8014956,24.0765639
TOI-2818 b,TOI-2818,toi-2818,Transit,transit,2023,2023,false,2020s,4.039709,15.27784069,225.65816897,1376.0,312.674,119.0598183,-35.1167104
TOI-700 e,TOI-700,toi-700,Transit,transit,2023,2023,false,2020s,27.80978,0.953,0.818,272.9,31.1265,97.0957165,-65.5786149
TOI-4342 b,TOI-4342,toi-4342,Transit,transit,2023,2023,false,2020s,5.5382498,2.266,5.76,633.6,61.5204,324.3894196,-77.9791468
TOI-3807 b,TOI-3807,toi-3807,Transit,transit,2023,2023,false,2020s,2.8989727,18.49481816,330.54154328,1646.0,421.745,139.1125648,69.0741284
TOI-2525 b,TOI-2525,toi-2525,Transit,transit,2023,2023,false,2020s,23.2856,8.67575106,26.69758619,512.97,395.398,86.8509737,-60.5213081
TOI-4463 A b,TOI-4463 A,toi-4463 a,Transit,transit,2023,2023,false,2020s,2.8807198,13.26022417,252.35575516,1395.0,173.117,279.3581286,18.7299522
Kepler-1793 b,Kepler-1793,kepler-1793,Transit,transit,2021,2021,false,2020s,8.779999733,3.79037518,13.8,713.0,1189.88,291.9129477,40.9539265
GJ 251 c,GJ 251,gj 251,Radial Velocity,radial velocity,2025,2025,false,2020s,53.647,1.8,3.88,216.0,5.58057,103.7002499,33.2664632
Kepler-1780 b,Kepler-1780,kepler-1780,Transit,transit,2021,2021,false,2020s,109.4449997,3.60600667,12.7,340.0,790.516,294.0839282,42.8095104
TOI-2338 b,TOI-2338,toi-2338,Transit,transit,2023,2023,false,2020s,22.65398,11.2089807,1900.61387386,799.0,313.996,81.3445824,-34.6682491
TOI-2589 b,TOI-2589,toi-2589,Transit,transit,2023,2023,false,2020s,61.6277,12.10569916,1112.3994245,592.0,200.273,107.4881501,-37.230948
TOI-2096 c,TOI-2096,toi-2096,Transit,transit,2023,2023,false,2020s,6.38784,1.914,4.32,349.0,48.4809,151.6186989,74.8272107
TOI-942 c,TOI-942,toi-942,Transit,transit,2020,2020,false,2020s,10.156272,4.67,37.0,,152.601,76.6496172,-20.2456126
TOI-733 b,TOI-733,toi-733,Transit,transit,2023,2023,false,2020s,4.884765,1.992,5.72,1055.8,75.2092,159.4093183,-40.888259
Kepler-1734 b,Kepler-1734,kepler-1734,Transit,transit,2021,2021,false,2020s,6.796850204,3.08851092,9.74,985.0,1482.83,294.163167,41.4517316
TOI-942 b,TOI-942,toi-942,Transit,transit,2020,2020,false,2020s,4.32421,3.89,16.0,1120.0,152.601,76.6496172,-20.2456126
HD 80883 b,HD 80883,hd 80883,Radial Velocity,radial velocity,2022,2022,false,2020s,6383.78352,12.8,1748.0562385,,34.6011,139.9331831,-59.4780815
TOI-2152 A b,TOI-2152,toi-2152,Transit,transit,2023,2023,false,2020s,3.3773512,14.35870428,899.45439181,1802.0,303.006,26.3389717,77.7901231
TOI-2154 b,TOI-2154,toi-2154,Transit,transit,2023,2023,false,2020s,3.8240801,16.28664896,292.40213444,1580.0,296.46,71.0281482,84.3642652
Kepler-1762 b,Kepler-1762,kepler-1762,Transit,transit,2021,2021,false,2020s,29.53910065,2.76022913,8.05,714.0,1663.74,290.4931471,39.7855117
Kepler-511 c,Kepler-511,kepler-511,Transit,transit,2021,2021,false,2020s,26.62949944,4.20964327,16.5,742.0,651.999,282.9455384,47.5749181
K2-416 b,K2-416,k2-416,Transit,transit,2023,2023,false,2020s,13.102,2.66,1652.7077164,447.0,120.311,349.2211822,-5.2015032
TOI-4791 b,TOI-4791,toi-4791,Transit,transit,2023,2023,false,2020s,4.28088,12.44196858,734.18362017,1472.0,328.802,109.3883818,-19.8289392
TOI-2025 b,TOI-2025,toi-2025,Transit,transit,2022,2022,false,2020s,8.8720982,11.89272852,1144.1822652,1166.0,335.985,282.7952558,82.2454143
CoRoT-35 b,CoRoT-35,corot-35,Transit,transit,2022,2022,false,2020s,3.22748,18.83108758,349.6112477,1747.0,1123.21,289.3143526,-2.7747085
GJ 1061 b,GJ 1061,gj 1061,Radial Velocity,radial velocity,2020,2020,false,2020s,3.204,1.1,1.37,,3.67278,54.0032486,-44.5143104
TOI-913 b,TOI-913,toi-913,Transit,transit,2023,2023,false,2020s,11.098644,2.4528,6.59,712.01,65.1769,234.5723244,-80.8034265
TOI-2498 b,TOI-2498,toi-2498,Transit,transit,2023,2023,false,2020s,3.738252,6.06,34.62,1443.0,275.265,95.4162204,11.2516477
HD 155918 c,HD 155918,hd 155918,Radial Velocity,radial velocity,2022,2022,false,2020s,17202.19446,12.8,1878.04805696,,27.561,260.5364025,-75.349239
HD 15906 b,HD 15906,hd 15906,Transit,transit,2023,2023,false,2020s,10.924709,2.24,5.65,668.0,45.5621,38.2712534,-10.352178
TOI-2000 c,TOI-2000,toi-2000,Transit,transit,2023,2023,false,2020s,9.127055,8.14,81.7,1038.0,175.713,146.3970631,-66.6866307
TOI-4308 b,TOI-4308,toi-4308,Transit,transit,2023,2023,false,2020s,9.151201,2.4189,6.43,763.05,108.932,327.7530693,-43.5623642
TOI-5704 b,TOI-5704,toi-5704,Transit,transit,2023,2023,false,2020s,3.771116,3.2274,10.5,949.07,89.637,169.8248694,44.9890782
TOI-2000 b,TOI-2000,toi-2000,Transit,transit,2023,2023,false,2020s,3.09833,2.7,11.0,1488.0,175.713,146.3970631,-66.6866307
GJ 680 b,GJ 680,gj 680,Radial Velocity,radial velocity,2022,2022,false,2020s,17281.66514,12.0,7977.4930157,,9.67315,263.8072214,-48.6788427
TOI-778 b,TOI-778,toi-778,Transit,transit,2023,2023,false,2020s,4.633611,15.4,878.0,1561.0,161.743,199.3338503,-15.2737046
TOI-715 b,TOI-715,toi-715,Transit,transit,2023,2023,false,2020s,19.288004,1.55,3.02,234.0,42.4048,113.8523276,-73.5774089
HIP 48714 b,HIP 48714,hip 48714,Radial Velocity,radial velocity,2020,2020,false,2020s,17.818,5.11,22.9,,10.5298,149.0332672,62.7859505
GJ 1252 b,GJ 1252,gj 1252,Transit,transit,2020,2020,false,2020s,0.5182331,1.193,1.32,1089.0,20.373,306.9286462,-56.4622865
HD 217786 c,HD 217786,hd 217786,Radial Velocity,radial velocity,2022,2022,false,2020s,2.52221,2.61,7.31005336,,55.4847,345.7838088,-0.4303594
Kepler-1941 b,Kepler-1941,kepler-1941,Transit,transit,2021,2021,false,2020s,31.33510017,2.64976949,7.51,666.0,1494.39,296.6270184,49.353891
TOI-4127 b,TOI-4127,toi-4127,Transit,transit,2023,2023,false,2020s,56.39879,12.28504285,731.0053361,605.1,319.632,105.4045516,72.4149297
TOI-244 b,TOI-244,toi-244,Transit,transit,2023,2023,false,2020s,7.397225,1.52,2.68,458.0,22.0337,10.5697537,-36.7179743
Kepler-1947 b,Kepler-1947,kepler-1947,Transit,transit,2021,2021,false,2020s,6.963630199,1.0101666,1.01,1298.0,468.771,296.1040313,42.3425818
HD 191939 c,HD 191939,hd 191939,Transit,transit,2020,2020,false,2020s,28.579743,3.195,8.0,600.0,53.6089,302.0256247,66.8503014
TOI-1243 b,TOI-1243,toi-1243,Transit,transit,2026,2026,false,2020s,4.6594779,2.33,7.7,450.0,43.1865,135.7326412,71.6364158
HD 191939 d,HD 191939,hd 191939,Transit,transit,2020,2020,false,2020s,38.353037,2.995,2.8,540.0,53.6089,302.0256247,66.8503014
HD 108236 c,HD 108236,hd 108236,Transit,transit,2020,2020,false,2020s,6.203449,2.071,4.94,932.0,64.5978,186.5740627,-51.3630519
HD 151450 b,HD 151450,hd 151450,Radial Velocity,radial velocity,2022,2022,false,2020s,21.89288,6.94,38.45723725,,43.6002,252.0080127,-15.964345
NGTS-16 b,NGTS-16,ngts-16,Transit,transit,2021,2021,false,2020s,4.84532,14.57167491,211.99154747,1177.0,898.168,58.2639299,-30.8046405
Kepler-1791 b,Kepler-1791,kepler-1791,Transit,transit,2021,2021,false,2020s,7.720860004,3.12103321,9.91,1021.0,602.218,284.4903166,42.6482636
Kepler-1827 b,Kepler-1827,kepler-1827,Transit,transit,2021,2021,false,2020s,3.700619936,1.85644292,4.1,1329.0,686.461,292.2525301,40.7927895
Kepler-1886 b,Kepler-1886,kepler-1886,Transit,transit,2021,2021,false,2020s,24.2758007,2.58158428,7.18,580.0,1059.51,296.2645118,39.4059745
TOI-139 b,TOI-139,toi-139,Transit,transit,2023,2023,false,2020s,11.07085,2.4566,6.6,561.17,42.4061,336.4024144,-34.9097131
TOI-672 b,TOI-672,toi-672,Transit,transit,2023,2023,false,2020s,3.633575,5.2604,24.1,676.15,66.9071,167.9908627,-39.3281151
TOI-908 b,TOI-908,toi-908,Transit,transit,2023,2023,false,2020s,3.183792,3.186,16.137,1317.0,175.748,53.1594266,-81.250745
HD 136118 b,HD 136118,hd 136118,Radial Velocity,radial velocity,2022,2022,false,2020s,1187.59765,12.3,4164.18778851,,51.4359,229.7306046,-1.5922913
TOI-411 b,HD 22946,hd 22946,Transit,transit,2022,2022,false,2020s,4.040295,1.362,13.71,1241.0,62.7792,54.819538,-42.7630276
TOI-1052 c,TOI-1052,toi-1052,Radial Velocity,radial velocity,2023,2023,false,2020s,35.806,6.48,34.3,719.0,129.804,337.5102738,-75.6465606
Kepler-1999 b,Kepler-1999,kepler-1999,Transit,transit,2023,2023,false,2020s,8.7396758,3.29,10.8,577.0,701.255,282.3705675,48.259234
TOI-470 b,TOI-470,toi-470,Transit,transit,2023,2023,false,2020s,12.19148,4.34,17.4,660.0,130.46,94.0099043,-25.0314111
TOI-2095 b,TOI-2095,toi-2095,Transit,transit,2023,2023,false,2020s,17.66484,1.25,4.1,347.0,41.9176,285.6365235,75.4185135
TOI-1470 c,TOI-1470,toi-1470,Transit,transit,2023,2023,false,2020s,18.08816,2.47,7.24,373.0,51.9503,10.0891431,61.2133868
Kepler-1038 c,Kepler-1038,kepler-1038,Transit,transit,2021,2021,false,2020s,7.127659798,1.4162338,2.59,784.0,584.136,298.9721472,44.1323499
TOI-5293 A b,TOI-5293 A,toi-5293 a,Transit,transit,2023,2023,false,2020s,2.930289,11.9,170.4,675.0,162.229,355.828682,-2.0450945
Kepler-1731 b,Kepler-1731,kepler-1731,Transit,transit,2021,2021,false,2020s,21.76129913,2.93295657,8.92,486.0,169.948,291.2544229,36.7434302
TOI-622 b,TOI-622,toi-622,Transit,transit,2023,2023,false,2020s,6.402513,9.2362001,96.30200732,1388.0,123.297,125.3050544,-46.4842959
Kepler-1812 b,Kepler-1812,kepler-1812,Transit,transit,2021,2021,false,2020s,7.165219784,2.3249424,6.01,1034.0,1409.19,298.0845087,40.2832525
Kepler-1778 b,Kepler-1778,kepler-1778,Transit,transit,2021,2021,false,2020s,10.08740044,3.01665969,9.36,942.0,1276.29,287.3612976,43.7388
HD 25912 b,HD 25912,hd 25912,Radial Velocity,radial velocity,2022,2022,false,2020s,41.83156,6.9,38.13940884,,49.1661,60.9074988,-51.9315058
TOI-4010 b,TOI-4010,toi-4010,Transit,transit,2023,2023,false,2020s,1.348335,3.02,11.0,1441.0,177.504,20.2148196,66.0722009
GJ 367 b,GJ 367,gj 367,Transit,transit,2021,2021,false,2020s,0.3219225,0.699,0.633,1365.0,9.41263,146.121464,-45.7790165
TOI-2641 b,TOI-2641,toi-2641,Transit,transit,2023,2023,false,2020s,4.880974,18.10250383,122.6817651,1387.0,344.045,171.1303716,-42.7321394
GJ 367 c,GJ 367,gj 367,Radial Velocity,radial velocity,2023,2023,false,2020s,11.5301,1.86,4.13,,9.41263,146.121464,-45.7790165
HIP 54597 b,HIP 54597,hip 54597,Radial Velocity,radial velocity,2023,2023,false,2020s,3274.0,13.3,762.7881768,,39.7429,167.6082179,-29.4143018
TOI-1235 b,TOI-1235,toi-1235,Transit,transit,2020,2020,false,2020s,3.444714,1.69,6.69,775.0,39.6345,152.2182549,69.2766204
TOI-4010 e,TOI-4010,toi-4010,Radial Velocity,radial velocity,2023,2023,false,2020s,762.0,13.3,692.0,174.0,177.504,20.2148196,66.0722009
TOI-1680 b,TOI-1680,toi-1680,Transit,transit,2023,2023,false,2020s,4.8026345,1.466,2.75,404.0,37.2209,292.313979,65.9738018
TOI-2018 b,TOI-2018,toi-2018,Transit,transit,2023,2023,false,2020s,7.435583,2.268,9.2,576.34,27.9956,229.8374423,29.2078771
TOI-1634 c,TOI-1634,toi-1634,Radial Velocity,radial velocity,2022,2022,false,2020s,103.0,,,,35.2736,56.3906096,37.1122803
Kepler-1724 b,Kepler-1724,kepler-1724,Transit,transit,2021,2021,false,2020s,6.45442009,2.83677238,8.43,999.0,1060.77,296.1207272,47.9214736
GJ 180 d,GJ 180,gj 180,Radial Velocity,radial velocity,2020,2020,false,2020s,106.3,2.66,7.56,,11.9407,73.460097,-17.776194
Kepler-139 f,Kepler-139,kepler-139,Transit Timing Variations,transit timing variations,2025,2025,false,2020s,355.0,6.67,36.0,,391.038,282.3919451,43.8894167
OGLE-2019-BLG-0468L b,OGLE-2019-BLG-0468L,ogle-2019-blg-0468l,Microlensing,microlensing,2022,2022,false,2020s,,13.1,1090.15143601,,4400.0,266.406,-24.4472778
OGLE-2019-BLG-0960L b,OGLE-2019-BLG-0960L,ogle-2019-blg-0960l,Microlensing,microlensing,2021,2021,false,2020s,,1.39,2.5,,980.0,274.0142917,-25.7746667
KMT-2024-BLG-0404L c,KMT-2024-BLG-0404L,kmt-2024-blg-0404l,Microlensing,microlensing,2025,2025,false,2020s,,4.33,17.3,,7210.0,271.1470833,-27.9535
OGLE-2017-BLG-1375L b,OGLE-2017-BLG-1375L,ogle-2017-blg-1375l,Microlensing,microlensing,2020,2020,false,2020s,,12.4,3585.0,,3930.0,269.154875,-30.3114167
TOI-1052 b,TOI-1052,toi-1052,Transit,transit,2023,2023,false,2020s,9.139703,2.87,16.9,1135.0,129.804,337.5102738,-75.6465606
WASP-84 c,WASP-84,wasp-84,Transit,transit,2023,2023,false,2020s,1.4468849,1.95,15.2,1329.0,100.588,131.1069959,1.8598933
TOI-4010 c,TOI-4010,toi-4010,Transit,transit,2023,2023,false,2020s,5.414654,5.93,20.31,907.0,177.504,20.2148196,66.0722009
KMT-2017-BLG-1057L b,KMT-2017-BLG-1057L,kmt-2017-blg-1057l,Microlensing,microlensing,2024,2024,false,2020s,,5.19,23.5,,6500.0,265.486,-22.3351111
OGLE-2019-BLG-0362L b,OGLE-2019-BLG-0362L,ogle-2019-blg-0362l,Microlensing,microlensing,2022,2022,false,2020s,,13.1,1036.12060682,,5830.0,263.46525,-24.8103611
KMT-2019-BLG-1339L b,KMT-2019-BLG-1339L,kmt-2019-blg-1339l,Microlensing,microlensing,2020,2020,false,2020s,,13.7,397.0,,6120.0,265.743417,-25.5739167
OGLE-2015-BLG-1609L b,OGLE-2015-BLG-1609L,ogle-2015-blg-1609l,Microlensing,microlensing,2025,2025,false,2020s,,10.4,76.27881768,,3300.0,270.8237917,-26.9071111
KMT-2021-BLG-1077L c,KMT-2021-BLG-1077L,kmt-2021-blg-1077l,Microlensing,microlensing,2022,2022,false,2020s,,10.6,79.45710175,,8240.0,266.489125,-33.8428111
TOI-5344 b,TOI-5344,toi-5344,Transit,transit,2023,2023,false,2020s,3.792622,10.60369574,130.94530368,689.0,138.367,63.2662165,20.9151568
HD 28471 c,HD 28471,hd 28471,Radial Velocity,radial velocity,2025,2025,false,2020s,6.1245,2.26,5.72,1066.0,43.6455,66.2875166,-64.0786861
TOI-1801 b,TOI-1801,toi-1801,Transit,transit,2023,2023,false,2020s,10.64387,2.079,5.738,493.7,30.6796,175.5755995,23.0270335
TOI-1853 b,TOI-1853,toi-1853,Transit,transit,2023,2023,false,2020s,1.2436258,3.46,73.2,1479.0,165.105,211.4593468,16.9923703
LHS 475 b,LHS 475,lhs 475,Transit,transit,2023,2023,false,2020s,2.029088,0.991,0.941,586.0,12.4814,290.2379403,-82.5597883
EPIC 229004835 b,EPIC 229004835,epic 229004835,Transit,transit,2023,2023,false,2020s,16.141132,2.332,10.4,804.0,121.971,186.4860415,-1.4047214
OGLE-2019-BLG-1492L b,OGLE-2019-BLG-1492L,ogle-2019-blg-1492l,Microlensing,microlensing,2022,2022,false,2020s,,6.79,37.1,,5600.0,270.0964583,-28.6311389
OGLE-2017-BLG-0364L b,OGLE-2017-BLG-0364L,ogle-2017-blg-0364l,Microlensing,microlensing,2024,2024,false,2020s,,10.3,75.8,,7860.0,265.227875,-34.6175833
OGLE-2018-BLG-1126L b,OGLE-2018-BLG-1126L,ogle-2018-blg-1126l,Microlensing,microlensing,2022,2022,false,2020s,,4.41,17.79839079,,5700.0,268.355875,-31.7247194
KMT-2019-BLG-0298L b,KMT-2019-BLG-0298L,kmt-2019-blg-0298l,Microlensing,microlensing,2023,2023,false,2020s,,13.4,575.26941667,,6710.0,264.878,-27.6381389
HIP 38594 b,HIP 38594,hip 38594,Radial Velocity,radial velocity,2020,2020,false,2020s,60.722,2.77,8.1,,17.7886,118.5439118,-25.3023073
Kepler-1903 b,Kepler-1903,kepler-1903,Transit,transit,2021,2021,false,2020s,17.0678997,2.28642395,5.85,769.0,1775.44,290.8882981,51.2481617
TOI-5126 c,TOI-5126,toi-5126,Transit,transit,2023,2023,false,2020s,17.8999,3.86,14.2,971.0,160.414,151.6597827,18.6340631
TOI-5126 b,TOI-5126,toi-5126,Transit,transit,2023,2023,false,2020s,5.4588385,4.74,20.2,1442.0,160.414,151.6597827,18.6340631
G 264-012 c,G 264-012,g 264-012,Radial Velocity,radial velocity,2021,2021,false,2020s,8.0518,1.76,3.75,387.0,16.009,326.6719598,66.803848
MOA-2016-BLG-526L b,MOA-2016-BLG-526L,moa-2016-blg-526l,Microlensing,microlensing,2024,2024,false,2020s,,3.97,14.93793513,,6930.0,266.6682917,-34.3860806
OGLE-2018-BLG-1269L b,OGLE-2018-BLG-1269L,ogle-2018-blg-1269l,Microlensing,microlensing,2020,2020,false,2020s,,14.1,210.0,,2510.0,269.693417,-27.6179444
KMT-2018-BLG-0087L b,KMT-2018-BLG-0087L,kmt-2018-blg-0087l,Microlensing,microlensing,2022,2022,false,2020s,,10.1,73.10053361,,7020.0,264.327,-27.8320611
OGLE-2018-BLG-0799L b,OGLE-2018-BLG-0799L,ogle-2018-blg-0799l,Microlensing,microlensing,2022,2022,false,2020s,,10.9,82.63538582,,4050.0,273.459,-25.4857222
KMT-2018-BLG-0748L b,KMT-2018-BLG-0748L,kmt-2018-blg-0748l,Microlensing,microlensing,2020,2020,false,2020s,,9.01,60.0,,7300.0,267.8745,-30.6463889
Kepler-1763 b,Kepler-1763,kepler-1763,Transit,transit,2021,2021,false,2020s,1.480280042,1.14651332,1.59,1822.0,756.486,294.1130368,40.3628861
HIP 113103 c,HIP 113103,hip 113103,Transit,transit,2023,2023,false,2020s,14.245648,2.4,6.35,585.0,46.2122,343.5723794,-43.0102291
Kepler-1995 b,Kepler-1995,kepler-1995,Transit,transit,2023,2023,false,2020s,73.7578875,4.28,16.9,375.0,595.331,284.342725,46.3165907
TOI-199 b,TOI-199,toi-199,Transit,transit,2023,2023,false,2020s,104.854,9.07927437,54.03082919,358.0,102.27,80.1058735,-59.8954326
TOI-5398 b,TOI-5398,toi-5398,Transit,transit,2022,2022,false,2020s,10.590547,10.3,58.7,947.0,130.855,161.8795569,36.3294345
HD 110067 f,HD 110067,hd 110067,Transit,transit,2023,2023,false,2020s,41.05854,2.601,5.04,489.0,32.1585,189.8392243,20.0273377
OGLE-2017-BLG-1806L b,OGLE-2017-BLG-1806L,ogle-2017-blg-1806l,Microlensing,microlensing,2023,2023,false,2020s,,2.15,5.27,,6400.0,266.62325,-24.2722694
Kepler-1530 d,Kepler-1530,kepler-1530,Transit,transit,2021,2021,false,2020s,9.20761013,3.27870115,10.8,972.0,489.876,288.1624396,48.165153
KMT-2022-BLG-0440L b,KMT-2022-BLG-0440L,kmt-2022-blg-0440l,Microlensing,microlensing,2023,2023,false,2020s,,4.05,15.4,,3500.0,269.5835833,-32.2953056
OGLE-2018-BLG-0383L b,OGLE-2018-BLG-0383L,ogle-2018-blg-0383l,Microlensing,microlensing,2022,2022,false,2020s,,2.41,6.4,,7700.0,268.68075,-28.7392778
HD 110067 e,HD 110067,hd 110067,Transit,transit,2023,2023,false,2020s,30.793091,1.94,3.9,533.0,32.1585,189.8392243,20.0273377
HD 110067 c,HD 110067,hd 110067,Transit,transit,2023,2023,false,2020s,13.673694,2.388,6.3,699.0,32.1585,189.8392243,20.0273377
Kepler-1896 b,Kepler-1896,kepler-1896,Transit,transit,2021,2021,false,2020s,44.87020111,3.09935997,9.8,536.0,1732.91,289.6785786,40.2496475
K2-401 b,K2-401,k2-401,Transit,transit,2022,2022,false,2020s,6.293099,2.262,5.74,,200.727,154.987604,3.9548275
Kepler-1681 b,Kepler-1681,kepler-1681,Transit,transit,2020,2020,false,2020s,69.8956,2.55321772,7.05,442.0,758.3,296.6972773,46.3716969
GJ 2126 b,GJ 2126,gj 2126,Radial Velocity,radial velocity,2025,2025,false,2020s,272.7,13.6,413.1769291,,38.129,257.3606793,-35.391719
Kepler-139 d,Kepler-139,kepler-139,Transit,transit,2023,2023,false,2020s,7.305699922,1.695,2.0,972.0,391.038,282.3919451,43.8894167
KMT-2018-BLG-0030L b,KMT-2018-BLG-0030L,kmt-2018-blg-0030l,Microlensing,microlensing,2022,2022,false,2020s,,13.6,460.85119015,,6480.0,264.5166667,-28.041625
KMT-2022-BLG-1013L b,KMT-2022-BLG-1013L,kmt-2022-blg-1013l,Microlensing,microlensing,2023,2023,false,2020s,,12.1,98.52680617,,7710.0,264.70925,-28.3556694
HD 60292 b,HD 60292,hd 60292,Radial Velocity,radial velocity,2020,2020,false,2020s,495.4,12.7,2065.895,,315.211,114.6201698,66.2350517
TOI-4377 b,TOI-4377,toi-4377,Transit,transit,2023,2023,false,2020s,4.378081,15.10970598,304.1617855,1162.08,455.82,164.9324709,-82.2213501
TOI-2373 b,TOI-2373,toi-2373,Transit,transit,2023,2023,false,2020s,13.33668,10.42435205,2955.8041851,860.0,508.686,61.6862197,-16.7557546
TOI-1994 b,TOI-1994,toi-1994,Transit,transit,2024,2024,false,2020s,4.0337142,13.67495645,7024.0077947,2290.0,515.603,147.1745753,-51.756564
TOI-2524 b,TOI-2524,toi-2524,Transit,transit,2023,2023,false,2020s,7.18585,11.2089807,203.41018048,1100.0,438.842,160.8868435,-1.9126984
KMT-2022-BLG-1790L b,KMT-2022-BLG-1790L,kmt-2022-blg-1790l,Microlensing,microlensing,2025,2025,false,2020s,,13.5,549.84314411,,6480.0,271.05625,-27.03475
TOI-238 c,TOI-238,toi-238,Radial Velocity,radial velocity,2024,2024,false,2020s,8.465651,2.18,6.7,696.0,80.5407,349.2310814,-18.6066463
KMT-2019-BLG-1715L b,KMT-2019-BLG-1715L,kmt-2019-blg-1715l,Microlensing,microlensing,2021,2021,false,2020s,,13.2,813.64072192,,3860.0,270.3717083,-28.7771389
KMT-2021-BLG-2609L b,KMT-2021-BLG-2609L,kmt-2021-blg-2609l,Microlensing,microlensing,2024,2024,false,2020s,,3.17,10.17050902,,7480.0,263.518875,-27.5969389
Kepler-1946 b,Kepler-1946,kepler-1946,Transit,transit,2021,2021,false,2020s,3.035190105,2.48812698,6.75,1143.0,1002.12,282.3355387,42.8453417
2MASS J03590986+2009361 b,2MASS J03590986+2009361,2mass j03590986+2009361,Imaging,imaging,2024,2024,false,2020s,,12.2,5720.911326,2369.0,117.435,59.7911026,20.1599759
GJ 896 A b,GJ 896 A,gj 896 a,Astrometry,astrometry,2022,2022,false,2020s,284.39,13.3,718.29219982,,6.26022,352.9700384,19.9370011
HD 168009 b,HD 168009,hd 168009,Radial Velocity,radial velocity,2021,2021,false,2020s,15.1479,3.05,9.53485221,,23.3032,273.8847918,45.2088229
GJ 3222 b,GJ 3222,gj 3222,Radial Velocity,radial velocity,2022,2022,false,2020s,10.66669,3.4,11.44182265,,18.23817,50.8972464,-40.0762325
KMT-2021-BLG-0322L b,KMT-2021-BLG-0322L,kmt-2021-blg-0322l,Microlensing,microlensing,2021,2021,false,2020s,,12.7,2034.1018048,,6600.0,270.9116667,-29.6043889
OGLE-2014-BLG-0221L b,OGLE-2014-BLG-0221L,ogle-2014-blg-0221l,Microlensing,microlensing,2024,2024,false,2020s,,12.9,1382.55357045,,3680.0,270.30375,-27.4267639
KMT-2024-BLG-1044L b,KMT-2024-BLG-1044L,kmt-2024-blg-1044l,Microlensing,microlensing,2024,2024,false,2020s,,2.7,7.75,,7140.0,271.564,-27.5925806
TOI-544 c,TOI-544,toi-544,Radial Velocity,radial velocity,2023,2023,false,2020s,50.089,4.92,21.5,,41.1166,82.2900716,-0.3428983
Kepler-311 d,Kepler-311,kepler-311,Transit,transit,2023,2023,false,2020s,232.040326,2.05,4.86,327.0,778.654,282.0612731,47.0854984
TOI-2134 b,TOI-2134,toi-2134,Transit,transit,2023,2023,false,2020s,9.2292005,2.69,9.13,666.0,22.6202,271.9355015,39.0729269
OGLE-2014-BLG-0319L b,OGLE-2014-BLG-0319L,ogle-2014-blg-0319l,Microlensing,microlensing,2022,2022,false,2020s,,14.1,181.16219199,,7730.0,266.9611667,-33.9350444
KMT-2019-BLG-0371L b,KMT-2019-BLG-0371L,kmt-2019-blg-0371l,Microlensing,microlensing,2021,2021,false,2020s,,12.6,2447.2787339,,7010.0,268.3839167,-31.5550222
OGLE-2017-BLG-1237L b,OGLE-2017-BLG-1237L,ogle-2017-blg-1237l,Microlensing,microlensing,2024,2024,false,2020s,,13.0,1207.7479466,,6030.0,271.6499583,-28.3288306
2MASS J21252752-8138278 b,2MASS J21252752-8138278,2mass j21252752-8138278,Imaging,imaging,2024,2024,false,2020s,,12.4,3813.940884,1616.0,34.1154,321.3662989,-81.6414894
HD 18143 b,HD 18143,hd 18143,Radial Velocity,radial velocity,2022,2022,false,2020s,10.2851,3.28,10.80616584,,22.5243,43.9140248,26.8723829
KMT-2023-BLG-0469L b,KMT-2023-BLG-0469L,kmt-2023-blg-0469l,Microlensing,microlensing,2024,2024,false,2020s,,7.04,39.41072247,,7070.0,269.4067917,-28.7150611
KMT-2021-BLG-0192L b,KMT-2021-BLG-0192L,kmt-2021-blg-0192l,Microlensing,microlensing,2022,2022,false,2020s,,6.56,34.96112477,,5120.0,268.1049583,-30.0086889
KMT-2016-BLG-2364L b,KMT-2016-BLG-2364L,kmt-2016-blg-2364l,Microlensing,microlensing,2020,2020,false,2020s,,13.0,1250.0,,6440.0,265.715667,-27.4355611
KMT-2018-BLG-1988L b,KMT-2018-BLG-1988L,kmt-2018-blg-1988l,Microlensing,microlensing,2022,2022,false,2020s,,2.22,5.56,,4150.0,265.2825417,-35.5947
K2-391 b,K2-391,k2-391,Transit,transit,2022,2022,false,2020s,4.622654,1.371,2.45,,507.94,356.2260152,-7.7015151
Kepler-1683 b,Kepler-1683,kepler-1683,Transit,transit,2020,2020,false,2020s,15.0337,1.87477762,4.17,669.0,733.143,298.4501035,44.2840193
BD+60 1417 b,BD+60 1417,bd+60 1417,Imaging,imaging,2021,2021,false,2020s,,14.68376472,4767.426105,1303.0,44.9543,190.8875453,60.0143636
LTT 3780 b,LTT 3780,ltt 3780,Transit,transit,2020,2020,false,2020s,0.76837931,1.325,2.46,903.0,21.9814,154.6449033,-11.717801
TOI-1273 b,TOI-1273,toi-1273,Transit,transit,2024,2024,false,2020s,4.631296,11.09689089,70.55790635,1211.0,177.118,214.1208564,58.3902534
TOI-1347 c,TOI-1347,toi-1347,Transit,transit,2024,2024,false,2020s,4.841962,1.6,6.4,1000.0,147.476,280.3266806,70.2900536
OGLE-2017-BLG-1275L b,OGLE-2017-BLG-1275L,ogle-2017-blg-1275l,Microlensing,microlensing,2024,2024,false,2020s,,12.8,1875.1876013,,7690.0,267.9154167,-29.4979694
KMT-2021-BLG-0748L b,KMT-2021-BLG-0748L,kmt-2021-blg-0748l,Microlensing,microlensing,2022,2022,false,2020s,,14.3,143.02278315,,6090.0,272.4213333,-25.7465806
KMT-2023-BLG-1642L b,KMT-2023-BLG-1642L,kmt-2023-blg-1642l,Microlensing,microlensing,2024,2024,false,2020s,,13.8,343.25467956,,6980.0,261.366,-29.0584694
HD 22532 b,HD 22532,hd 22532,Radial Velocity,radial velocity,2022,2022,false,2020s,872.6,13.4,673.79622284,,161.183,53.8148478,-49.4172669
Kepler-1835 b,Kepler-1835,kepler-1835,Transit,transit,2021,2021,false,2020s,11.96409988,3.53387773,12.2,808.0,1404.38,280.3148152,43.9856885
Kepler-783 c,Kepler-783,kepler-783,Transit,transit,2020,2020,false,2020s,7.05395,2.33153725,6.04,840.0,516.09,291.0628615,47.484789
HD 219139 b,HD 219139,hd 219139,Radial Velocity,radial velocity,2021,2021,false,2020s,275.5,14.0,247.90615746,,104.935,348.3604055,11.0649832
TOI-904 b,TOI-904,toi-904,Transit,transit,2023,2023,false,2020s,10.8772,2.426,6.46,429.43,46.0891,89.3712733,-83.1297264
TOI-904 c,TOI-904,toi-904,Transit,transit,2023,2023,false,2020s,83.9997,2.167,5.34,217.26,46.0891,89.3712733,-83.1297264
TOI-4860 b,TOI-4860,toi-4860,Transit,transit,2023,2023,false,2020s,1.5227591,8.7,86.7,694.0,80.1423,183.563961,-13.1748411
Kepler-1851 b,Kepler-1851,kepler-1851,Transit,transit,2021,2021,false,2020s,12.02289963,3.90012032,14.5,776.0,1589.81,285.6737597,45.6398375
LHS 1678 c,LHS 1678,lhs 1678,Transit,transit,2021,2021,false,2020s,3.694284,0.941,1.4,510.9,19.8782,68.1789866,-39.7908744
Kepler-1901 b,Kepler-1901,kepler-1901,Transit,transit,2021,2021,false,2020s,3.484129906,1.47418907,2.77,1132.0,1028.37,291.1643587,45.3183061
HD 28471 d,HD 28471,hd 28471,Radial Velocity,radial velocity,2025,2025,false,2020s,11.681,2.06,4.91,945.0,43.6455,66.2875166,-64.0786861
TOI-4438 b,TOI-4438,toi-4438,Transit,transit,2024,2024,false,2020s,7.44628,2.52,5.4,435.0,30.0346,270.3172389,35.5948992
HD 104067 c,HD 104067,hd 104067,Radial Velocity,radial velocity,2024,2024,false,2020s,13.8992,3.69,13.2,,20.3632,179.7923543,-20.3556058
LHS 1678 d,LHS 1678,lhs 1678,Transit,transit,2024,2024,false,2020s,4.9652229,0.981,0.907,462.95,19.8782,68.1789866,-39.7908744
KMT-2021-BLG-1554L b,KMT-2021-BLG-1554L,kmt-2021-blg-1554l,Microlensing,microlensing,2022,2022,false,2020s,,6.9,38.13940884,,7680.0,267.8034167,-31.8643611
KMT-2021-BLG-1303L b,KMT-2021-BLG-1303L,kmt-2021-blg-1303l,Microlensing,microlensing,2022,2022,false,2020s,,13.6,120.77479466,,6280.0,271.863875,-29.2815806
KMT-2021-BLG-0736L b,KMT-2021-BLG-0736L,kmt-2021-blg-0736l,Microlensing,microlensing,2025,2025,false,2020s,,4.86,21.0,,7000.0,268.3225833,-29.7124194
Kepler-1985 b,Kepler-1985,kepler-1985,Transit,transit,2023,2023,false,2020s,3.42064689,2.27,5.77,1129.0,,293.5663715,42.1325825
TOI-1347 b,TOI-1347,toi-1347,Transit,transit,2024,2024,false,2020s,0.84742346,1.8,11.1,1400.0,147.476,280.3266806,70.2900536
HD 88986 b,HD 88986,hd 88986,Radial Velocity,radial velocity,2023,2023,false,2020s,146.05,2.49,17.2,460.0,33.2673,154.1166869,28.6820708
Kepler-1921 b,Kepler-1921,kepler-1921,Transit,transit,2021,2021,false,2020s,20.03479958,2.89459458,8.72,967.0,928.989,300.3161723,45.4953271
TOI-2529 b,TOI-2529,toi-2529,Transit,transit,2024,2024,false,2020s,64.5949,11.54525012,743.71847238,636.0,296.271,118.9945352,-52.3548332
Kepler-1943 b,Kepler-1943,kepler-1943,Transit,transit,2021,2021,false,2020s,4.850180149,1.54869189,3.02,1098.0,1004.55,293.3182976,41.1166697
TOI-1136 c,TOI-1136,toi-1136,Transit,transit,2022,2022,false,2020s,6.2574,2.879,6.32,1062.0,84.5362,192.1848981,64.8552755
KMT-2021-BLG-1770L b,KMT-2021-BLG-1770L,kmt-2021-blg-1770l,Microlensing,microlensing,2023,2023,false,2020s,,12.1,6674.396547,,6920.0,270.4399583,-27.4186694
KMT-2017-BLG-2509L b,KMT-2017-BLG-2509L,kmt-2017-blg-2509l,Microlensing,microlensing,2021,2021,false,2020s,,13.4,664.26137063,,7040.0,265.589875,-26.31715
OGLE-2018-BLG-0932L b,OGLE-2018-BLG-0932L,ogle-2018-blg-0932l,Microlensing,microlensing,2022,2022,false,2020s,,13.9,282.86728223,,6620.0,268.3512083,-29.0218056
HD 331093 b,HD 331093,hd 331093,Radial Velocity,radial velocity,2021,2021,false,2020s,621.62,13.6,476.7426105,,50.1928,295.6200054,31.7395451
Kepler-1879 b,Kepler-1879,kepler-1879,Transit,transit,2021,2021,false,2020s,10.61340046,2.06512018,4.92,987.0,627.171,289.3644209,41.5332589
TOI-815 b,TOI-815,toi-815,Transit,transit,2024,2024,false,2020s,11.197259,2.94,7.6,686.0,59.7117,155.8719377,-43.8349248
Kepler-1689 b,Kepler-1689,kepler-1689,Transit,transit,2020,2020,false,2020s,8.483,0.94678642,0.799,879.0,294.122,291.5741663,38.6559433
K2-375 b,K2-375,k2-375,Transit,transit,2022,2022,false,2020s,14.453895,2.243,5.66,,696.1,130.5013137,20.3593003
OGLE-2018-BLG-0567L b,OGLE-2018-BLG-0567L,ogle-2018-blg-0567l,Microlensing,microlensing,2021,2021,false,2020s,,12.3,101.70509024,,7060.0,269.0184167,-27.9871111
OGLE-2019-BLG-1053L b,OGLE-2019-BLG-1053L,ogle-2019-blg-1053l,Microlensing,microlensing,2021,2021,false,2020s,,1.38,2.48,,6800.0,270.166375,-27.3415833
OGLE-2019-BLG-0468L c,OGLE-2019-BLG-0468L,ogle-2019-blg-0468l,Microlensing,microlensing,2022,2022,false,2020s,,12.5,3248.20631954,,4400.0,266.406,-24.4472778
KMT-2021-BLG-1898L b,KMT-2021-BLG-1898L,kmt-2021-blg-1898l,Microlensing,microlensing,2022,2022,false,2020s,,14.0,232.01473711,,6900.0,265.691875,-27.3758389
KMT-2024-BLG-0404L b,KMT-2024-BLG-0404L,kmt-2024-blg-0404l,Microlensing,microlensing,2025,2025,false,2020s,,11.9,8657.64580668,,7210.0,271.1470833,-27.9535
KMT-2019-BLG-1042L b,KMT-2019-BLG-1042L,kmt-2019-blg-1042l,Microlensing,microlensing,2022,2022,false,2020s,,9.05,60.38739733,,6600.0,270.5440417,-27.5806694
AT2021ueyL b,AT2021ueyL,at2021ueyl,Microlensing,microlensing,2025,2025,false,2020s,4168.69,13.6,425.89006538,,1040.0,324.5450417,26.4665694
TOI-871 b,TOI-871,toi-871,Transit,transit,2024,2024,false,2020s,14.362565,1.664,3.41,621.0,68.0473,74.7376264,-50.6274153
NGTS-27 b,NGTS-27,ngts-27,Transit,transit,2024,2024,false,2020s,3.3704181,15.64773706,188.47224535,1783.0,942.122,206.0265266,-32.5229747
TOI-2068 b,TOI-2068,toi-2068,Transit,transit,2024,2024,false,2020s,7.768915,1.821,3.97,520.62,52.9328,186.27356,60.4183455
TOI-2406 b,TOI-2406,toi-2406,Transit,transit,2021,2021,false,2020s,3.0766891,2.86,15.6,449.0,55.419,8.8060544,-3.3720833
TOI-1448 b,TOI-1448,toi-1448,Transit,transit,2024,2024,false,2020s,8.112245,2.749,19.5,426.0,73.3345,316.324003,57.7710946
TOI-4633 c,TOI-4633,toi-4633,Transit,transit,2024,2024,false,2020s,271.9445,3.2,123.0,268.57,95.2016,256.8431021,62.475548
TOI-776 c,TOI-776,toi-776,Transit,transit,2020,2020,false,2020s,15.665323,2.047,6.9,420.0,27.1701,178.577997,-37.5533568
TOI-6008 b,TOI-6008,toi-6008,Transit,transit,2024,2024,false,2020s,0.8574347,1.03,4.0,707.0,23.1008,310.4487344,49.6468992
TOI-6086 b,TOI-6086,toi-6086,Transit,transit,2024,2024,false,2020s,1.3888725,1.18,1.76,634.0,31.4566,265.3704236,30.3037755
HD 108236 e,HD 108236,hd 108236,Transit,transit,2020,2020,false,2020s,19.590025,3.083,9.71,636.0,64.5978,186.5740627,-51.3630519
TOI-1233.01,HD 108236,hd 108236,Transit,transit,2021,2021,false,2020s,14.175685,2.539,6.98,708.0,64.5978,186.5740627,-51.3630519
TIC 393818343 b,TIC 393818343,tic 393818343,Transit,transit,2024,2024,false,2020s,16.24921,12.18416202,1379.37528638,805.5,93.7345,310.2917002,3.6382967
TOI-663 d,TOI-663,toi-663,Transit,transit,2024,2024,false,2020s,7.1027268,1.92,5.2,482.0,64.2308,160.0658525,-8.5110827
TOI-2374 b,TOI-2374,toi-2374,Transit,transit,2024,2024,false,2020s,4.31361,6.81,56.64,885.0,134.655,319.4982407,-22.0498228
TOI-3071 b,TOI-3071,toi-3071,Transit,transit,2024,2024,false,2020s,1.266938,7.16,68.2,2155.0,485.219,173.2790517,-56.5033871
TOI-5082.01,TOI-5082,toi-5082,Transit,transit,2024,2024,false,2020s,4.240122,2.54811,7.03,1164.91,43.1406,106.569578,22.6831477
HD 73344 b,HD 73344,hd 73344,Transit,transit,2024,2024,false,2020s,15.611,2.884,10.48,911.0,35.26,129.6894456,23.6852651
TOI-4527.01,TOI-4527,toi-4527,Transit,transit,2024,2024,false,2020s,0.3994445,0.9086617,0.689,1362.93,18.1037,19.4722574,5.4711996
BD-14 3065 b,BD-14 3065 A,bd-14 3065 a,Transit,transit,2024,2024,false,2020s,4.2889731,21.59,3932.0,2001.0,589.423,153.6696689,-15.6428372
TOI-1855 b,TOI-1855,toi-1855,Transit,transit,2024,2024,false,2020s,1.36414864,18.49481816,360.09958513,1701.0,176.833,205.3539534,17.6868719
TOI-2368 b,TOI-2368,toi-2368,Transit,transit,2024,2024,false,2020s,5.1750073,10.83908434,206.58846455,1000.0,210.915,134.9576234,-48.4884929
TOI-3919 b,TOI-3919,toi-3919,Transit,transit,2024,2024,false,2020s,7.433234,12.31866979,1233.17421916,1198.0,604.591,208.9447534,40.3918061
TOI-4153 b,TOI-4153,toi-4153,Transit,transit,2024,2024,false,2020s,4.6174141,16.11851425,365.50266805,1669.0,423.84,335.3934698,82.2160792
TOI-5301 b,TOI-5301,toi-5301,Transit,transit,2024,2024,false,2020s,5.858858,13.09208946,1182.32167404,1648.0,629.161,12.9908008,13.0783712
HD 63935 c,HD 63935,hd 63935,Radial Velocity,radial velocity,2021,2021,false,2020s,21.4027,3.06451296,11.1,619.59,48.9739,117.9246417,9.3852412
TOI-1710 b,TOI-1710,toi-1710,Transit,transit,2022,2022,false,2020s,24.283377,5.20315158,22.4,602.99,81.2271,94.2838373,76.21102
HIP 97166 c,HIP 97166,hip 97166,Radial Velocity,radial velocity,2021,2021,false,2020s,16.432,2.75,8.0,642.0,65.9501,296.2446203,74.0628577
TOI-1601 b,TOI-1601,toi-1601,Transit,transit,2021,2021,false,2020s,5.33175,14.19902343,387.0,1493.97,336.608,38.361569,41.0134321
TOI-1444 b,TOI-1444,toi-1444,Transit,transit,2021,2021,false,2020s,0.4702743,1.41792246,3.58,2130.02,125.463,305.4749252,70.9437054
TOI-1842 b,TOI-1842,toi-1842,Transit,transit,2021,2021,false,2020s,9.5739181,12.3485023,89.4,1199.55,223.465,201.9626552,9.0306437
HIP 97166 b,HIP 97166,hip 97166,Transit,transit,2021,2021,false,2020s,10.288914,2.4801338,19.1,701.66,65.9501,296.2446203,74.0628577
TOI-1296 b,TOI-1296,toi-1296,Transit,transit,2021,2021,false,2020s,3.9443736,14.11645916,95.3,1414.84,323.265,256.7706392,70.2384806
TOI-1298 b,TOI-1298,toi-1298,Transit,transit,2021,2021,false,2020s,4.537143,9.65807033,99.0,1278.0,319.036,241.3229012,70.1900397
TOI-1246 d,TOI-1246,toi-1246,Transit,transit,2022,2022,false,2020s,18.654874,3.43139739,5.4,587.77,169.422,251.1158702,70.4299917
TOI-1246 e,TOI-1246,toi-1246,Transit,transit,2022,2022,false,2020s,37.92548,3.5141875,14.5,463.98,169.422,251.1158702,70.4299917
TOI-1386 b,TOI-1386,toi-1386,Transit,transit,2024,2024,false,2020s,25.8401,6.2163865,45.8,615.03,146.858,334.5041029,54.3190454
HD 93963 A c,HD 93963 A,hd 93963 a,Transit,transit,2022,2022,false,2020s,3.6451389,3.11976057,18.4,1212.45,82.3432,162.7766969,25.641065
TOI-1451 b,TOI-1451,toi-1451,Transit,transit,2024,2024,false,2020s,16.537944,2.61143902,15.2,723.33,91.9362,186.5242821,61.2589289
HIP 8152 b,HIP 8152,hip 8152,Transit,transit,2023,2023,false,2020s,10.751014,2.53625843,8.9,794.96,101.694,26.2092533,-18.4013844
HIP 8152 c,HIP 8152,hip 8152,Transit,transit,2023,2023,false,2020s,19.60562,2.52442508,10.7,650.68,101.694,26.2092533,-18.4013844
TOI-1753 b,TOI-1753,toi-1753,Transit,transit,2024,2024,false,2020s,5.3846104,2.47852533,16.6,1005.43,226.671,252.4698351,61.1735768
HD 128717 b,HD 128717,hd 128717,Astrometry,astrometry,2025,2025,false,2020s,3420.0,12.1,6293.0024586,,73.636,219.0881687,57.5609512
TOI-1776 b,TOI-1776,toi-1776,Transit,transit,2024,2024,false,2020s,2.799868,1.21612741,1.4,1269.21,44.647,164.7772913,40.9837182
HD 6061 b,HD 6061,hd 6061,Transit,transit,2023,2023,false,2020s,5.2549,2.42763557,10.0,1075.31,67.6203,15.5981441,37.1854394
TOI-1194 b,TOI-1194,toi-1194,Transit,transit,2023,2023,false,2020s,2.3106446,8.71664516,120.0,1264.29,149.667,167.8214811,69.9647749
TOI-1694 b,TOI-1694,toi-1694,Transit,transit,2023,2023,false,2020s,3.770107,5.3422266,31.3,943.19,124.68,97.7487104,66.3605956
TOI-1443 b,TOI-1443,toi-1443,Transit,transit,2024,2024,false,2020s,23.540678,2.30381001,30.0,520.66,85.8034,297.398678,76.1391776
TOI-329 b,TOI-329,toi-329,Transit,transit,2024,2024,false,2020s,5.70439,4.94057819,40.4,1213.02,284.388,351.3210955,-15.6346313
TOI-1269 b,TOI-1269,toi-1269,Transit,transit,2024,2024,false,2020s,4.2529913,2.40144286,6.4,1004.9,172.138,249.6966397,64.559181
HD 25463 c,HD 25463,hd 25463,Transit,transit,2023,2023,false,2020s,3.04405,1.36354953,4.3,1585.57,45.6181,60.7483361,9.2077676
TOI-1279 b,TOI-1279,toi-1279,Transit,transit,2024,2024,false,2020s,9.61419,2.66146528,10.6,759.0,107.055,185.0628734,56.2014094
TOI-1288 b,TOI-1288,toi-1288,Transit,transit,2022,2022,false,2020s,2.6998279,4.96846551,44.1,1203.44,114.865,313.1670294,65.6087833
TOI-1181 b,TOI-1181,toi-1181,Transit,transit,2022,2022,false,2020s,2.103189,17.02644168,374.71969185,1942.12,302.819,297.2158166,64.3543506
TOI-5218 b,TOI-5218,toi-5218,Transit,transit,2024,2024,false,2020s,4.291452,9.86,657.0,783.0,377.483,292.6634642,71.7629612
TOI-5616 b,TOI-5616,toi-5616,Transit,transit,2024,2024,false,2020s,2.002849,10.78,624.0,939.0,390.415,184.9016378,48.6832895
TOI-1836 c,TOI-1836,toi-1836,Transit,transit,2024,2024,false,2020s,1.7727471,2.59987579,8.0,2007.6,191.649,245.9079242,54.6900774
TOI-1736 c,TOI-1736,toi-1736,Radial Velocity,radial velocity,2023,2023,false,2020s,571.25,12.5,2800.0,249.0,88.9482,43.4344615,69.101345
TOI-1669 b,TOI-1669,toi-1669,Radial Velocity,radial velocity,2023,2023,false,2020s,500.0,14.1,191.0,,111.276,45.9564744,83.5874273
HIP 67522 c,HIP 67522,hip 67522,Transit,transit,2024,2024,false,2020s,14.334892,7.93595834,48.3,917.0,127.28,207.526001,-40.8358961
TOI-2379 b,TOI-2379,toi-2379,Transit,transit,2024,2024,false,2020s,5.4693827,11.72459381,1830.69162432,624.0,211.247,358.0920465,-53.043156
TOI-2384 b,TOI-2384,toi-2384,Transit,transit,2024,2024,false,2020s,2.13570304,11.48920522,624.85064816,889.7,191.51,36.1561463,-65.0001957
TOI-757 b,TOI-757,toi-757,Transit,transit,2024,2024,false,2020s,17.46819,2.5,10.5,641.0,60.3418,187.9948428,-35.5544523
TOI-1011 b,TOI-1011,toi-1011,Transit,transit,2025,2025,false,2020s,2.470498,1.45,4.04,1364.0,52.62,113.9847611,-32.8419988
TOI-2714 b,TOI-2714,toi-2714,Transit,transit,2024,2024,false,2020s,2.499387,13.72,228.0,1603.0,597.873,61.4012482,-14.9267458
TOI-2981 b,TOI-2981,toi-2981,Transit,transit,2024,2024,false,2020s,3.601501,13.4,638.0,1358.0,527.789,163.487394,-25.5245988
TOI-2485 b,TOI-2485,toi-2485,Transit,transit,2024,2024,false,2020s,11.23479,12.1393261,766.60211768,1134.0,397.953,205.2043217,22.9839692
TOI-1288 c,TOI-1288,toi-1288,Radial Velocity,radial velocity,2022,2022,false,2020s,416.0,11.1,85.7,,114.865,313.1670294,65.6087833
TOI-1408 b,TOI-1408,toi-1408,Transit,transit,2023,2023,false,2020s,4.42587,25.0,593.0,1293.0,139.484,313.5110469,72.5806455
TOI-1408 c,TOI-1408,toi-1408,Transit Timing Variations,transit timing variations,2024,2024,false,2020s,2.1664,2.22,7.6,1864.0,139.484,313.5110469,72.5806455
TOI-2420 b,TOI-2420,toi-2420,Transit,transit,2024,2024,false,2020s,5.842641,15.02003414,294.62693329,1571.6,435.174,14.8268138,-19.7711643
TOI-421 c,TOI-421,toi-421,Transit,transit,2020,2020,false,2020s,16.067541,5.09,14.1,635.0,74.7969,81.8532824,-14.2767404
TOI-1338 b,TOI-1338 A,toi-1338 a,Transit,transit,2020,2020,false,2020s,95.4001,7.661,11.3,254.65,399.017,92.1330955,-59.5409853
TOI-1173 b,TOI-1173,toi-1173,Transit,transit,2024,2024,false,2020s,7.06466,9.19,27.4,868.0,132.353,197.6830975,70.7680117
GJ 238 b,GJ 238,gj 238,Transit,transit,2024,2024,false,2020s,1.7446999,0.566,0.126,758.0,15.2142,98.454881,-58.5250316
HD 183579 b,HD 183579,hd 183579,Transit,transit,2021,2021,false,2020s,17.471291,3.49,20.4,752.0,57.2651,293.2866147,-54.5327284
TOI-1437 b,TOI-1437,toi-1437,Transit,transit,2024,2024,false,2020s,18.840942,2.24,9.6,794.23,103.297,256.1387513,56.842549
TOI-6034 b,TOI-6034,toi-6034,Transit,transit,2024,2024,false,2020s,2.576184,11.92,254.0,714.0,117.992,317.9001392,68.4020762
TOI-5634 A b,TOI-5634 A,toi-5634 a,Transit,transit,2024,2024,false,2020s,2.2035373,10.42,588.0,837.0,306.144,175.6436366,20.9652921
K2-419 A b,K2-419 A,k2-419 a,Transit,transit,2024,2024,false,2020s,20.35847252,10.55,196.0,377.0,268.685,135.0194934,13.2737056
TOI-1824 b,TOI-1824,toi-1824,Transit,transit,2024,2024,false,2020s,22.808533,2.7438269,16.0,528.67,59.4314,197.7312286,61.7448492
TOI-286 b,TOI-286,toi-286,Transit,transit,2024,2024,false,2020s,4.5117244,1.42,4.53,979.0,59.2293,90.9842762,-60.6663348
TOI-286 c,TOI-286,toi-286,Transit,transit,2024,2024,false,2020s,39.361826,1.88,3.72,475.0,59.2293,90.9842762,-60.6663348
TOI-2768 b,TOI-2768,toi-2768,Transit,transit,2024,2024,false,2020s,1.50801,2.63,7.41,855.0,78.4525,99.3641336,-15.4812031
TOI-5319 b,TOI-5319,toi-5319,Transit,transit,2024,2024,false,2020s,4.07853,2.83,8.4,695.0,61.171,35.2135563,23.5204408
TOI-1130 b,TOI-1130,toi-1130,Transit,transit,2020,2020,false,2020s,4.074554,3.66,19.8,825.0,58.2609,286.3760037,-41.4376399
K2-321 b,K2-321,k2-321,Transit,transit,2020,2020,false,2020s,2.2979749,2.05124347,4.86,830.0,77.6888,156.4054989,2.5138829
GJ 486 b,GJ 486,gj 486,Radial Velocity,radial velocity,2021,2021,false,2020s,1.46712127,1.289,2.77,696.3,8.07426,191.981531,9.7494181
L 168-9 b,L 168-9,l 168-9,Transit,transit,2020,2020,false,2020s,1.40152604,1.63,4.07,998.0,25.1496,350.0285917,-60.0657292
TOI-6651 b,TOI-6651,toi-6651,Transit,transit,2024,2024,false,2020s,5.056973,5.09,61.0,1493.0,212.128,15.7885904,35.3890405
TOI-181 b,TOI-181,toi-181,Transit,transit,2023,2023,false,2020s,4.532,6.9559,46.1687,895.1,96.2338,352.1725409,-34.4914099
TOI-3884 b,TOI-3884,toi-3884,Transit,transit,2022,2022,false,2020s,4.5445828,6.43,32.59,441.0,43.1448,181.5718341,12.5070258
TOI-5005 b,TOI-5005,toi-5005,Transit,transit,2024,2024,false,2020s,6.3085044,6.25,32.7,1040.0,207.891,238.108194,-48.1451
TOI-6002 b,TOI-6002,toi-6002,Transit,transit,2024,2024,false,2020s,10.904821,1.65,3.36,321.4,32.0266,299.6142524,32.2871702
TOI-1883 b,TOI-1883,toi-1883,Transit,transit,2024,2024,false,2020s,4.50638,5.65,27.2,524.92,115.369,134.0892456,-12.9306438
HD 191939 e,HD 191939,hd 191939,Radial Velocity,radial velocity,2022,2022,false,2020s,101.12,13.0,112.2,390.0,53.6089,302.0256247,66.8503014
TOI-469.01,TOI-469,toi-469,Transit,transit,2021,2021,false,2020s,13.6308205,3.41,9.1,716.0,68.192,93.0578446,-14.6493167
TOI-1230.01,TOI-1230,toi-1230,Transit,transit,2021,2021,false,2020s,25.05713123288,3.23968384,10.6,688.61,143.138,118.1295936,-83.8250629
TOI-3568 b,TOI-3568,toi-3568,Transit,transit,2024,2024,false,2020s,4.417965,5.3,26.4,899.0,197.906,322.6023682,34.7395805
TOI-1772.01,TOI-1772,toi-1772,Transit,transit,2024,2024,false,2020s,8.054246874,2.905,8.78,877.67,97.7562,156.837704,34.3909497
TOI-1777.01,TOI-1777,toi-1777,Transit,transit,2024,2024,false,2020s,14.650111974,2.246,5.67,580.0,79.7665,151.807032,46.1148814
HD 101581 c,HIP 56998,hip 56998,Transit,transit,2025,2025,false,2020s,6.20401,0.99,0.937,747.0,12.7781,175.2563039,-44.4041485
TOI-1301.01,TOI-1301,toi-1301,Transit,transit,2024,2024,false,2020s,6.096407209,2.477,6.7,737.36,90.8693,275.8625432,71.5817479
TOI-1799 b,TOI-1799,toi-1799,Transit,transit,2024,2024,false,2020s,7.094570865,1.642,4.0,922.72,62.1274,167.2329152,34.3030149
TOI-2211.01,TOI-2211,toi-2211,Transit,transit,2024,2024,false,2020s,3.092686757,1.561,3.06,1056.92,70.2932,308.5390859,-29.6726127
TOI-4638.01,TOI-4638,toi-4638,Transit,transit,2024,2024,false,2020s,10.283918787,2.933,8.92,779.83,168.248,12.8206627,12.7879858
TOI-6038 A b,TOI-6038 A,toi-6038 a,Transit,transit,2025,2025,false,2020s,5.8267311,6.41,78.5,1439.0,179.147,51.6572691,40.8172704
IRAS 04125+2902 b,IRAS 04125+2902,iras 04125+2902,Transit,transit,2024,2024,false,2020s,8.834978,10.73820351,80.8,854.0,159.244,63.9283394,29.166542
TOI-1467 b,TOI-1467,toi-1467,Transit,transit,2024,2024,false,2020s,5.97114713,1.92,9.0,506.07,37.4418,19.1146441,49.2331382
TOI-2458 b,TOI-2458,toi-2458,Transit,transit,2024,2024,false,2020s,3.73659,2.83,13.31,1509.4,112.958,79.621529,1.253439
TOI-4994 b,TOI-4994,toi-4994,Transit,transit,2024,2024,false,2020s,21.491984,8.54124329,88.99195396,717.6,329.304,283.1325335,-78.4344302
TOI-406.01,TOI-406,toi-406,Transit,transit,2024,2024,false,2020s,13.175682,2.08,6.57,368.0,31.0597,49.2626428,-42.2441492
TOI-1174 b,TOI-1174,toi-1174,Transit,transit,2024,2024,false,2020s,8.953487683,2.562,32.0,713.83,94.6375,209.2171751,68.6182106
TOI-1691 b,TOI-1691,toi-1691,Transit,transit,2024,2024,false,2020s,16.736888935,3.66,14.6,703.49,111.445,272.4041179,86.860343
TOI-1716.01,TOI-1716,toi-1716,Transit,transit,2024,2024,false,2020s,8.082376554,3.143,10.0,959.0,104.158,105.0833291,56.8241941
TOI-5688 A b,TOI-5688 A,toi-5688 a,Transit,transit,2024,2024,false,2020s,2.94815527,10.3,124.0,742.0,226.318,266.9231001,47.7050486
HD 73344 d,HD 73344,hd 73344,Radial Velocity,radial velocity,2025,2025,false,2020s,5823.0,13.2,810.46243785,,35.26,129.6894456,23.6852651
TOI-1744.01,TOI-1744,toi-1744,Transit,transit,2024,2024,false,2020s,22.341702927,2.68,7.65,598.0,114.39,294.2910707,60.881302
TOI-1739 b,TOI-1739,toi-1739,Transit,transit,2024,2024,false,2020s,8.303341406,1.946,4.45,755.55,70.9819,240.172481,83.2586589
TOI-4504 b,TOI-4504,toi-4504,Transit,transit,2024,2024,false,2020s,2.42614,2.691,7.71,1234.03,342.605,114.4673065,-62.0782776
TOI-4504 c,TOI-4504,toi-4504,Transit,transit,2024,2024,false,2020s,82.97213,11.09689089,1197.32317485,182.8,342.605,114.4673065,-62.0782776
TOI-4504 d,TOI-4504,toi-4504,Transit Timing Variations,transit timing variations,2024,2024,false,2020s,40.5634,13.6,450.23572136,,342.605,114.4673065,-62.0782776
WASP-194 b,WASP-194,wasp-194,Transit,transit,2025,2025,false,2020s,3.183387,15.47960235,373.13054982,1693.0,476.831,295.3877064,56.2178049
Kepler-289 e,Kepler-289,kepler-289,Transit,transit,2025,2025,false,2020s,330.0716,2.94,17.4,286.0,704.438,297.4653351,42.8828517
WASP-188 b,WASP-188,wasp-188,Transit,transit,2025,2025,false,2020s,5.748916,14.81827249,458.6263913,1666.0,675.281,278.7819771,36.6156327
WASP-116 b,WASP-116,wasp-116,Transit,transit,2025,2025,false,2020s,6.6132,13.67495645,203.41018048,1414.0,559.243,35.2157609,-1.8260419
TOI-6478 b,TOI-6478,toi-6478,Transit,transit,2025,2025,false,2020s,34.005019,4.6,19.2,204.4,38.6057,149.9918059,-16.1597935
TOI-2285 b,TOI-2285,toi-2285,Transit,transit,2021,2021,false,2020s,13.635109,1.77,19.5,358.0,42.409,332.5632644,58.7060934
TOI-771 b,TOI-771,toi-771,Transit,transit,2024,2024,false,2020s,2.3260155,1.36,2.47,543.0,25.2788,164.1138903,-72.9851736
TOI-5110 b,TOI-5110,toi-5110,Transit,transit,2024,2024,false,2020s,30.158577,11.98240037,921.7023803,976.0,392.259,94.4042694,31.6103309
TOI-1453 c,TOI-1453,toi-1453,Transit,transit,2025,2025,false,2020s,6.5886982,2.224,2.95,819.8,78.7415,258.2232705,57.1977779
HD 35843 c,HD 35843,hd 35843,Transit,transit,2025,2025,false,2020s,46.9622,2.54,11.32,479.0,69.6026,81.3488924,-44.4312849
TOI-7041 b,TOI-7041,toi-7041,Transit,transit,2025,2025,false,2020s,9.691,11.43316031,114.41822652,882.37,439.52,357.8021716,-50.8698618
TOI-1803 c,TOI-1803,toi-1803,Transit,transit,2025,2025,false,2020s,12.885779,4.29,8.0,588.0,119.24,178.0461054,35.1718001
TOI-1803 b,TOI-1803,toi-1803,Transit,transit,2025,2025,false,2020s,6.293287,2.99,10.32,747.0,119.24,178.0461054,35.1718001
TOI-561 c,TOI-561,toi-561,Transit,transit,2020,2020,false,2020s,10.778838,2.865,5.93,802.0,85.799,148.1851516,6.216103
TOI-1266 b,TOI-1266,toi-1266,Transit,transit,2020,2020,false,2020s,10.8945,2.52,4.46,415.0,36.0118,197.9965833,65.8336973
TOI-2328 b,TOI-2328,toi-2328,Transit,transit,2025,2025,false,2020s,17.10197,9.97599282,50.85254512,842.0,231.782,31.6907424,-81.247376
TOI-2015 b,TOI-2015,toi-2015,Transit,transit,2023,2023,false,2020s,3.348237,3.309,9.2,530.9,47.3444,232.1326528,27.361073
WASP-102 b,WASP-102,wasp-102,Transit,transit,2025,2025,false,2020s,2.709813,14.90794433,197.68926915,1671.0,535.689,336.4643016,15.8566392
TOI-5573 b,TOI-5573,toi-5573,Transit,transit,2025,2025,false,2020s,8.79758977,9.75,112.0,528.0,186.562,136.4259999,55.3071309
HD 191939 g,HD 191939,hd 191939,Radial Velocity,radial velocity,2022,2022,false,2020s,284.0,3.74,13.5,278.0,53.6089,302.0256247,66.8503014
TOI-677 b,TOI-677,toi-677,Transit,transit,2020,2020,false,2020s,11.2365985,13.11450742,392.20025424,1252.0,141.812,144.1193594,-50.4630933
TOI-4529 b,TOI-4529,toi-4529,Transit,transit,2026,2026,false,2020s,5.879577,1.77,4.9,511.0,28.384,16.9688462,12.8809549
TOI-4364 b,TOI-4364,toi-4364,Transit,transit,2025,2025,false,2020s,5.424019,2.01,4.7,488.0,43.9662,80.066927,-4.2392481
TOI-5027 b,TOI-5027,toi-5027,Transit,transit,2025,2025,false,2020s,10.24368,10.76062147,642.01338214,1056.0,204.429,243.8850212,-69.2170972
TOI-1836 b,TOI-1836,toi-1836,Transit,transit,2024,2024,false,2020s,20.380799,8.00321222,38.45723725,966.0,191.649,245.9079242,54.6900774
TOI-2537 b,TOI-2537,toi-2537,Transit,transit,2024,2024,false,2020s,94.1022,11.25381662,415.40172795,338.0,184.986,54.3882661,10.0577464
TOI-2295 b,TOI-2295,toi-2295,Transit,transit,2024,2024,false,2020s,30.033302,16.47720163,278.09985612,747.0,126.279,281.5761962,50.4924657
TOI-3135 b,TOI-3135,toi-3135,Transit,transit,2025,2025,false,2020s,3.7065585,13.65253849,327.36325921,1292.0,221.673,207.8592276,-69.7725635
TOI-4794 b,TOI-4794,toi-4794,Transit,transit,2025,2025,false,2020s,3.5658116,14.35870428,308.29355479,1673.0,543.008,110.4835517,-12.5654781
TOI-1117 c,TOI-1117,toi-1117,Radial Velocity,radial velocity,2025,2025,false,2020s,4.579,2.91,8.78,1210.0,167.598,273.6020606,-66.4199742
TOI-1117 d,TOI-1117,toi-1117,Radial Velocity,radial velocity,2025,2025,false,2020s,8.665,3.27,10.71,978.0,167.598,273.6020606,-66.4199742
TOI-5322 b,TOI-5322,toi-5322,Transit,transit,2025,2025,false,2020s,5.4233207,16.6117094,184.02264765,1350.0,476.899,6.5293373,14.3364283
TOI-5340 b,TOI-5340,toi-5340,Transit,transit,2025,2025,false,2020s,4.9394392,15.07607904,270.15414595,1566.0,532.629,59.3094816,22.3783373
TOI-4961 b,TOI-4961,toi-4961,Transit,transit,2025,2025,false,2020s,7.479182,12.34108775,572.0911326,919.0,213.073,192.5018624,-59.8919345
TOI-6695 b,TOI-6695,toi-6695,Transit,transit,2025,2025,false,2020s,80.389,9.52763359,66.74396547,599.0,282.536,129.5720221,-23.550217
TOI-3486 b,TOI-3486,toi-3486,Transit,transit,2025,2025,false,2020s,2.21778105,10.5700688,99.16246298,1190.0,154.715,249.4432035,-59.3051077
TOI-5210 b,TOI-5210,toi-5210,Transit,transit,2025,2025,false,2020s,4.5661061,10.72699453,81.99972901,1286.0,302.086,314.316923,21.9502055
TOI-1468 c,TOI-1468,toi-1468,Transit,transit,2022,2022,false,2020s,15.532477,2.126,4.1,338.1,24.7399,16.6538724,19.2249195
TOI-1468 b,TOI-1468,toi-1468,Transit,transit,2022,2022,false,2020s,1.8805201,1.401,3.04,683.5,24.7399,16.6538724,19.2249195
TOI-5882 b,TOI-5882,toi-5882,Transit,transit,2025,2025,false,2020s,7.148972,11.46678726,6995.40323807,1515.0,416.104,311.8886385,34.7374918
TOI-6894 b,TOI-6894,toi-6894,Transit,transit,2025,2025,false,2020s,3.37077196,9.5836785,53.39517238,417.9,73.8131,173.4691418,12.4510906
TOI-2989 b,TOI-2989,toi-2989,Transit,transit,2025,2025,false,2020s,3.122832,12.55405838,953.485221,1001.0,195.795,171.2316754,-27.0623619
TOI-3593 b,TOI-3593,toi-3593,Transit,transit,2025,2025,false,2020s,3.8212867,11.02963701,565.73456446,1170.0,226.63,331.506364,34.2116583
TOI-5300 b,TOI-5300,toi-5300,Transit,transit,2025,2025,false,2020s,2.262196,9.86390302,190.6970442,1043.0,162.51,356.481137,0.4587978
MASCARA-4 b,MASCARA-4,mascara-4,Transit,transit,2020,2020,false,2020s,2.8240932,16.98160576,532.36258173,2250.0,170.696,147.5800667,-66.1139253
TOI-5386 A b,TOI-5386 A,toi-5386 a,Transit,transit,2025,2025,false,2020s,3.62156552,14.70618268,155.10026262,1488.0,394.486,226.1069193,60.5362318
Kepler-10 d,Kepler-10,kepler-10,Radial Velocity,radial velocity,2023,2023,false,2020s,151.06,3.49,12.0,387.0,185.506,285.679298,50.2414842
TOI-1117 b,TOI-1117,toi-1117,Transit,transit,2025,2025,false,2020s,2.22816,2.46,8.9,1538.0,167.598,273.6020606,-66.4199742
TOI-2031 A b,TOI-2031 A,toi-2031 a,Transit,transit,2025,2025,false,2020s,5.71548654,14.20177855,254.2627256,1358.0,276.105,331.1178077,81.5659509
TOI-3682 b,TOI-3682,toi-3682,Transit,transit,2025,2025,false,2020s,3.3462406,12.80065596,69.28659273,1657.0,404.211,50.2752271,25.2972658
TOI-3980 b,TOI-3980,toi-3980,Transit,transit,2025,2025,false,2020s,3.6089254,14.4595851,187.51876013,1621.0,486.721,12.8419374,59.5758606
TOI-2992 b,TOI-2992,toi-2992,Transit,transit,2025,2025,false,2020s,3.007812,13.75341932,1058.36859531,1726.0,542.026,164.3165643,-32.3224375
TOI-4487 A b,TOI-4487 A,toi-4487 a,Transit,transit,2025,2025,false,2020s,3.9540709,14.60530185,397.28550875,1639.0,479.145,306.4220814,45.9710306
TOI-1438 c,TOI-1438,toi-1438,Transit,transit,2025,2025,false,2020s,9.428089,2.75,10.6,794.0,110.513,280.9237844,74.9378327
L 98-59 e,L 98-59,l 98-59,Radial Velocity,radial velocity,2021,2021,false,2020s,12.8278,1.49,2.82,347.0,10.6194,124.5328604,-68.3144658
L 98-59 f,L 98-59,l 98-59,Radial Velocity,radial velocity,2025,2025,false,2020s,23.064,1.48,2.8,285.0,10.6194,124.5328604,-68.3144658
K2-388 b,K2-388,k2-388,Transit,transit,2022,2022,false,2020s,6.33932,3.9,14.5,874.0,290.495,352.7139342,-11.0773564
TOI-2076 e,TOI-2076,toi-2076,Transit,transit,2025,2025,false,2020s,3.0223445,1.355,2.4,1138.0,41.9091,217.3920159,39.7903991
TOI-2076 d,TOI-2076,toi-2076,Transit,transit,2021,2021,false,2020s,35.125686,3.43087751,29.0,457.68,41.9091,217.3920159,39.7903991
TOI-201 b,TOI-201,toi-201,Transit,transit,2021,2021,false,2020s,52.977946,11.82547464,184.34047606,759.0,113.825,87.4017825,-54.910423
TOI-201 c,TOI-201,toi-201,Transit Timing Variations,transit timing variations,2025,2025,false,2020s,2800.0,11.13051784,4513.1633794,,113.825,87.4017825,-54.910423
TOI-4773 b,TOI-4773,toi-4773,Transit,transit,2025,2025,false,2020s,1.7452851,15.22179579,1687.66884117,2255.0,492.888,114.9426489,-21.4856184
TOI-5261 b,TOI-5261,toi-5261,Transit,transit,2025,2025,false,2020s,4.1509768,11.60129502,3651.84839643,1244.0,377.054,305.4585453,19.4358468
TOI-2719 b,TOI-2719,toi-2719,Transit,transit,2025,2025,false,2020s,3.37594,5.98,29.9,1710.0,588.368,71.5549449,-0.8048725
HIP 41378 g,HIP 41378,hip 41378,Radial Velocity,radial velocity,2025,2025,false,2020s,62.06,2.54,7.0,605.0,106.289,126.6158279,10.0803708
TIC 257060897 b,TIC 257060897,tic 257060897,Transit,transit,2021,2021,false,2020s,3.66003639,17.26183028,201.50321004,1775.0,505.703,227.5321527,72.7103128
TOI-2322 b,TOI-2322,toi-2322,Transit,transit,2025,2025,false,2020s,11.30717,0.994,2.31,603.1,59.861,116.9731027,-71.0019671
TOI-5350 b,TOI-5350,toi-5350,Transit,transit,2025,2025,false,2020s,7.581367,12.41955062,2094.48920213,1195.0,277.419,74.4023015,21.6019759
TOI-6420 b,TOI-6420,toi-6420,Transit,transit,2025,2025,false,2020s,6.961508,11.93756445,2606.1929374,1213.0,634.712,125.5443036,-19.1242852
TOI-6303 b,TOI-6303,toi-6303,Transit,transit,2025,2025,false,2020s,9.485236,11.59,2493.0,541.0,152.219,46.7806502,40.147174
TOI-7149 b,TOI-7149,toi-7149,Transit,transit,2025,2025,false,2020s,2.65206166,13.2,224.0,593.0,126.126,244.7384657,19.1758116
TOI-6054.02,TOI-6054,toi-6054,Transit,transit,2024,2024,false,2020s,12.563636,2.82,9.3,1143.0,79.407,56.337007,60.350917
TOI-2141 c,TOI-2141,toi-2141,Radial Velocity,radial velocity,2025,2025,false,2020s,5.4624,2.35,6.14,1095.0,77.682,258.7623456,18.3403449
TOI-1346 c,TOI-1346,toi-1346,Transit,transit,2025,2025,false,2020s,5.502558,2.23,5.6,928.0,115.45,256.6226752,68.8433031
TOI-6000 b,TOI-6000,toi-6000,Transit,transit,2025,2025,false,2020s,0.448959,0.94,0.779,1120.0,75.7664,292.6062979,68.1545924
HD 63433 b,HD 63433,hd 63433,Transit,transit,2020,2020,false,2020s,7.1079475,2.14,21.755,967.11,22.4035,117.4793699,27.3631342
TOI-2093 c,TOI-2093,toi-2093,Transit,transit,2025,2025,false,2020s,53.81149,2.3,15.8,329.0,82.7982,302.7375229,70.8696532
TOI-756 c,TOI-756,toi-756,Radial Velocity,radial velocity,2025,2025,false,2020s,149.4,13.0,1287.20504835,194.0,86.1759,192.103738,-45.4704709
TOI-6109 c,TOI-6109,toi-6109,Transit,transit,2025,2025,false,2020s,8.538878,4.8326,20.8,786.0,151.738,50.1319206,42.6069564
TOI-2093 b,TOI-2093,toi-2093,Radial Velocity,radial velocity,2025,2025,false,2020s,12.836,3.25,10.6,535.0,82.7982,302.7375229,70.8696532
HD 63433 c,HD 63433,hd 63433,Transit,transit,2020,2020,false,2020s,20.5438281,2.692,15.539,678.92,22.4035,117.4793699,27.3631342
TOI-178 d,TOI-178,toi-178,Transit,transit,2021,2021,false,2020s,6.557569,2.695,5.2,690.0,62.699,7.3020115,-30.4541159
TOI-178 e,TOI-178,toi-178,Transit,transit,2021,2021,false,2020s,9.96318,2.301,3.48,600.0,62.699,7.3020115,-30.4541159
TOI-2449 b,TOI-2449,toi-2449,Transit,transit,2025,2025,false,2020s,106.14468,11.24,222.0,400.0,156.786,67.984371,-34.4555327
TOI-1685 b,TOI-1685,toi-1685,Transit,transit,2021,2021,false,2020s,0.66913923,1.421,3.07,1000.0,37.6153,68.5939529,43.0370395
WASP-110 b,WASP-110,wasp-110,Transit,transit,2021,2021,false,2020s,3.7784022,13.19297028,154.78243421,1158.0,274.96,305.8724366,-44.0587001
TOI-1422 b,TOI-1422,toi-1422,Transit,transit,2022,2022,false,2020s,12.99894,3.83,9.5,870.0,155.141,354.240829,39.6392793
HD 152843 b,HD 152843,hd 152843,Transit,transit,2021,2021,false,2020s,11.62071,3.05,9.82,1003.11,107.898,253.7848853,20.491524
TOI-178 b,TOI-178,toi-178,Transit,transit,2021,2021,false,2020s,1.9145601,1.2,0.96,1040.0,62.699,7.3020115,-30.4541159
TOI-178 c,TOI-178,toi-178,Transit,transit,2021,2021,false,2020s,3.238486,1.754,4.64,873.0,62.699,7.3020115,-30.4541159
TOI-756 b,TOI-756,toi-756,Transit,transit,2025,2025,false,2020s,1.2392495,2.81,9.83,934.0,86.1759,192.103738,-45.4704709
Kepler-1980 b,Kepler-1980,kepler-1980,Transit,transit,2023,2023,false,2020s,33.0257179,2.21,5.52,564.0,1709.4,295.1672065,38.637039
Kepler-1126 c,Kepler-1126,kepler-1126,Transit,transit,2023,2023,false,2020s,199.66876,1.45,2.7,305.0,635.736,285.691955,45.6893993
EPIC 249893012 b,EPIC 249893012,epic 249893012,Transit,transit,2020,2020,false,2020s,3.5951,1.95,8.75,1616.0,321.296,228.2482353,-16.7246474
EPIC 249893012 c,EPIC 249893012,epic 249893012,Transit,transit,2020,2020,false,2020s,15.624,3.67,14.67,990.0,321.296,228.2482353,-16.7246474
OGLE-2018-BLG-0677L b,OGLE-2018-BLG-0677L,ogle-2018-blg-0677l,Microlensing,microlensing,2020,2020,false,2020s,,1.82,3.96,,7580.0,268.751125,-32.0165306
Kepler-1987 b,Kepler-1987,kepler-1987,Transit,transit,2023,2023,false,2020s,2.345863002,1.23,2.04,997.0,595.683,295.8254663,42.9433716
Kepler-1989 b,Kepler-1989,kepler-1989,Transit,transit,2023,2023,false,2020s,10.161023528,4.62,19.3,904.0,1252.13,290.7351869,44.091262
EPIC 249893012 d,EPIC 249893012,epic 249893012,Transit,transit,2020,2020,false,2020s,35.747,3.94,10.18,752.0,321.296,228.2482353,-16.7246474
OGLE-2018-BLG-1700L b,OGLE-2018-BLG-1700L,ogle-2018-blg-1700l,Microlensing,microlensing,2020,2020,false,2020s,,12.9,1400.0,,7600.0,269.956042,-28.5286389
OGLE-2015-BLG-1771L b,OGLE-2015-BLG-1771L,ogle-2015-blg-1771l,Microlensing,microlensing,2020,2020,false,2020s,,14.3,138.0,,7070.0,268.799,-28.86275
Kepler-416 d,Kepler-416,kepler-416,Transit,transit,2023,2023,false,2020s,3.07644709,1.61,3.22,1253.0,690.819,291.5569554,39.2272923
Kepler-975 c,Kepler-975,kepler-975,Transit,transit,2023,2023,false,2020s,5.05821338,10.69,80.2,1168.0,426.088,290.54851,38.4952415
Kepler-1996 b,Kepler-1996,kepler-1996,Transit,transit,2023,2023,false,2020s,32.376183,2.26,5.73,392.0,440.561,285.2537555,46.5822183
Kepler-1052 c,Kepler-1052,kepler-1052,Transit,transit,2023,2023,false,2020s,180.921729,2.3,5.9,302.0,943.444,295.34273,46.6022134
TOI-5736 b,TOI-5736,toi-5736,Transit,transit,2025,2025,false,2020s,0.64899,1.56,3.05,1311.0,92.3604,213.7583971,49.5009379
TOI-5489 c,TOI-5489,toi-5489,Transit,transit,2025,2025,false,2020s,4.92126,1.28,2.18,536.0,45.0907,128.691294,11.4895882
OGLE-2012-BLG-0838L b,OGLE-2012-BLG-0838L,ogle-2012-blg-0838l,Microlensing,microlensing,2020,2020,false,2020s,,8.39,53.1,,6320.0,273.003083,-25.7116111
Kepler-1491 c,Kepler-1491,kepler-1491,Transit,transit,2023,2023,false,2020s,61.569765,2.44,6.53,530.0,2065.59,293.6297645,45.7406293
Kepler-290 d,Kepler-290,kepler-290,Transit,transit,2023,2023,false,2020s,0.764017553,0.86,0.566,1589.0,694.627,286.4100307,42.6815137
Kepler-549 d,Kepler-549,kepler-549,Transit,transit,2023,2023,false,2020s,24.61480613,4.2,16.4,586.0,635.145,283.0228527,47.2611431
GJ 1061 d,GJ 1061,gj 1061,Radial Velocity,radial velocity,2020,2020,false,2020s,13.031,1.16,1.64,,3.67278,54.0032486,-44.5143104
TOI-4940 b,TOI-4940,toi-4940,Transit,transit,2025,2025,false,2020s,25.867811,6.61,89.0,643.0,345.659,58.2511684,-62.4079681
Kepler-864 c,Kepler-864,kepler-864,Transit,transit,2023,2023,false,2020s,2.42150341,1.62,3.26,1532.0,2022.9,285.0570943,46.3206074
Kepler-1976 b,Kepler-1976,kepler-1976,Transit Timing Variations,transit timing variations,2023,2023,false,2020s,4.959319244,12.21,,1103.0,1314.51,292.16706,48.7275345
Kepler-2000 c,Kepler-2000,kepler-2000,Transit,transit,2023,2023,false,2020s,20.6180348,1.57,3.09,359.0,320.588,285.5743032,49.9621218
TOI-521 b,TOI-521,toi-521,Transit,transit,2025,2025,false,2020s,1.54285047,1.98,5.3,794.0,60.9425,123.3442567,12.2221079
TOI-1648 b,TOI-1648,toi-1648,Transit,transit,2025,2025,false,2020s,7.331602,2.54,7.4,799.0,69.835,45.4011794,69.2299235
OGLE-2016-BLG-1227L b,OGLE-2016-BLG-1227L,ogle-2016-blg-1227l,Microlensing,microlensing,2020,2020,false,2020s,,13.9,250.0,,,265.597125,-33.7597778
Kepler-1992 b,Kepler-1992,kepler-1992,Transit,transit,2023,2023,false,2020s,15.6112238,0.91,0.693,637.0,532.955,295.0902409,45.0811045
TOI-333 b,TOI-333,toi-333,Transit,transit,2025,2025,false,2020s,3.7852503,4.26,20.1,1445.0,352.269,353.3574989,-41.1715206
TOI-2076 b,TOI-2076,toi-2076,Transit,transit,2021,2021,false,2020s,10.355235,2.39,16.1,738.0,41.9091,217.3920159,39.7903991
TOI-4507 b,TOI-4507,toi-4507,Transit,transit,2025,2025,false,2020s,104.61611,8.2,20.0,562.01,178.26,80.4513677,-69.9882175
Kepler-1990 c,Kepler-1990,kepler-1990,Transit,transit,2023,2023,false,2020s,4.06844957,0.98,0.904,1170.0,392.739,299.7047433,44.4357068
Kepler-763 d,Kepler-763,kepler-763,Transit,transit,2023,2023,false,2020s,6.50327035,1.67,3.43,804.0,962.459,292.1445534,47.1573604
Kepler-1814 c,Kepler-1814,kepler-1814,Transit,transit,2023,2023,false,2020s,0.626281766,1.76,3.75,1711.0,726.346,285.2166767,41.2824449
TOI-7166 b,TOI-7166,toi-7166,Transit,transit,2025,2025,false,2020s,12.92063621,2.01,4.7,249.0,35.4153,320.6806363,8.8893975
TOI-5349 b,TOI-5349,toi-5349,Transit,transit,2026,2026,false,2020s,3.317921,10.2,127.4,719.0,188.336,52.7125703,20.8796279
Kepler-1649 c,Kepler-1649,kepler-1649,Transit,transit,2020,2020,false,2020s,19.53527,1.06,1.2,234.0,92.1913,292.5029676,41.8299933
Kepler-1991 c,Kepler-1991,kepler-1991,Transit,transit,2023,2023,false,2020s,22.79020351,2.57,7.13,634.0,855.82,285.0360506,45.0709909
Kepler-1982 b,Kepler-1982,kepler-1982,Transit,transit,2023,2023,false,2020s,3.82315697,0.77,0.381,1282.0,558.855,287.4099905,39.6586267
Kepler-1859 c,Kepler-1859,kepler-1859,Transit,transit,2023,2023,false,2020s,3.59645081,1.66,3.39,1327.0,1331.25,293.9886751,46.7179996
Kepler-1996 c,Kepler-1996,kepler-1996,Transit,transit,2023,2023,false,2020s,92.7297248,2.81,8.3,276.0,440.561,285.2537555,46.5822183
Kepler-1988 b,Kepler-1988,kepler-1988,Transit,transit,2023,2023,false,2020s,11.49500229,1.53,2.96,1105.0,513.426,298.6738034,43.7955099
KOI-1783.02,KOI-1783,koi-1783,Transit,transit,2020,2020,false,2020s,284.215,5.44,15.0,321.0,865.73,289.3414629,46.988155
Kepler-2001 c,Kepler-2001,kepler-2001,Transit,transit,2023,2023,false,2020s,14.092583189,1.82,3.97,597.0,776.55,291.6594558,50.5838585
Kepler-1471 c,Kepler-1471,kepler-1471,Transit,transit,2023,2023,false,2020s,11.6044881,1.88,4.19,841.0,978.678,289.6649171,50.0200612
Kepler-164 e,Kepler-164,kepler-164,Transit,transit,2023,2023,false,2020s,94.886902,4.24,16.7,429.0,890.758,287.7808115,47.6298453
Kepler-1921 c,Kepler-1921,kepler-1921,Transit,transit,2023,2023,false,2020s,3.15722086,1.41,2.57,1791.0,928.989,300.3161723,45.4953271
Kepler-1998 b,Kepler-1998,kepler-1998,Transit,transit,2023,2023,false,2020s,3.03267135,0.6,0.156,1187.0,340.965,283.4291536,47.5923973
WASP-108 b,WASP-108,wasp-108,Transit,transit,2020,2020,false,2020s,2.67555212374,15.13212395,283.50293904,1589.0,258.777,195.8281644,-49.6397727
TOI-7510 c,TOI-7510,toi-7510,Transit,transit,2025,2025,false,2020s,22.5687423,10.81,131.0,702.0,249.006,273.728188,-54.4340547
TOI-6448 b,TOI-6448,toi-6448,Transit,transit,2025,2025,false,2020s,14.844261,8.47398941,54.0,745.0,386.879,110.1704109,-33.9223285
OGLE-2018-BLG-1428L b,OGLE-2018-BLG-1428L,ogle-2018-blg-1428l,Microlensing,microlensing,2021,2021,false,2020s,,14.0,240.0,,6220.0,265.548708,-26.1378889
OGLE-2017-BLG-1049L b,OGLE-2017-BLG-1049L,ogle-2017-blg-1049l,Microlensing,microlensing,2020,2020,false,2020s,,12.8,1760.0,,5670.0,269.533542,-27.1442222
KMT-2019-BLG-0842L b,KMT-2019-BLG-0842L,kmt-2019-blg-0842l,Microlensing,microlensing,2020,2020,false,2020s,,3.19,10.28,,3320.0,268.458458,-29.8774389
Kepler-1684 b,Kepler-1684,kepler-1684,Transit,transit,2020,2020,false,2020s,47.7055,2.87084792,8.6,347.0,621.996,294.0054181,46.3106625
Kepler-1679 b,Kepler-1679,kepler-1679,Transit,transit,2020,2020,false,2020s,9.75376,2.0692036,4.93,813.0,909.28,293.9005786,50.4270507
KMT-2016-BLG-2397L b,KMT-2016-BLG-2397L,kmt-2016-blg-2397l,Microlensing,microlensing,2020,2020,false,2020s,,13.2,836.0,,4880.0,266.212542,-23.2013806
HD 107148 c,HD 107148,hd 107148,Radial Velocity,radial velocity,2021,2021,false,2020s,18.3267,4.7,19.89605828,,49.4156,184.8059773,-3.3199927
Kepler-1687 b,Kepler-1687,kepler-1687,Transit,transit,2020,2020,false,2020s,5.77954,1.65623882,3.38,598.0,417.014,289.7428363,50.7870626
Kepler-1688 b,Kepler-1688,kepler-1688,Transit,transit,2020,2020,false,2020s,5.62012,1.26174569,2.13,772.0,567.44687087,289.5530051,41.2978532
OGLE-2017-BLG-0604L b,OGLE-2017-BLG-0604L,ogle-2017-blg-0604l,Microlensing,microlensing,2020,2020,false,2020s,,14.2,160.0,,3950.0,267.891667,-30.9465556
HD 136925 b,HD 136925,hd 136925,Radial Velocity,radial velocity,2021,2021,false,2020s,4540.0,13.9,266.97586188,,47.874,230.7157509,13.3663117
HD 156668 c,HD 156668,hd 156668,Radial Velocity,radial velocity,2021,2021,false,2020s,811.3,6.17,31.49679513,,24.3323,259.4183491,29.228161
Kepler-462 c,Kepler-462,kepler-462,Transit,transit,2020,2020,false,2020s,207.62,4.0,6.0,453.0,596.625,299.8211502,43.8142793
HD 164922 e,HD 164922,hd 164922,Radial Velocity,radial velocity,2021,2021,false,2020s,41.763,3.23,10.52012027,,22.0016,270.6304652,26.3104077
EPIC 201757695.02,EPIC 201757695,epic 201757695,Transit,transit,2020,2020,false,2020s,2.0478,0.90819,0.688,,577.6,173.9385102,4.6164303
KMT-2023-BLG-0548L b,KMT-2023-BLG-0548L,kmt-2023-blg-0548l,Microlensing,microlensing,2025,2025,false,2020s,,13.1,1086.97315194,,6830.0,270.347625,-27.10675
KMT-2024-BLG-2059L b,KMT-2024-BLG-2059L,kmt-2024-blg-2059l,Microlensing,microlensing,2025,2025,false,2020s,,2.54,6.99222495,,6070.0,270.92975,-28.5681889
Kepler-1664 b,Kepler-1664,kepler-1664,Transit,transit,2020,2020,false,2020s,14.3868,3.03320653,9.45,776.0,626.691,286.8527157,49.2616668
Kepler-1001 c,Kepler-1001,kepler-1001,Transit,transit,2020,2020,false,2020s,9.18186,1.57799279,3.11,804.0,928.978,286.2739151,48.6186972
HD 3765 b,HD 3765,hd 3765,Radial Velocity,radial velocity,2021,2021,false,2020s,1211.0,8.56,54.98431441,,17.926,10.2072994,40.1842918
Kepler-1701 b,Kepler-1701,kepler-1701,Transit,transit,2020,2020,false,2020s,169.134,2.22186207,5.57,273.0,584.142,286.6088625,41.8892986
Kepler-1702 b,Kepler-1702,kepler-1702,Transit,transit,2020,2020,false,2020s,18.5012,1.60190793,3.2,555.0,857.14,284.9724842,44.5674794
HD 4760 b,HD 4760,hd 4760,Radial Velocity,radial velocity,2021,2021,false,2020s,434.0,12.3,4417.837,,537.873,12.4161652,6.4071412
Kepler-1665 b,Kepler-1665,kepler-1665,Transit,transit,2020,2020,false,2020s,11.9548,2.83910787,8.44,906.0,335.515,290.39624,41.0399229
Kepler-1698 b,Kepler-1698,kepler-1698,Transit,transit,2020,2020,false,2020s,1.2107,1.07315686,1.25,1351.0,222.345,293.3450181,39.2577469
TYC 0434-04538-1 b,TYC 0434-04538-1,tyc 0434-04538-1,Radial Velocity,radial velocity,2021,2021,false,2020s,193.2,12.7,1938.763,,613.422,271.3396528,2.0622774
Kepler-1700 b,Kepler-1700,kepler-1700,Transit,transit,2020,2020,false,2020s,234.239,2.90129941,8.76,329.0,717.597,286.9497376,45.3537626
Kepler-1697 b,Kepler-1697,kepler-1697,Transit,transit,2020,2020,false,2020s,33.4969,1.25954761,2.12,630.0,247.771,287.663331,43.4713782
HD 13808 b,HD 13808,hd 13808,Radial Velocity,radial velocity,2021,2021,false,2020s,14.1815,3.35,11.2,,28.2305,33.1780708,-53.7437591
HD 13808 c,HD 13808,hd 13808,Radial Velocity,radial velocity,2021,2021,false,2020s,53.753,3.13,9.96,,28.2305,33.1780708,-53.7437591
HATS-37 A b,HATS-37 A,hats-37 a,Transit,transit,2020,2020,false,2020s,4.3315366,6.792654,31.46517,1085.0,211.896,199.80183,-22.9868431
GJ 480 b,GJ 480,gj 480,Radial Velocity,radial velocity,2020,2020,false,2020s,9.567,3.69,13.2,,14.2358,189.7134226,11.6950708
HD 216520 c,HD 216520,hd 216520,Radial Velocity,radial velocity,2020,2020,false,2020s,154.43,3.03,9.44,,19.552,341.8768719,83.6975307
HIP 107772 b,HIP 107772,hip 107772,Radial Velocity,radial velocity,2020,2020,false,2020s,55.199,3.64,12.9,,23.6434,327.4977057,-41.2440371
HD 238090 b,HD 238090,hd 238090,Radial Velocity,radial velocity,2020,2020,false,2020s,13.671,2.52,6.89,469.6,15.2354,183.0886375,54.486153
Kepler-1667 b,Kepler-1667,kepler-1667,Transit,transit,2020,2020,false,2020s,83.5781,2.98385261,9.19,655.0,626.819,283.5329505,48.0943604
GJ 414 A c,GJ 414 A,gj 414 a,Radial Velocity,radial velocity,2021,2021,false,2020s,749.83,8.4,53.83,124.7,11.8893,167.7745044,30.4451688
GJ 414 A b,GJ 414 A,gj 414 a,Radial Velocity,radial velocity,2021,2021,false,2020s,50.8,2.63,7.6,308.6,11.8893,167.7745044,30.4451688
Kepler-1669 b,Kepler-1669,kepler-1669,Transit,transit,2020,2020,false,2020s,9.51216,2.78043818,8.15,530.0,543.444,297.4303826,39.8478795
Kepler-1663 b,Kepler-1663,kepler-1663,Transit,transit,2020,2020,false,2020s,17.6046,3.30395896,10.9,362.0,337.926,290.4015156,48.8227234
Kepler-1675 b,Kepler-1675,kepler-1675,Transit,transit,2020,2020,false,2020s,63.0382,3.12483349,9.93,465.0,651.117,283.8095478,41.0412517
Kepler-1676 b,Kepler-1676,kepler-1676,Transit,transit,2020,2020,false,2020s,29.9221,3.3769596,11.3,782.0,,287.2368778,43.5671665
K2-340 b,K2-340,k2-340,Transit,transit,2021,2021,false,2020s,29.740451,3.36,11.2,606.0,738.136,127.9373409,19.0745863
EPIC 206024342 d,EPIC 206024342,epic 206024342,Transit,transit,2021,2021,false,2020s,14.647531,2.6,7.27,,369.888,331.2771441,-14.1218019
EPIC 206024342 c,EPIC 206024342,epic 206024342,Transit,transit,2021,2021,false,2020s,0.911724,1.4,2.54,,369.888,331.2771441,-14.1218019
KOI-3503 b,KOI-3503,koi-3503,Transit,transit,2021,2021,false,2020s,21.185,1.19,9.2,785.0,887.064,293.1507654,41.7291532
KOI-1831 d,Kepler-324,kepler-324,Transit,transit,2021,2021,false,2020s,34.169,1.13,2.23,475.0,501.574,286.4714473,49.6490933
K2-345 b,K2-345,k2-345,Transit,transit,2021,2021,false,2020s,10.367437,2.11,5.1,437.0,162.408,132.7075876,21.7890367
EPIC 206042996 c,EPIC 206042996,epic 206042996,Transit,transit,2021,2021,false,2020s,0.354884,1.2,1.87,,451.769,337.5136198,-13.6101475
KOI-1833 d,Kepler-968,kepler-968,Transit,transit,2021,2021,false,2020s,7.685,2.58,11.02,613.0,290.324,285.6025889,50.1120401
KOI-3503 c,KOI-3503,koi-3503,Transit,transit,2021,2021,false,2020s,31.828,1.21,10.36,686.0,887.064,293.1507654,41.7291532
HIP 75092 b,HIP 75092,hip 75092,Radial Velocity,radial velocity,2021,2021,false,2020s,926.4,13.5,568.91284853,,81.6696,230.1724206,-25.9910525
KMT-2018-BLG-1976L b,KMT-2018-BLG-1976L,kmt-2018-blg-1976l,Microlensing,microlensing,2021,2021,false,2020s,,13.3,705.57906354,,5840.0,266.3546667,-35.7003306
OGLE-2019-BLG-0954L b,OGLE-2019-BLG-0954L,ogle-2019-blg-0954l,Microlensing,microlensing,2021,2021,false,2020s,,12.3,4513.1633794,,3630.0,267.91325,-29.611
K2-347 b,K2-347,k2-347,Transit,transit,2021,2021,false,2020s,7.187257,2.41,6.39,640.0,320.336,126.3726821,23.2974061
HD 39194 d,HD 39194,hd 39194,Radial Velocity,radial velocity,2021,2021,false,2020s,33.91,1.83,4.0,,26.4131,86.129071,-70.1382377
KMT-2018-BLG-1025L b,KMT-2018-BLG-1025L,kmt-2018-blg-1025l,Microlensing,microlensing,2021,2021,false,2020s,,2.34,6.059,,6705.0,269.8664167,-27.8780611
K2-349 b,K2-349,k2-349,Transit,transit,2021,2021,false,2020s,9.032178,1.38,2.48,518.0,453.567,199.0996546,-14.4447454
K2-351 b,K2-351,k2-351,Transit,transit,2021,2021,false,2020s,7.806164,2.54,6.99,934.0,694.734,206.6522408,-11.8049588
HD 93385 c,HD 93385,hd 93385,Radial Velocity,radial velocity,2021,2021,false,2020s,13.18,2.56,7.1,,43.3475,161.5627065,-41.464604
HD 93385 b,HD 93385,hd 93385,Radial Velocity,radial velocity,2021,2021,false,2020s,7.3426,1.88,4.2,,43.3475,161.5627065,-41.464604
HD 96700 d,HD 96700,hd 96700,Radial Velocity,radial velocity,2021,2021,false,2020s,103.5,3.61,12.7,,25.4111,166.9742616,-30.1751383
HD 96700 b,HD 96700,hd 96700,Radial Velocity,radial velocity,2021,2021,false,2020s,8.1245,2.93,8.9,,25.4111,166.9742616,-30.1751383
K2-331 c,K2-331,k2-331,Transit,transit,2021,2021,false,2020s,22.996591,2.72,7.85,673.0,211.43,132.7376431,13.170269
OGLE-2018-BLG-1185L b,OGLE-2018-BLG-1185L,ogle-2018-blg-1185l,Microlensing,microlensing,2021,2021,false,2020s,,2.83,8.4,,7400.0,269.79275,-27.8350833
HD 27969 b,HD 27969,hd 27969,Radial Velocity,radial velocity,2021,2021,false,2020s,654.5,12.9,1525.5763536,261.0,67.9328,66.7068364,42.90872
K2-342 b,K2-342,k2-342,Transit,transit,2021,2021,false,2020s,11.561052,2.03,4.78,861.0,208.357,133.1218996,21.2386816
HD 115954 b,HD 115954,hd 115954,Radial Velocity,radial velocity,2021,2021,false,2020s,3700.0,12.6,2685.65003915,144.9,87.6437,199.9853694,38.3691383
HD 211403 b,HD 211403,hd 211403,Radial Velocity,radial velocity,2021,2021,false,2020s,223.8,12.8,1760.76937478,380.0,83.0919,333.8158177,58.2755601
HD 109286 b,HD 109286,hd 109286,Radial Velocity,radial velocity,2021,2021,false,2020s,520.1,13.2,950.30693693,259.4,55.4156,188.3958418,7.2809064
CD Cet b,CD Cet,cd cet,Radial Velocity,radial velocity,2020,2020,false,2020s,2.2907,1.82,3.95,464.0,8.60715,48.3530155,4.7751881
GJ 9689 b,GJ 9689,gj 9689,Radial Velocity,radial velocity,2020,2020,false,2020s,18.27,3.07,9.65,453.04,30.6203,303.467731,13.3888921
G 264-012 b,G 264-012,g 264-012,Radial Velocity,radial velocity,2021,2021,false,2020s,2.30538,1.39,2.5,587.0,16.009,326.6719598,66.803848
K2-352 d,K2-352,k2-352,Transit,transit,2021,2021,false,2020s,14.871387,2.23,5.6,727.0,176.051,140.4451478,18.469628
K2-268 f,K2-268,k2-268,Transit,transit,2021,2021,false,2020s,26.27057,2.23,5.6,492.0,327.783,133.7094899,11.8482712
CFHTWIR-Oph 98 b,CFHTWIR-Oph 98 A,cfhtwir-oph 98 a,Imaging,imaging,2021,2021,false,2020s,8040000.0,20.8487041,2479.0615746,1800.0,,246.934277,-23.98115
Kepler-129 d,Kepler-129,kepler-129,Radial Velocity,radial velocity,2021,2021,false,2020s,2646.0,12.6,2637.9757781,,408.845,285.3111845,47.8484775
NGTS-15 b,NGTS-15,ngts-15,Transit,transit,2021,2021,false,2020s,3.27623,12.32987877,238.68913366,1146.0,786.485,73.3553101,-32.8003484
EPIC 212624936 c,EPIC 212624936,epic 212624936,Transit,transit,2021,2021,false,2020s,11.811437,2.3,5.9,,561.929,210.6376171,-10.0236852
K2-354 b,K2-354,k2-354,Transit,transit,2021,2021,false,2020s,3.793306,1.56,3.05,543.0,91.722,129.1299193,10.1472175
K2-332 b,K2-332,k2-332,Transit,transit,2021,2021,false,2020s,17.70632,2.2,5.48,266.0,123.202,135.8832666,14.2504994
BD+63 1405 b,BD+63 1405,bd+63 1405,Radial Velocity,radial velocity,2021,2021,false,2020s,1198.48,12.4,3305.4154328,,38.0473,271.3979337,63.6700064
HD 155193 b,HD 155193,hd 155193,Radial Velocity,radial velocity,2021,2021,false,2020s,352.65,14.0,238.37130525,,57.7995,257.4208876,10.0381003
Kepler-1788 b,Kepler-1788,kepler-1788,Transit,transit,2021,2021,false,2020s,2.800120115,2.37850461,6.25,956.0,560.445,291.2243829,45.7780993
Kepler-1861 b,Kepler-1861,kepler-1861,Transit,transit,2021,2021,false,2020s,40.0306015,2.20677414,5.5,617.0,829.985,295.8465148,49.9361586
Kepler-1712 b,Kepler-1712,kepler-1712,Transit,transit,2021,2021,false,2020s,13.81499958,2.28372556,5.83,391.0,156.264,284.998698,50.1466922
Kepler-1789 b,Kepler-1789,kepler-1789,Transit,transit,2021,2021,false,2020s,80.23190308,2.83137505,8.4,380.0,611.461,282.8631419,41.7966332
Kepler-1790 b,Kepler-1790,kepler-1790,Transit,transit,2021,2021,false,2020s,31.58889961,3.1446145,10.0,682.0,1070.17,294.5668577,46.0757312
Kepler-1862 b,Kepler-1862,kepler-1862,Transit,transit,2021,2021,false,2020s,16.05730057,2.203,5.49,645.0,1232.19,296.7533555,49.3780726
Kepler-1865 b,Kepler-1865,kepler-1865,Transit,transit,2021,2021,false,2020s,2.524009943,1.57686072,3.11,1203.0,922.255,293.941238,41.5904136
Kepler-1767 b,Kepler-1767,kepler-1767,Transit,transit,2021,2021,false,2020s,59.65829849,3.01299077,9.34,393.0,820.506,293.6441248,46.9896696
Kepler-1765 b,Kepler-1765,kepler-1765,Transit,transit,2021,2021,false,2020s,10.41889954,2.49508857,6.78,855.0,764.456,298.0144601,42.9574314
Kepler-1766 b,Kepler-1766,kepler-1766,Transit,transit,2021,2021,false,2020s,105.0149994,2.27904508,5.81,406.0,501.229,294.2772343,46.6752351
Kepler-1792 b,Kepler-1792,kepler-1792,Transit,transit,2021,2021,false,2020s,4.1957798,2.51990972,6.89,1047.0,601.029,294.8400788,39.0859757
Kepler-1090 c,Kepler-1090,kepler-1090,Transit,transit,2021,2021,false,2020s,42.42720032,3.29265785,10.9,496.0,858.77,295.6629002,44.5258237
Kepler-1311 d,Kepler-1311,kepler-1311,Transit,transit,2021,2021,false,2020s,197.5110016,9.65837605,67.5,391.0,866.331,289.6512597,43.8244445
Kepler-1761 b,Kepler-1761,kepler-1761,Transit,transit,2021,2021,false,2020s,4.043540001,1.39109603,2.51,613.0,221.186,284.1329728,49.1426325
Kepler-1777 b,Kepler-1777,kepler-1777,Transit,transit,2021,2021,false,2020s,12.18420029,2.13189678,5.19,819.0,619.146,290.3286455,37.7231188
Kepler-1794 b,Kepler-1794,kepler-1794,Transit,transit,2021,2021,false,2020s,9.762980461,1.79426276,3.87,703.0,561.229,300.6196594,45.7888068
Kepler-1868 b,Kepler-1868,kepler-1868,Transit,transit,2021,2021,false,2020s,211.0339966,3.14950109,10.1,215.0,274.18,293.2983733,43.5558025
Kepler-1872 b,Kepler-1872,kepler-1872,Transit,transit,2021,2021,false,2020s,3.825910091,2.38421141,6.28,1005.0,840.182,281.0491988,43.3225996
HD 22496 b,HD 22496,hd 22496,Radial Velocity,radial velocity,2021,2021,false,2020s,5.09071,2.22,5.57,573.0,13.5956,53.7565398,-48.4178173
Kepler-1775 b,Kepler-1775,kepler-1775,Transit,transit,2021,2021,false,2020s,85.65399933,3.64762153,12.9,522.0,657.023,286.4023452,38.7385674
Kepler-1772 b,Kepler-1772,kepler-1772,Transit,transit,2021,2021,false,2020s,3.215090036,2.68609988,7.68,1155.0,871.564,289.4381201,39.2703594
Kepler-1796 b,Kepler-1796,kepler-1796,Transit,transit,2021,2021,false,2020s,29.4557991,2.75047868,8.0,598.0,825.883,301.5430397,44.6056251
Kepler-1797 b,Kepler-1797,kepler-1797,Transit,transit,2021,2021,false,2020s,23.3593998,3.05774442,9.58,684.0,1338.49,292.4642406,45.9682799
Kepler-1714 b,Kepler-1714,kepler-1714,Transit,transit,2021,2021,false,2020s,10.27530003,3.26437302,10.7,1211.0,409.46,293.7164655,46.2266878
Kepler-1874 b,Kepler-1874,kepler-1874,Transit,transit,2021,2021,false,2020s,56.57320023,2.21110724,5.52,356.0,408.007,286.3718158,43.692081
OGLE-2018-BLG-0962L b,OGLE-2018-BLG-0962L,ogle-2018-blg-0962l,Microlensing,microlensing,2021,2021,false,2020s,,13.6,425.89006538,,6500.0,268.1747917,-32.30925
Kepler-1774 b,Kepler-1774,kepler-1774,Transit,transit,2021,2021,false,2020s,59.77080154,3.18179549,10.2,522.0,816.592,288.5743991,40.9886069
Kepler-799 c,Kepler-799,kepler-799,Transit,transit,2021,2021,false,2020s,15.19419956,2.78068551,8.15,893.0,1509.084,287.1748966,44.8784754
Kepler-1822 b,Kepler-1822,kepler-1822,Transit,transit,2021,2021,false,2020s,22.13339996,2.64755943,7.5,507.0,897.597,297.2855,41.3055733
Kepler-1875 b,Kepler-1875,kepler-1875,Transit,transit,2021,2021,false,2020s,34.45859909,3.22686692,10.5,559.0,1660.45,296.7727406,50.1883667
HD 137496 b,HD 137496,hd 137496,Transit,transit,2021,2021,false,2020s,1.62116,1.31,4.04,2130.0,155.317,231.7420543,-16.5090014
Kepler-1824 b,Kepler-1824,kepler-1824,Transit,transit,2021,2021,false,2020s,95.61100006,2.38127597,6.26,421.0,1040.1,296.7071957,41.2036197
Kepler-1825 b,Kepler-1825,kepler-1825,Transit,transit,2021,2021,false,2020s,1.025869966,1.42200732,2.61,1520.0,430.254,292.5140647,42.6517554
Kepler-1826 b,Kepler-1826,kepler-1826,Transit,transit,2021,2021,false,2020s,1.615360022,1.47519116,2.78,806.0,336.952,292.7700072,48.8998469
Kepler-1130 c,Kepler-1130,kepler-1130,Transit,transit,2021,2021,false,2020s,3.266639948,0.79239584,0.422,1072.0,249.343,285.207421,45.384333
KMT-2016-BLG-2605L b,KMT-2016-BLG-2605L,kmt-2016-blg-2605l,Microlensing,microlensing,2021,2021,false,2020s,,14.0,245.0457018,,6421.0,269.8230833,-26.982
HD 137496 c,HD 137496,hd 137496,Radial Velocity,radial velocity,2021,2021,false,2020s,479.9,12.6,2434.56559762,370.0,155.317,231.7420543,-16.5090014
Kepler-1782 b,Kepler-1782,kepler-1782,Transit,transit,2021,2021,false,2020s,5.756229877,2.22927435,5.6,773.0,305.792,280.926162,44.0878036
Kepler-1768 b,Kepler-1768,kepler-1768,Transit,transit,2021,2021,false,2020s,15.13589954,2.23346338,5.62,933.0,632.766,299.9572335,44.7718851
Kepler-1830 b,Kepler-1830,kepler-1830,Transit,transit,2021,2021,false,2020s,56.49330139,3.32992941,11.1,681.0,1056.88,295.1390408,40.9790527
Kepler-1881 b,Kepler-1881,kepler-1881,Transit,transit,2021,2021,false,2020s,159.3939972,2.98104391,9.17,289.0,1057.21,293.6393065,44.9825447
Kepler-1882 b,Kepler-1882,kepler-1882,Transit,transit,2021,2021,false,2020s,13.78730011,1.48674404,2.81,894.0,443.371,290.6640856,43.4997866
Kepler-1733 b,Kepler-1733,kepler-1733,Transit,transit,2021,2021,false,2020s,9.229579926,3.63582354,12.8,1021.0,2080.51,291.1384628,37.8592447
Kepler-1779 b,Kepler-1779,kepler-1779,Transit,transit,2021,2021,false,2020s,16.34359932,3.03295685,9.44,730.0,908.501,300.4174607,45.6054854
Kepler-1776 b,Kepler-1776,kepler-1776,Transit,transit,2021,2021,false,2020s,35.01190186,2.61157023,7.33,603.0,690.336,291.5344017,47.0424958
Kepler-1832 b,Kepler-1832,kepler-1832,Transit,transit,2021,2021,false,2020s,3.138789892,1.22719556,2.02,1022.0,486.174,299.8517779,43.7320611
Kepler-1883 b,Kepler-1883,kepler-1883,Transit,transit,2021,2021,false,2020s,103.427002,3.25107395,10.6,416.0,1377.61,291.922557,42.002522
Kepler-1884 b,Kepler-1884,kepler-1884,Transit,transit,2021,2021,false,2020s,8.988320351,1.81406781,3.95,864.0,1443.09,296.7463986,43.0454207
Kepler-1737 b,Kepler-1737,kepler-1737,Transit,transit,2021,2021,false,2020s,64.61750031,5.395,25.1,383.0,,297.0148111,47.486417
Kepler-1739 b,Kepler-1739,kepler-1739,Transit,transit,2021,2021,false,2020s,7.343709946,2.43056832,6.48,839.0,783.666,296.2320536,47.6788626
Kepler-1771 b,Kepler-1771,kepler-1771,Transit,transit,2021,2021,false,2020s,88.64399719,4.05537256,15.5,391.0,565.752,292.0134714,49.0191267
Kepler-1799 b,Kepler-1799,kepler-1799,Transit,transit,2021,2021,false,2020s,11.9296999,4.12801189,15.9,770.0,2254.69,288.3086994,51.4783348
Kepler-1838 b,Kepler-1838,kepler-1838,Transit,transit,2021,2021,false,2020s,12.14680004,1.66049425,3.4,1097.0,451.242,298.9917165,40.14226
Kepler-418 c,Kepler-418,kepler-418,Transit,transit,2021,2021,false,2020s,12.21829987,5.22108654,23.7,835.0,1002.53,294.4335228,38.3554729
Kepler-1750 b,Kepler-1750,kepler-1750,Transit,transit,2021,2021,false,2020s,205.9120026,6.00434637,30.1,298.0,1497.33,292.3514917,48.5110714
Kepler-1801 b,Kepler-1801,kepler-1801,Transit,transit,2021,2021,false,2020s,10.44089985,2.70926154,7.8,829.0,839.332,295.1640095,39.2014024
Kepler-1804 b,Kepler-1804,kepler-1804,Transit,transit,2021,2021,false,2020s,12.28849983,1.59615726,3.18,913.0,434.456,301.3428675,44.672175
Kepler-1840 b,Kepler-1840,kepler-1840,Transit,transit,2021,2021,false,2020s,131.1900024,2.77771129,8.13,284.0,513.107,298.5948803,41.4359643
Kepler-1715 b,Kepler-1715,kepler-1715,Transit,transit,2021,2021,false,2020s,35.59730148,4.14042267,16.0,646.0,522.605,293.9297337,41.6029048
HD 25723 b,HD 25723,hd 25723,Radial Velocity,radial velocity,2020,2020,false,2020s,457.01,13.3,794.5710175,,114.816,61.0947182,-12.7922241
17 Sco b,17 Sco,17 sco,Radial Velocity,radial velocity,2020,2020,false,2020s,578.38,12.9,1373.01871824,,124.953,243.4620874,-11.8377905
Kepler-1748 b,Kepler-1748,kepler-1748,Transit,transit,2021,2021,false,2020s,5.823520184,2.71275017,7.81,955.0,1083.28,285.967897,45.7390789
Kepler-1747 b,Kepler-1747,kepler-1747,Transit,transit,2021,2021,false,2020s,6.230319977,4.26508,16.8,875.0,1321.38,284.2096557,45.258082
Kepler-1805 b,Kepler-1805,kepler-1805,Transit,transit,2021,2021,false,2020s,8.847940445,1.54502915,3.0,479.0,221.639,285.0865387,40.8990506
Kepler-1742 b,Kepler-1742,kepler-1742,Transit,transit,2021,2021,false,2020s,49.47819901,2.1782413,5.38,462.0,669.573,286.9668086,44.9924315
Kepler-1741 b,Kepler-1741,kepler-1741,Transit,transit,2021,2021,false,2020s,2.757590055,1.273,2.16,615.0,270.739,292.577073,39.120939
Kepler-1809 b,Kepler-1809,kepler-1809,Transit,transit,2021,2021,false,2020s,3.7572999,1.513,2.9,877.0,409.602,290.2651662,40.5484937
Kepler-1810 b,Kepler-1810,kepler-1810,Transit,transit,2021,2021,false,2020s,101.1330032,3.91815325,14.6,380.0,1009.87,291.8129995,38.0880964
Kepler-1846 b,Kepler-1846,kepler-1846,Transit,transit,2021,2021,false,2020s,14.82009983,1.76378826,3.76,552.0,374.615,294.3909489,44.7629523
Kepler-1847 b,Kepler-1847,kepler-1847,Transit,transit,2021,2021,false,2020s,11.12969971,2.74516914,7.97,843.0,1693.86,296.6014013,44.3252289
Kepler-1745 b,Kepler-1745,kepler-1745,Transit,transit,2021,2021,false,2020s,3.016190052,1.92872921,4.38,1449.0,996.105,293.4689924,42.8223582
Kepler-1813 b,Kepler-1813,kepler-1813,Transit,transit,2021,2021,false,2020s,2.818160057,1.413,2.58,1059.0,,292.2399069,48.5115214
Kepler-1814 b,Kepler-1814,kepler-1814,Transit,transit,2021,2021,false,2020s,2.935359955,2.36961357,6.21,1022.0,726.346,285.2166767,41.2824449
Kepler-1848 b,Kepler-1848,kepler-1848,Transit,transit,2021,2021,false,2020s,5.604020119,1.4088539,2.57,774.0,309.696,299.3814921,45.5920846
K2-355 b,K2-355,k2-355,Transit,transit,2021,2021,false,2020s,5.7385647,2.25,5.69,1066.0,500.497,124.6426189,13.5027816
Kepler-1754 b,Kepler-1754,kepler-1754,Transit,transit,2021,2021,false,2020s,8.195949554,2.43996509,6.53,672.0,718.945,295.4570818,50.0771838
Kepler-1753 b,Kepler-1753,kepler-1753,Transit,transit,2021,2021,false,2020s,16.00460052,2.22678077,5.59,583.0,707.688,288.236664,46.6058744
Kepler-1815 b,Kepler-1815,kepler-1815,Transit,transit,2021,2021,false,2020s,12.19139957,2.7489262,7.99,763.0,1006.63,300.170472,43.9849048
Kepler-1787 b,Kepler-1787,kepler-1787,Transit,transit,2021,2021,false,2020s,39.31370163,2.31898181,5.99,540.0,778.602,289.0643042,47.1174041
Kepler-1853 b,Kepler-1853,kepler-1853,Transit,transit,2021,2021,false,2020s,48.88819885,1.51862272,2.92,386.0,562.348,284.7478834,46.3735415
Kepler-1854 b,Kepler-1854,kepler-1854,Transit,transit,2021,2021,false,2020s,39.83110046,2.58746104,7.21,420.0,423.348,286.28593,37.3869915
K2-357 b,K2-357,k2-357,Transit,transit,2021,2021,false,2020s,16.3488637,3.72,13.4,735.0,517.687,131.9386628,16.3289144
K2-356 b,K2-356,k2-356,Transit,transit,2021,2021,false,2020s,21.0267366,2.29,5.86,624.0,355.54,128.3219134,13.6613758
Kepler-1755 b,Kepler-1755,kepler-1755,Transit,transit,2021,2021,false,2020s,24.81209946,5.91688317,29.4,631.0,982.383,296.846092,40.1385777
Kepler-1757 b,Kepler-1757,kepler-1757,Transit,transit,2021,2021,false,2020s,19.65640068,2.94660251,8.99,549.0,807.308,297.7397823,46.9418957
Kepler-1817 b,Kepler-1817,kepler-1817,Transit,transit,2021,2021,false,2020s,44.29919815,2.27349126,5.79,463.0,748.569,282.0333419,44.4779955
Kepler-1818 b,Kepler-1818,kepler-1818,Transit,transit,2021,2021,false,2020s,4.644909859,1.71360684,3.58,1209.0,1034.59,284.3284866,40.5688741
Kepler-1857 b,Kepler-1857,kepler-1857,Transit,transit,2021,2021,false,2020s,8.94340992,1.96065412,4.5,946.0,853.275,296.4557129,39.598537
K2-358 b,K2-358,k2-358,Transit,transit,2021,2021,false,2020s,11.2510285,2.68,7.65,888.0,480.307,133.8081054,18.9497263
Kepler-1963 b,Kepler-1963,kepler-1963,Transit,transit,2021,2021,false,2020s,1.962260008,0.74437023,0.337,1448.0,492.847,296.5875182,47.207129
Kepler-1911 b,Kepler-1911,kepler-1911,Transit,transit,2021,2021,false,2020s,5.990799904,1.011,1.01,987.0,269.912,299.303559,41.4410233
Kepler-1893 b,Kepler-1893,kepler-1893,Transit,transit,2021,2021,false,2020s,4.179369926,1.70557445,3.55,1194.0,1050.72,298.4012866,44.8381709
Kepler-1964 b,Kepler-1964,kepler-1964,Transit,transit,2021,2021,false,2020s,2.440829992,1.7810587,3.83,986.0,,297.0588033,49.4784362
KOI-4777.01,KOI-4777,koi-4777,Transit,transit,2022,2022,false,2020s,0.412,0.51,99.2,1180.0,172.245,287.2621474,42.0322257
HD 360 b,HD 360,hd 360,Radial Velocity,radial velocity,2021,2021,false,2020s,273.1,14.0,238.37130525,,111.542,2.072903,-8.8242618
Kepler-1897 b,Kepler-1897,kepler-1897,Transit,transit,2021,2021,false,2020s,24.22030067,2.81407954,8.32,505.0,983.174,294.2901043,39.126871
Kepler-1898 b,Kepler-1898,kepler-1898,Transit,transit,2021,2021,false,2020s,4.765620232,0.93353523,0.76,1167.0,360.921,287.2058009,38.4981903
Kepler-1967 b,Kepler-1967,kepler-1967,Transit,transit,2021,2021,false,2020s,7.281690121,0.73022577,0.315,1086.0,249.102,299.1376276,43.4984724
HD 79181 b,HD 79181,hd 79181,Radial Velocity,radial velocity,2021,2021,false,2020s,273.1,14.1,203.41018048,,103.335,137.9944736,-19.7474341
HD 10975 b,HD 10975,hd 10975,Radial Velocity,radial velocity,2021,2021,false,2020s,283.8,14.3,143.02278315,,116.506,27.1628025,37.9527542
HD 99283 b,HD 99283,hd 99283,Radial Velocity,radial velocity,2021,2021,false,2020s,310.4,13.8,308.29355479,,111.093,171.4874082,55.8506653
Kepler-1913 b,Kepler-1913,kepler-1913,Transit,transit,2021,2021,false,2020s,14.1960001,1.51852059,2.92,818.0,876.3,290.216689,44.7795863
ups Leo b,ups Leo,ups leo,Radial Velocity,radial velocity,2021,2021,false,2020s,385.2,14.2,162.09248757,,52.5973,174.2372188,-0.8235643
Kepler-1906 b,Kepler-1906,kepler-1906,Transit,transit,2021,2021,false,2020s,7.362689972,2.77615754,8.13,901.0,1360.63,293.8266166,38.8565906
Kepler-1907 b,Kepler-1907,kepler-1907,Transit,transit,2021,2021,false,2020s,5.652450085,0.86973029,0.589,856.0,292.111,280.7085829,47.3279236
Kepler-1916 b,Kepler-1916,kepler-1916,Transit,transit,2021,2021,false,2020s,31.25429916,2.61757235,7.35,635.0,2055.82,293.0705754,48.387679
gam Psc b,gam Psc,gam psc,Radial Velocity,radial velocity,2021,2021,false,2020s,555.1,13.6,425.89006538,,41.3107,349.2946794,3.2823664
HIP 34222 b,HIP 34222,hip 34222,Radial Velocity,radial velocity,2021,2021,false,2020s,159.986,13.9,263.79757781,,22.8386,106.4257786,27.4704132
Kepler-1910 b,Kepler-1910,kepler-1910,Transit,transit,2021,2021,false,2020s,5.688769817,1.184,1.78,645.0,,296.6171677,41.2811677
Kepler-1717 b,Kepler-1717,kepler-1717,Transit,transit,2021,2021,false,2020s,30.65279961,2.98929758,9.21,780.0,1008.79,295.2126472,49.56216
Kepler-1919 b,Kepler-1919,kepler-1919,Transit,transit,2021,2021,false,2020s,37.88660049,2.62390658,7.38,479.0,1177.53,283.1319153,43.956005
Kepler-1918 b,Kepler-1918,kepler-1918,Transit,transit,2021,2021,false,2020s,47.0564003,2.29763023,5.89,497.0,1030.11,292.530546,42.2145765
Kepler-1920 b,Kepler-1920,kepler-1920,Transit,transit,2021,2021,false,2020s,30.2541008,2.95415848,9.03,660.0,885.913,291.0620355,38.8632881
HIP 86221 b,HIP 86221,hip 86221,Radial Velocity,radial velocity,2021,2021,false,2020s,2.224,14.0,225.65816897,,29.4898,264.294875,27.896391
K2-387 b,K2-387,k2-387,Transit,transit,2022,2022,false,2020s,28.735327,7.322,42.2,,266.318,19.4418282,11.3684915
KMT-2021-BLG-0912L b,KMT-2021-BLG-0912L,kmt-2021-blg-0912l,Microlensing,microlensing,2022,2022,false,2020s,,1.49,2.81,,5560.0,269.8211667,-31.9976389
Kepler-589 c,Kepler-589,kepler-589,Transit,transit,2021,2021,false,2020s,3.52466011,1.11727238,1.45,1098.0,612.803,280.6414331,47.7520581
Kepler-1922 b,Kepler-1922,kepler-1922,Transit,transit,2021,2021,false,2020s,13.22259998,2.29064904,5.86,740.0,1344.29,292.3303706,37.9970696
K2-373 b,K2-373,k2-373,Transit,transit,2022,2022,false,2020s,11.02066,2.061,4.9,,229.567,123.1361518,13.6884986
Kepler-1936 b,Kepler-1936,kepler-1936,Transit,transit,2021,2021,false,2020s,126.5569992,3.16615594,10.2,524.0,871.096,290.7300141,44.836128
Kepler-1937 b,Kepler-1937,kepler-1937,Transit,transit,2021,2021,false,2020s,9.688599586,3.0229133,9.39,1014.0,905.069,290.6583922,40.7785383
Kepler-1927 b,Kepler-1927,kepler-1927,Transit,transit,2021,2021,false,2020s,73.75039673,3.40627075,11.5,677.0,1091.0,296.3546093,41.3355698
K2-382 b,K2-382,k2-382,Transit,transit,2022,2022,false,2020s,21.700156,2.072,4.95,,278.412,287.4125267,-19.6269336
Kepler-1938 b,Kepler-1938,kepler-1938,Transit,transit,2021,2021,false,2020s,13.06260014,1.82828927,4.0,527.0,421.152,299.351892,41.1957285
Kepler-1939 b,Kepler-1939,kepler-1939,Transit,transit,2021,2021,false,2020s,2.790659904,1.16480773,1.68,816.0,189.833,285.6899312,40.9946659
Kepler-1940 b,Kepler-1940,kepler-1940,Transit,transit,2021,2021,false,2020s,4.950610161,1.54732469,3.01,885.0,798.595,291.2042027,45.2383344
Kepler-1722 b,Kepler-1722,kepler-1722,Transit,transit,2021,2021,false,2020s,9.178569794,2.86719266,8.58,753.0,772.283,296.6627402,41.2611985
K2-381 b,K2-381,k2-381,Transit,transit,2022,2022,false,2020s,7.9389334,1.075,1.26,,145.701,288.0267612,-21.0075789
Kepler-1942 b,Kepler-1942,kepler-1942,Transit,transit,2021,2021,false,2020s,4.626049995,2.1170287,5.13,1012.0,842.492,294.9805416,44.4252384
Kepler-1944 b,Kepler-1944,kepler-1944,Transit,transit,2021,2021,false,2020s,9.842579842,2.75971163,8.05,801.0,1076.48,296.5105045,39.1732645
Kepler-1930 b,Kepler-1930,kepler-1930,Transit,transit,2021,2021,false,2020s,13.02680016,1.52955541,2.95,643.0,275.694,297.577145,40.0276768
Kepler-1266 c,Kepler-1266,kepler-1266,Transit,transit,2021,2021,false,2020s,4.86631012,1.68023962,3.46,881.0,849.312,285.8693277,42.7279996
Kepler-1945 b,Kepler-1945,kepler-1945,Transit,transit,2021,2021,false,2020s,6.080039978,1.289,2.21,808.0,,281.8980828,42.2858185
Kepler-529 d,Kepler-529,kepler-529,Transit,transit,2021,2021,false,2020s,35.86619949,2.79502603,8.22,633.0,799.008,285.8884067,47.880364
Kepler-913 c,Kepler-913,kepler-913,Transit,transit,2021,2021,false,2020s,5.939119816,3.8580709,14.2,1357.0,991.618,297.5830564,41.9523531
Kepler-1719 b,Kepler-1719,kepler-1719,Transit,transit,2021,2021,false,2020s,6.149559975,3.95000623,14.8,1287.0,905.406,284.7068546,38.9367566
Kepler-1926 b,Kepler-1926,kepler-1926,Transit,transit,2021,2021,false,2020s,42.87770081,2.31495961,5.97,451.0,667.405,291.1987905,44.1662033
Kepler-1718 b,Kepler-1718,kepler-1718,Transit,transit,2021,2021,false,2020s,135.1880035,2.5685207,7.12,345.0,375.522,292.2349191,42.9094618
Kepler-1972 c,Kepler-1972,kepler-1972,Transit,transit,2022,2022,false,2020s,11.3295,0.868,2.11,1215.0,287.339,288.3953074,39.8725067
Kepler-501 c,Kepler-501,kepler-501,Transit,transit,2021,2021,false,2020s,3.622760057,1.68119739,3.47,1304.0,1125.24,297.2014919,41.7301534
Kepler-1312 c,Kepler-1312,kepler-1312,Transit,transit,2021,2021,false,2020s,1.116119981,1.02732734,1.07,1659.0,299.104,292.9712801,41.0357494
Kepler-1950 b,Kepler-1950,kepler-1950,Transit,transit,2021,2021,false,2020s,10.77690029,1.52696349,2.95,752.0,697.253,287.0874563,42.6686537
Kepler-1951 b,Kepler-1951,kepler-1951,Transit,transit,2021,2021,false,2020s,20.65780067,2.32107188,6.0,728.0,1277.32,290.4999139,40.2877161
Kepler-607 c,Kepler-607,kepler-607,Transit,transit,2021,2021,false,2020s,39.67679977,2.76001201,8.05,473.0,519.122,291.0571451,44.632306
Kepler-1721 b,Kepler-1721,kepler-1721,Transit,transit,2021,2021,false,2020s,4.592380047,3.11856756,9.9,924.0,641.374,283.5441984,45.2256548
Kepler-1869 b,Kepler-1869,kepler-1869,Transit,transit,2021,2021,false,2020s,8.167360306,1.11955354,1.46,865.0,113.025,292.6149958,42.7643438
Kepler-1315 c,Kepler-1315,kepler-1315,Transit,transit,2021,2021,false,2020s,6.566060066,1.84398883,4.06,777.0,480.869,295.8215678,46.0530562
Kepler-1728 b,Kepler-1728,kepler-1728,Transit,transit,2021,2021,false,2020s,4.782999992,2.95501875,9.04,886.0,651.783,287.0940046,39.0607801
Kepler-1705 c,Kepler-1705,kepler-1705,Transit,transit,2021,2021,false,2020s,11.28,2.05,5.42,,1633.49,301.5785316,44.3121639
Kepler-1322 c,Kepler-1322,kepler-1322,Transit,transit,2021,2021,false,2020s,6.459980011,2.15492527,5.29,883.0,1350.32,293.2045009,45.4353919
Kepler-1693 c,Kepler-1693,kepler-1693,Transit,transit,2021,2021,false,2020s,5.363709927,0.97698289,0.894,1059.0,760.065,290.2015581,48.1857799
Kepler-1956 b,Kepler-1956,kepler-1956,Transit,transit,2021,2021,false,2020s,5.943719864,1.08940238,1.32,674.0,360.468,294.6208506,49.894219
Kepler-1957 b,Kepler-1957,kepler-1957,Transit,transit,2021,2021,false,2020s,2.186619997,0.94374867,0.79,1099.0,460.899,293.711436,47.8874467
Kepler-1711 b,Kepler-1711,kepler-1711,Transit,transit,2021,2021,false,2020s,21.06080055,1.923,4.36,669.0,590.268,298.1772916,42.2370289
Kepler-1888 b,Kepler-1888,kepler-1888,Transit,transit,2021,2021,false,2020s,11.39169979,1.32578716,2.32,886.0,402.947,289.3945523,41.7822597
Kepler-1959 b,Kepler-1959,kepler-1959,Transit,transit,2021,2021,false,2020s,6.38669014,1.14315727,1.57,811.0,479.263,296.022301,44.7326691
OGLE-2018-BLG-0532L b,OGLE-2018-BLG-0532L,ogle-2018-blg-0532l,Microlensing,microlensing,2020,2020,false,2020s,,2.37,6.228,,773.0,269.9834167,-28.99775
b Cen AB b,b Cen A,b cen a,Imaging,imaging,2021,2021,false,2020s,1790000.0,12.4,3464.3296363,,98.0935,220.4897992,-37.7936323
Kepler-1890 b,Kepler-1890,kepler-1890,Transit,transit,2021,2021,false,2020s,4.820590019,0.86867375,0.587,1328.0,529.596,292.5778203,40.6679032
Kepler-1892 b,Kepler-1892,kepler-1892,Transit,transit,2021,2021,false,2020s,6.331230164,1.83707938,4.03,822.0,851.595,299.081007,42.0180957
K2-317 b,K2-317,k2-317,Transit,transit,2020,2020,false,2020s,6.22,2.93,8.91,432.0,176.291,228.6188638,-21.0227209
K2-396 b,K2-396,k2-396,Transit,transit,2022,2022,false,2020s,0.673862,1.579,3.12,,274.864,74.6928607,17.2690562
K2-397 b,K2-397,k2-397,Transit,transit,2022,2022,false,2020s,3.572326,2.417,6.42,,199.354,79.9516586,21.2591617
K2-319 b,K2-319,k2-319,Transit,transit,2020,2020,false,2020s,26.68,2.79,8.2,641.0,209.071,166.8010058,3.0399357
HD 174205 b,HD 174205,hd 174205,Radial Velocity,radial velocity,2022,2022,false,2020s,582.0,13.0,1334.8793094,,234.027,280.7932014,70.7928237
K2-400 b,K2-400,k2-400,Transit,transit,2022,2022,false,2020s,3.865053,1.163,1.67,,62.3804,154.5110307,3.6969271
K2-322 b,K2-322,k2-322,Transit,transit,2020,2020,false,2020s,8.205,1.92,4.35,635.0,123.415,156.6226981,4.7640203
K2-402 b,K2-402,k2-402,Transit,transit,2022,2022,false,2020s,17.27474,2.678,7.65,,523.055,161.451913,6.419318
K2-324 b,K2-324,k2-324,Transit,transit,2020,2020,false,2020s,3.262,2.43,6.48,707.0,136.667,157.6222171,6.8636732
K2-404 b,K2-404,k2-404,Transit,transit,2022,2022,false,2020s,13.115365,2.53,6.94,,121.63,160.3249517,12.1911149
K2-326 b,K2-326,k2-326,Transit,transit,2020,2020,false,2020s,1.256,2.28,5.82,1114.0,282.308,351.612262,1.3375909
K2-407 b,K2-407,k2-407,Transit,transit,2022,2022,false,2020s,4.941907,1.283,2.19,,218.376,232.5552584,-23.0067371
K2-407 c,K2-407,k2-407,Transit,transit,2022,2022,false,2020s,9.22453,1.36,2.42,,218.376,232.5552584,-23.0067371
K2-408 b,K2-408,k2-408,Transit,transit,2022,2022,false,2020s,20.978959,1.677,3.45,,162.306,227.9168555,-17.6842698
Ross 508 b,Ross 508,ross 508,Radial Velocity,radial velocity,2022,2022,false,2020s,10.77,1.83,4.0,,11.2103,230.9613022,17.4605347
K2-374 c,K2-374,k2-374,Transit,transit,2022,2022,false,2020s,16.43445,2.213,5.53,,359.439,137.3794986,16.3558324
K2-374 b,K2-374,k2-374,Transit,transit,2022,2022,false,2020s,4.521953,1.593,3.16,,359.439,137.3794986,16.3558324
HD 83443 c,HD 83443,hd 83443,Radial Velocity,radial velocity,2022,2022,false,2020s,8241.0,13.6,476.7426105,,40.8991,144.2994103,-43.272721
KMT-2021-BLG-0171L b,KMT-2021-BLG-0171L,kmt-2021-blg-0171l,Microlensing,microlensing,2022,2022,false,2020s,,3.35,11.2,,4600.0,269.2416667,-30.0930556
K2-384 b,K2-384,k2-384,Transit,transit,2022,2022,false,2020s,2.231527,1.076,1.26,,82.6603,20.4998403,0.7509701
iot Dra c,iot Dra,iot dra,Radial Velocity,radial velocity,2022,2022,false,2020s,25000.0,12.2,4958.1231492,,31.32832,231.2323227,58.9661403
KMT-2021-BLG-1689L b,KMT-2021-BLG-1689L,kmt-2021-blg-1689l,Microlensing,microlensing,2022,2022,false,2020s,,7.71,46.0,,7200.0,269.5791667,-30.1452778
K2-365 b,K2-365,k2-365,Transit,transit,2022,2022,false,2020s,23.448172,2.906,8.78,,187.222,238.8197061,-21.0269691
K2-379 b,K2-379,k2-379,Transit,transit,2022,2022,false,2020s,8.777247,2.181,5.4,,182.207,283.0317641,-27.1807287
EPIC 206317286 c,EPIC 206317286,epic 206317286,Transit,transit,2022,2022,false,2020s,17.515472,2.094,5.03,,314.35,337.6178427,-7.972456
AB Aur b,AB Aur,ab aur,Imaging,imaging,2022,2022,false,2020s,,12.5,2860.455663,,162.127,73.9410446,30.5510888
K2-384 c,K2-384,k2-384,Transit,transit,2022,2022,false,2020s,4.194766,1.191,1.82,,82.6603,20.4998403,0.7509701
K2-372 b,K2-372,k2-372,Transit,transit,2022,2022,false,2020s,9.844077,2.945,8.98,,463.88,130.7988719,13.0094226
GJ 9066 c,GJ 9066,gj 9066,Radial Velocity,radial velocity,2020,2020,false,2020s,771.36,9.6,66.74396547,,4.471,30.0588307,13.0443172
K2-384 e,K2-384,k2-384,Transit,transit,2022,2022,false,2020s,9.715043,1.345,2.37,,82.6603,20.4998403,0.7509701
K2-378 b,K2-378,k2-378,Transit,transit,2022,2022,false,2020s,2.060438,2.88,8.65,,687.973,205.1596569,-11.1172332
Kepler-451 d,2MASS J19383260+4603591,2mass j19383260+4603591,Eclipse Timing Variations,eclipse timing variations,2022,2022,false,2020s,43.0,13.5,559.37799632,,396.332,294.6359173,46.0664076
K2-393 b,K2-393,k2-393,Transit,transit,2022,2022,false,2020s,10.413181,2.352,6.13,,265.914,348.5159113,-0.0821031
TOI-5799 c,TOI-5799,toi-5799,Transit,transit,2025,2025,false,2020s,14.010449,1.76,3.75,337.0,27.8123,301.630179,15.9891418
HD 103891 b,HD 103891,hd 103891,Radial Velocity,radial velocity,2022,2022,false,2020s,1919.0,13.2,918.52409623,,55.5213,179.4382907,-8.5486195
KOI-984 c,KOI-984,koi-984,Transit Timing Variations,transit timing variations,2022,2022,false,2020s,21.512,14.1,209.8,597.0,252.667,291.0489438,36.8400772
K2-389 c,K2-389,k2-389,Transit,transit,2022,2022,false,2020s,20.851337,2.04,4.82,,259.208,355.6304152,-9.7135814
K2-392 b,K2-392,k2-392,Transit,transit,2022,2022,false,2020s,15.398723,1.85,4.08,,406.985,354.6499065,-7.4788816
K2-395 b,K2-395,k2-395,Transit,transit,2022,2022,false,2020s,4.803352,2.597,7.26,,286.727,70.4438684,16.6743415
K2-395 c,K2-395,k2-395,Transit,transit,2022,2022,false,2020s,8.491282,3.395,11.4,,286.727,70.4438684,16.6743415
HD 142 A d,HD 142,hd 142,Radial Velocity,radial velocity,2022,2022,false,2020s,108.45299,10.9,82.63538582,,26.1853,1.5836771,-49.0753625
HD 144899 b,HD 144899,hd 144899,Radial Velocity,radial velocity,2022,2022,false,2020s,40.43914,4.77,20.34101805,,115.665,242.5721002,-47.9146826
GJ 2030 c,GJ 2030,gj 2030,Radial Velocity,radial velocity,2022,2022,false,2020s,25533.11353,12.3,4069.15709482,,37.0788,50.8237604,-7.7950429
HD 149806 b,HD 149806,hd 149806,Radial Velocity,radial velocity,2022,2022,false,2020s,16521.52778,12.3,4003.68444298,,20.2727,249.2855187,0.2546794
GJ 9714 b,GJ 9714,gj 9714,Radial Velocity,radial velocity,2022,2022,false,2020s,19240.75467,12.5,2988.54051102,,20.5121,315.4141767,-32.5250028
HD 153557 d,HD 153557,hd 153557,Radial Velocity,radial velocity,2022,2022,false,2020s,40654.64809,11.9,8725.66108578,,17.9412,254.4706516,47.3678558
HD 115404 A b,HD 115404 A,hd 115404 a,Radial Velocity,radial velocity,2022,2022,false,2020s,10.49488,6.09,30.82935548,,10.9816,199.2155793,17.0160384
HD 156098 b,HD 156098,hd 156098,Radial Velocity,radial velocity,2022,2022,false,2020s,21.85849,4.12,15.89142035,,48.249,259.264687,-32.6630768
HD 12235 c,HD 12235,hd 12235,Radial Velocity,radial velocity,2022,2022,false,2020s,36336.70679,12.5,3135.69506346,,31.7627,30.0391601,3.0959098
HD 203387 b,HD 203387,hd 203387,Radial Velocity,radial velocity,2022,2022,false,2020s,512.5352,13.1,1106.04285636,,61.7477,320.561782,-16.8345229
HD 156098 c,HD 156098,hd 156098,Radial Velocity,radial velocity,2022,2022,false,2020s,7841.5839,12.8,1661.6069118,,48.249,259.264687,-32.6630768
HIP 35965 b,HIP 35965,hip 35965,Radial Velocity,radial velocity,2022,2022,false,2020s,26125.56497,12.6,2589.98368864,,50.1677,111.2025182,-51.3257507
HD 203387 c,HD 203387,hd 203387,Radial Velocity,radial velocity,2022,2022,false,2020s,2481.07227,12.6,2378.9456264,,61.7477,320.561782,-16.8345229
HD 18143 c,HD 18143,hd 18143,Radial Velocity,radial velocity,2022,2022,false,2020s,28982.41764,12.5,3177.64841319,,22.5243,43.9140248,26.8723829
HD 81817 b,HD 81817,hd 81817,Radial Velocity,radial velocity,2020,2020,false,2020s,1021.20159,12.0,7668.5638041,,269.126,144.2715659,81.3263096
HD 190228 b,HD 190228,hd 190228,Radial Velocity,radial velocity,2022,2022,false,2020s,1143.59858,12.9,1598.67688721,,62.7146,300.7537294,28.3065564
HIP 90988 b,HIP 90988,hip 90988,Radial Velocity,radial velocity,2021,2021,false,2020s,455.73816,13.4,668.07531151,,94.0349,278.3892816,-50.211692
HD 145675 c,14 Her,14 her,Radial Velocity,radial velocity,2021,2021,false,2020s,15732.45889,12.9,1597.08774518,,17.9323,242.6021014,43.8163621
HD 204313 e,HD 204313,hd 204313,Radial Velocity,radial velocity,2022,2022,false,2020s,7325.64666,12.2,4868.17771002,,47.7945,322.0510568,-21.7274194
HD 217958 b,HD 217958,hd 217958,Radial Velocity,radial velocity,2022,2022,false,2020s,2560.19774,14.2,166.54208527,,61.7957,346.136577,-25.6917758
HD 213519 b,HD 213519,hd 213519,Radial Velocity,radial velocity,2022,2022,false,2020s,11.12214,2.99,9.2170238,,41.0014,337.7727845,45.1452472
HD 95544 b,HD 95544,hd 95544,Radial Velocity,radial velocity,2021,2021,false,2020s,2041.54152,12.8,1913.64483855,156.5,87.8049,166.3231784,81.0389868
HD 25912 c,HD 25912,hd 25912,Radial Velocity,radial velocity,2022,2022,false,2020s,26308.65619,12.2,5252.75008249,,49.1661,60.9074988,-51.9315058
HD 105618 c,HD 105618,hd 105618,Radial Velocity,radial velocity,2022,2022,false,2020s,77114.07158,11.9,8419.59232984,,70.0837,182.4021288,11.2115695
HD 28192 b,HD 28192,hd 28192,Radial Velocity,radial velocity,2022,2022,false,2020s,14.23283,12.2,99.7981198,,49.8063,66.7032517,-1.7244842
HD 43197 c,HD 43197,hd 43197,Radial Velocity,radial velocity,2022,2022,false,2020s,9295.9735,12.6,2500.67390628,,62.4112,93.3993231,-29.8971929
HD 110537 b,HD 110537,hd 110537,Radial Velocity,radial velocity,2022,2022,false,2020s,24469.67342,11.9,8612.83200129,,45.0858,190.7462412,-4.0501059
HD 56957 b,HD 56957,hd 56957,Radial Velocity,radial velocity,2022,2022,false,2020s,5859.08992,12.8,1880.90851263,,61.4925,109.3253986,-40.6560651
HD 111232 c,HD 111232,hd 111232,Radial Velocity,radial velocity,2022,2022,false,2020s,26472.44623,12.2,5740.93451564,,28.9571,192.2159553,-68.4246679
HD 62549 b,HD 62549,hd 62549,Radial Velocity,radial velocity,2022,2022,false,2020s,14306.88519,12.6,2707.58019923,,49.3305,116.0821439,-5.0541223
HD 11343 c,HIP 8541,hip 8541,Radial Velocity,radial velocity,2022,2022,false,2020s,228.53731,13.9,255.53403923,,155.121,27.5271962,-54.4651633
HD 73267 c,HD 73267,hd 73267,Radial Velocity,radial velocity,2022,2022,false,2020s,17071.78045,12.8,1630.77755632,,50.4093,129.0735123,-34.4594469
HD 125271 b,HD 125271,hd 125271,Radial Velocity,radial velocity,2022,2022,false,2020s,14901.99295,12.4,3465.60094993,,39.3466,216.6474037,-81.4542756
HD 127506 b,HD 127506,hd 127506,Radial Velocity,radial velocity,2022,2022,false,2020s,65.78395,5.67,27.333243,,22.5279,217.6848544,35.4546059
HD 81817 c,HD 81817,hd 81817,Radial Velocity,radial velocity,2022,2022,false,2020s,622.97802,12.0,7185.78245386,,269.126,144.2715659,81.3263096
HD 93351 b,HD 93351,hd 93351,Radial Velocity,radial velocity,2022,2022,false,2020s,2.45946,1.69,3.49611248,,56.163,161.6779279,-1.6885763
HD 88072 b,HD 88072,hd 88072,Radial Velocity,radial velocity,2022,2022,false,2020s,18538.79293,12.6,2511.79790052,,35.9098,152.3467466,2.371054
HD 93351 c,HD 93351,hd 93351,Radial Velocity,radial velocity,2022,2022,false,2020s,14010.2941,12.3,4154.01727949,,56.163,161.6779279,-1.6885763
KMT-2021-BLG-2294L b,KMT-2021-BLG-2294L,kmt-2021-blg-2294l,Microlensing,microlensing,2022,2022,false,2020s,,5.02,22.24798849,,6800.0,270.0624167,-28.6124389
KMT-2021-BLG-1077L b,KMT-2021-BLG-1077L,kmt-2021-blg-1077l,Microlensing,microlensing,2022,2022,false,2020s,,9.86,69.92224954,,8240.0,266.489125,-33.8428111
Wolf 1069 b,Wolf 1069,wolf 1069,Radial Velocity,radial velocity,2023,2023,false,2020s,15.564,1.08,1.26,250.1,9.58341,306.5242477,58.5753044
OGLE-2017-BLG-1691L b,OGLE-2017-BLG-1691L,ogle-2017-blg-1691l,Microlensing,microlensing,2022,2022,false,2020s,,3.92,14.62010672,,7290.0,263.5938333,-29.2848306
KMT-2021-BLG-0320L b,KMT-2021-BLG-0320L,kmt-2021-blg-0320l,Microlensing,microlensing,2022,2022,false,2020s,,6.2,31.7828407,,6950.0,269.388125,-30.5039389
MOA-2020-BLG-135L b,MOA-2020-BLG-135L,moa-2020-blg-135l,Microlensing,microlensing,2022,2022,false,2020s,,3.37,11.3,,7900.0,268.4235,-29.8075667
TOI-6223 b,TOI-6223,toi-6223,Transit,transit,2025,2025,false,2020s,3.855219,5.07,22.6,714.0,133.122,355.9505977,33.0672361
OGLE-2006-BLG-284L A b,OGLE-2006-BLG-284L A,ogle-2006-blg-284l a,Microlensing,microlensing,2020,2020,false,2020s,,14.3,144.0,,4000.0,269.65925,-29.1366667
KMT-2018-BLG-2602L b,KMT-2018-BLG-2602L,kmt-2018-blg-2602l,Microlensing,microlensing,2022,2022,false,2020s,,13.7,365.50266805,,4310.0,267.3970417,-21.9762
K2-413 c,K2-413,k2-413,Transit,transit,2022,2022,false,2020s,5.3301,1.2327,2.05,,285.162,353.4175668,-7.6120272
K2-414 c,K2-414,k2-414,Transit,transit,2022,2022,false,2020s,6.669,1.9287,4.38,,260.036,351.6361913,-4.6066569
OGLE-2018-BLG-1119L b,OGLE-2018-BLG-1119L,ogle-2018-blg-1119l,Microlensing,microlensing,2022,2022,false,2020s,,13.9,289.22385037,,5760.0,270.02925,-32.3752778
MOA-2019-BLG-008L b,MOA-2019-BLG-008L,moa-2019-blg-008l,Microlensing,microlensing,2022,2022,false,2020s,,12.2,5720.911326,,2700.0,267.982875,-29.9897306
HIP 21152 b,HIP 21152,hip 21152,Imaging,imaging,2022,2022,false,2020s,22000.0,12.0,7627.881768,1300.0,43.4073,68.0205209,5.4100745
KMT-2021-BLG-0909L b,KMT-2021-BLG-0909L,kmt-2021-blg-0909l,Microlensing,microlensing,2023,2023,false,2020s,,13.7,400.46379282,,6480.0,265.6202083,-27.6391389
KMT-2021-BLG-2478L b,KMT-2021-BLG-2478L,kmt-2021-blg-2478l,Microlensing,microlensing,2023,2023,false,2020s,,13.9,286.0455663,,2970.0,269.3092083,-29.1019694
KMT-2019-BLG-0414L b,KMT-2019-BLG-0414L,kmt-2019-blg-0414l,Microlensing,microlensing,2022,2022,false,2020s,,12.9,1452.47581999,,4410.0,268.8529167,-21.8955389
KMT-2017-BLG-1194L b,KMT-2017-BLG-1194L,kmt-2017-blg-1194l,Microlensing,microlensing,2023,2023,false,2020s,,1.7,3.54,,4240.0,274.322125,-25.3239389
TOI-1238 b,TOI-1238,toi-1238,Transit,transit,2022,2022,false,2020s,0.764597,1.21,3.76,1133.0,70.7145,201.3823387,68.8360678
GJ 1002 c,GJ 1002,gj 1002,Radial Velocity,radial velocity,2022,2022,false,2020s,21.202,1.1,1.36,181.7,4.84867,1.6764641,-7.5462123
KMT-2017-BLG-1003L b,KMT-2017-BLG-1003L,kmt-2017-blg-1003l,Microlensing,microlensing,2023,2023,false,2020s,,2.13,5.19,,7090.0,265.4115,-24.3739389
KMT-2019-BLG-1552L b,KMT-2019-BLG-1552L,kmt-2019-blg-1552l,Microlensing,microlensing,2022,2022,false,2020s,,13.0,1287.20504835,,4600.0,269.5957917,-27.5669389
L 363-38 b,L 363-38,l 363-38,Radial Velocity,radial velocity,2023,2023,false,2020s,8.781,2.0,4.67,330.0,10.2295,10.8555443,-41.2952926
KMT-2019-BLG-2974L b,KMT-2019-BLG-2974L,kmt-2019-blg-2974l,Microlensing,microlensing,2022,2022,false,2020s,,11.4,88.99195396,,6100.0,267.8520833,-29.4231611
TIC 279401253 b,TIC 279401253,tic 279401253,Transit,transit,2023,2023,false,2020s,76.8,11.2089807,1951.46641898,,285.584,57.6572277,-15.0262251
HD 167768 b,HD 167768,hd 167768,Radial Velocity,radial velocity,2022,2022,false,2020s,20.6532,13.9,270.15414595,,107.214,274.2213308,-3.0085807
KMT-2019-BLG-0253L b,KMT-2019-BLG-0253L,kmt-2019-blg-0253l,Microlensing,microlensing,2022,2022,false,2020s,,2.99,9.2,,4900.0,267.8825833,-29.5654722
OGLE-2018-BLG-0506L b,OGLE-2018-BLG-0506L,ogle-2018-blg-0506l,Microlensing,microlensing,2022,2022,false,2020s,,4.18,16.3,,5600.0,267.6298333,-31.9240556
TIC 279401253 c,TIC 279401253,tic 279401253,Transit,transit,2023,2023,false,2020s,155.3,12.6,2548.98382414,,285.584,57.6572277,-15.0262251
HD 184010 d,HD 184010,hd 184010,Radial Velocity,radial velocity,2022,2022,false,2020s,836.4,14.3,143.02278315,,60.7993,292.8401421,26.6172796
HD 184010 b,HD 184010,hd 184010,Radial Velocity,radial velocity,2022,2022,false,2020s,286.6,12.1,98.52680617,,60.7993,292.8401421,26.6172796
NGTS-23 b,NGTS-23,ngts-23,Transit,transit,2022,2022,false,2020s,4.0764326,14.20177855,194.82881349,1327.0,1074.95,70.4322947,-40.0445299
OGLE-2018-BLG-0977L b,OGLE-2018-BLG-0977L,ogle-2018-blg-0977l,Microlensing,microlensing,2022,2022,false,2020s,,2.41,6.4,,6500.0,268.506125,-30.6048056
KOI-7913 b,KOI-7913 A,koi-7913 a,Transit,transit,2022,2022,false,2020s,24.278553,2.34,6.08,432.0,271.277,286.7485252,45.1587234
KMT-2021-BLG-1391L b,KMT-2021-BLG-1391L,kmt-2021-blg-1391l,Microlensing,microlensing,2022,2022,false,2020s,,1.97,4.55,,5720.0,270.6835833,-28.0605
KMT-2021-BLG-1253L b,KMT-2021-BLG-1253L,kmt-2021-blg-1253l,Microlensing,microlensing,2022,2022,false,2020s,,4.59,19.05,,6640.0,267.6172083,-29.2792806
KIC 3526061 b,KIC 3526061,kic 3526061,Radial Velocity,radial velocity,2022,2022,false,2020s,3552.0,12.1,5768.58558705,,401.229,285.1863974,38.6111112
WISE J033605.05-014350.4 b,WISE J033605.05-014350.4,wise j033605.05-014350.4,Imaging,imaging,2023,2023,false,2020s,2560.0,12.6,2622.08435775,325.0,,54.0210417,-1.7306944
OGLE-2018-BLG-1367L b,OGLE-2018-BLG-1367L,ogle-2018-blg-1367l,Microlensing,microlensing,2022,2022,false,2020s,,13.8,301.93698665,,5370.0,269.755625,-29.1683611
MOA-2022-BLG-249L b,MOA-2022-BLG-249L,moa-2022-blg-249l,Microlensing,microlensing,2023,2023,false,2020s,,2.04,4.83,,2000.0,268.8655417,-28.3060611
DMPP-4 b,DMPP-4,dmpp-4,Radial Velocity,radial velocity,2023,2023,false,2020s,3.4982,3.53,12.2,,25.3284,293.5826648,51.2358069
OGLE-2018-BLG-1212L b,OGLE-2018-BLG-1212L,ogle-2018-blg-1212l,Microlensing,microlensing,2022,2022,false,2020s,,9.32,63.5656814,,1550.0,271.077625,-28.1940833
K2-2016-BLG-0005L b,K2-2016-BLG-0005L,k2-2016-blg-0005l,Microlensing,microlensing,2023,2023,false,2020s,4700.0,13.7,349.6112477,,5200.0,269.8798333,-27.6074722
HN Lib b,HN Lib,hn lib,Radial Velocity,radial velocity,2023,2023,false,2020s,36.116,2.2,5.46,234.4,6.24442,218.5684823,-12.5170062
Kepler-454 d,Kepler-454,kepler-454,Radial Velocity,radial velocity,2023,2023,false,2020s,4073.0,13.3,734.18362017,,230.869,287.4786474,38.2290751
KMT-2021-BLG-2010L b,KMT-2021-BLG-2010L,kmt-2021-blg-2010l,Microlensing,microlensing,2023,2023,false,2020s,,13.8,340.07639549,,7090.0,268.0085,-32.26975
KMT-2019-BLG-1216L b,KMT-2019-BLG-1216L,kmt-2019-blg-1216l,Microlensing,microlensing,2023,2023,false,2020s,,5.98,29.87587026,,2740.0,268.480625,-35.1366389
HD 74698 b,HD 74698,hd 74698,Radial Velocity,radial velocity,2023,2023,false,2020s,15.017,5.12,23.0,,52.0648,130.0744755,-71.8768726
HD 112300 b,HD 112300,hd 112300,Radial Velocity,radial velocity,2023,2023,false,2020s,466.63,12.2,5031.22368281,,62.07324,193.8988441,3.3972376
HD 36384 b,HD 36384,hd 36384,Radial Velocity,radial velocity,2023,2023,false,2020s,490.0,12.7,2097.6674862,,209.309,84.9319998,75.0439884
OGLE-2019-BLG-0249L b,OGLE-2019-BLG-0249L,ogle-2019-blg-0249l,Microlensing,microlensing,2023,2023,false,2020s,,12.7,2262.93825784,,6370.0,265.4035,-34.70175
HD 74698 c,HD 74698,hd 74698,Radial Velocity,radial velocity,2023,2023,false,2020s,3449.0,14.0,126.0,,52.0648,130.0744755,-71.8768726
HD 6860 b,HD 6860,hd 6860,Radial Velocity,radial velocity,2023,2023,false,2020s,663.87,11.9,8981.83078182,,61.12469,17.432979,35.620499
HD 108236 b,HD 108236,hd 108236,Transit,transit,2020,2020,false,2020s,3.795963,1.615,3.24,1099.0,64.5978,186.5740627,-51.3630519
K2-417 b,K2-417,k2-417,Transit,transit,2023,2023,false,2020s,6.535,3.31,699.2224954,558.0,94.0424,350.1417675,-10.0365901
HIP 81208 C b,HIP 81208 C,hip 81208 c,Imaging,imaging,2023,2023,false,2020s,104100.0,12.3,4703.8604236,2050.0,147.533,248.8075,-35.7247583
Kepler-139 e,Kepler-139,kepler-139,Radial Velocity,radial velocity,2023,2023,false,2020s,2047.635373,13.7,378.0,,391.038,282.3919451,43.8894167
HD 134606 b,HD 134606,hd 134606,Radial Velocity,radial velocity,2024,2024,false,2020s,12.089,2.97,9.09,,26.7909,228.8103897,-70.5203328
HIP 66074 b,HIP 66074,hip 66074,Astrometry,astrometry,2023,2023,false,2020s,310.9,12.9,1589.142035,,35.4438,203.1635632,75.0071038
HD 134606 c,HD 134606,hd 134606,Radial Velocity,radial velocity,2024,2024,false,2020s,58.883,3.37,11.31,,26.7909,228.8103897,-70.5203328
HD 134606 d,HD 134606,hd 134606,Radial Velocity,radial velocity,2024,2024,false,2020s,966.5,7.59,44.8,,26.7909,228.8103897,-70.5203328
KMT-2021-BLG-1150L b,KMT-2021-BLG-1150L,kmt-2021-blg-1150l,Microlensing,microlensing,2023,2023,false,2020s,,13.9,279.68899816,,3800.0,268.790125,-31.3133306
HD 99492 c,HD 99492,hd 99492,Radial Velocity,radial velocity,2023,2023,false,2020s,95.233,4.42,17.9,,18.2038,171.689687,3.0071331
Kepler-1513 c,Kepler-1513,kepler-1513,Transit Timing Variations,transit timing variations,2023,2023,false,2020s,841.4,11.0,84.54235626,,349.247,289.7917561,39.2852655
HD 134606 e,HD 134606,hd 134606,Radial Velocity,radial velocity,2024,2024,false,2020s,4.3203,1.33,2.34,,26.7909,228.8103897,-70.5203328
GJ 724 b,GJ 724,gj 724,Radial Velocity,radial velocity,2023,2023,false,2020s,5.101284,3.27,10.75,611.0,16.9658,280.238365,-13.3824997
KMT-2018-BLG-0885L b,KMT-2018-BLG-0885L,kmt-2018-blg-0885l,Microlensing,microlensing,2023,2023,false,2020s,,11.9,9217.023803,,6890.0,268.9663333,-28.5133611
GJ 3988 b,GJ 3988,gj 3988,Radial Velocity,radial velocity,2023,2023,false,2020s,6.9442,1.74,3.69,348.0,9.9105,255.8503747,51.4089795
KMT-2019-BLG-0335L b,KMT-2019-BLG-0335L,kmt-2019-blg-0335l,Microlensing,microlensing,2023,2023,false,2020s,,12.1,6674.396547,,7710.0,262.840125,-29.5906889
M62H b,M62H,m62h,Pulsar Timing,pulsar timing,2024,2024,false,2020s,0.132935028,,785.03616529,,,255.3074504,-30.1069833
CI Tau c,CI Tau,ci tau,Radial Velocity,radial velocity,2024,2024,false,2020s,25.2,13.0,1144.1822652,,157.998,68.4667685,22.8416192
KMT-2022-BLG-0371L b,KMT-2022-BLG-0371L,kmt-2022-blg-0371l,Microlensing,microlensing,2023,2023,false,2020s,,10.9,82.63538582,,7140.0,265.3619167,-34.6986694
GJ 9404 b,GJ 9404,gj 9404,Radial Velocity,radial velocity,2023,2023,false,2020s,13.4586,3.48,11.9,,23.8839,184.8472095,28.3827126
TOI-1249 b,TOI-1249,toi-1249,Transit,transit,2024,2024,false,2020s,13.079151,3.2710301,11.9,726.89,139.49,200.5615762,66.3085331
NGC 2682 Sand 1429 b,NGC 2682 Sand 1429,ngc 2682 sand 1429,Radial Velocity,radial velocity,2024,2024,false,2020s,77.48,13.4,572.0911326,683.0,852.793,133.0147781,11.6899626
TOI-6330 b,TOI-6330,toi-6330,Transit,transit,2025,2025,false,2020s,6.8500246,10.89,3179.0,495.0,139.042,22.1679816,53.6860778
HD 112570 b,HD 112570,hd 112570,Radial Velocity,radial velocity,2023,2023,false,2020s,2615.0,13.1,1086.97315194,,101.166,194.2824262,46.1765638
Teegarden's Star d,Teegarden's Star,teegarden's star,Radial Velocity,radial velocity,2024,2024,false,2020s,26.13,0.954,0.82,159.0,3.83078,43.2691449,16.8649024
HD 73256 c,HD 73256,hd 73256,Radial Velocity,radial velocity,2023,2023,false,2020s,2690.0,12.2,5085.254512,,36.708,129.0949961,-30.0373339
HD 154391 b,HD 154391,hd 154391,Radial Velocity,radial velocity,2023,2023,false,2020s,5163.0,12.5,2892.2385037,,100.947,255.3201345,60.6489226
TOI-969 c,TOI-969,toi-969,Radial Velocity,radial velocity,2022,2022,false,2020s,1700.0,12.4,3591.4609991,96.4,77.2554,115.1366858,2.0985879
WASP-150 b,WASP-150,wasp-150,Transit,transit,2020,2020,false,2020s,5.644207,11.99363,2688.8418,1460.0,527.995,264.2630197,53.0212751
TOI-907.01,TOI-907,toi-907,Transit,transit,2024,2024,false,2020s,4.5849129,9.6158851,67.0,1846.6,312.529,262.1834072,-62.840383
TOI-2084 b,TOI-2084,toi-2084,Transit,transit,2023,2023,false,2020s,6.0784247,2.47,6.66,527.0,114.549,259.2545389,72.7470231
TOI-2525 c,TOI-2525,toi-2525,Transit,transit,2023,2023,false,2020s,49.2519,10.13291855,208.8132634,399.96,395.398,86.8509737,-60.5213081
TOI-3321 b,TOI-3321,toi-3321,Transit,transit,2024,2024,false,2020s,3.6525145,15.55806521,176.07693748,1616.0,285.895,265.7603351,-65.0082516
TIC 46432937 b,TIC 46432937,tic 46432937,Transit,transit,2024,2024,false,2020s,1.44044527,13.31626907,1017.0509024,872.0,90.5369,83.8689794,-14.5971909
TOI-1136 b,TOI-1136,toi-1136,Transit,transit,2022,2022,false,2020s,4.1727,1.9,3.5,1216.0,84.5362,192.1848981,64.8552755
HD 332231 b,HD 332231,hd 332231,Transit,transit,2020,2020,false,2020s,18.712024,9.07303305,74.1,798.3,80.6665,306.741134,33.7443882
TOI-1807 b,TOI-1807,toi-1807,Transit,transit,2021,2021,false,2020s,0.54937097,1.49681583,2.44,1694.1,42.5775,201.2826259,38.9223671
NGTS-26 b,NGTS-26,ngts-26,Transit,transit,2024,2024,false,2020s,4.5199279,14.88552637,92.80589484,1331.0,1093.69,217.6832961,-31.7324526
TOI-1630.01,TOI-1630,toi-1630,Transit,transit,2024,2024,false,2020s,12.055734733,2.417,6.42,584.0,66.0929,352.0166759,75.5526069
TOI-1659.01,TOI-1659,toi-1659,Transit,transit,2024,2024,false,2020s,5.877556328,2.255,5.71,1031.14,122.494,277.9251938,82.3059487
TOI-2095 c,TOI-2095,toi-2095,Transit,transit,2023,2023,false,2020s,28.17232,1.33,7.4,297.0,41.9176,285.6365235,75.4185135
TOI-5789 c,TOI-5789,toi-5789,Transit,transit,,,true,2020s,12.927748,2.86,5.0,718.0,20.4581,302.7734475,16.1897138
TOI-5789 b,TOI-5789,toi-5789,Radial Velocity,radial velocity,2026,2026,false,2020s,2.76369,1.26,2.12,1201.0,20.4581,302.7734475,16.1897138
2MASS J11550485-7919108 b,2MASS J11550485-7919108,2mass j11550485-7919108,Imaging,imaging,2024,2024,false,2020s,,12.1,6356.56814,2506.0,100.862,178.7691634,-79.3197558
TOI-6016 b,TOI-6016,toi-6016,Transit,transit,2024,2024,false,2020s,4.023687,13.67495645,371.85923619,1890.0,364.715,4.5239602,59.7661983
G 196-3 b,G 196-3,g 196-3,Imaging,imaging,2024,2024,false,2020s,,12.0,8263.538582,1670.0,21.7912,151.0884754,50.3861806
TIC 365102760 b,TIC 365102760,tic 365102760,Transit,transit,2024,2024,false,2020s,4.21285367,6.21,19.2,,555.546,305.8398236,54.3943194
OGLE-2023-BLG-0836L b,OGLE-2023-BLG-0836L,ogle-2023-blg-0836l,Microlensing,microlensing,2024,2024,false,2020s,,12.9,1385.73185452,,5120.0,267.186875,-23.7415194
HAT-P-60 b,HAT-P-60,hat-p-60,Transit,transit,2021,2021,false,2020s,4.7947813,18.28184752,182.43350562,1772.0,233.22,28.2825719,52.0539209
TOI-1294 b,TOI-1294,toi-1294,Transit,transit,2024,2024,false,2020s,3.915292,10.12369881,63.9,1392.74,332.648,223.0926408,70.4765573
TOI-1669 c,TOI-1669,toi-1669,Transit,transit,2024,2024,false,2020s,2.6800535,2.2963977,13.0,1285.16,111.276,45.9564744,83.5874273
TOI-1811 b,TOI-1811,toi-1811,Transit,transit,2023,2023,false,2020s,3.7130765,11.14172682,308.9292116,962.2,128.23,188.9223576,27.2143766
TOI-1823 b,TOI-1823,toi-1823,Transit,transit,2024,2024,false,2020s,38.8,7.5406241,67.4,423.63,71.6456,196.2197201,63.753261
TIC 139270665 c,TIC 139270665,tic 139270665,Radial Velocity,radial velocity,2024,2024,false,2020s,1010.0,12.9,1554.18091023,200.0,189.875,124.0338967,33.2914532
TIC 139270665 b,TIC 139270665,tic 139270665,Transit,transit,2024,2024,false,2020s,23.624,7.22979255,147.15455244,703.0,189.875,124.0338967,33.2914532
TOI-3364 b,TOI-3364,toi-3364,Transit,transit,2023,2023,false,2020s,5.8768918,12.22899794,530.77343969,1264.0,277.899,144.5377709,-49.3352226
TOI-6029 b,TOI-6029,toi-6029,Transit,transit,2024,2024,false,2020s,5.7987,14.39233122,519.64944544,1484.0,603.119,8.3862555,61.8607659
TOI-1266 c,TOI-1266,toi-1266,Transit,transit,2020,2020,false,2020s,18.8027,1.98,3.17,346.0,36.0118,197.9965833,65.8336973
HD 48948 c,HD 48948,hd 48948,Radial Velocity,radial velocity,2024,2024,false,2020s,38.06,2.6,7.27,553.0,16.9043,102.489811,60.3373133
TOI-1346 b,TOI-1346,toi-1346,Transit,transit,2025,2025,false,2020s,1.7622538,2.39,6.3,1324.0,115.45,256.6226752,68.8433031
KMT-2023-BLG-0416L b,KMT-2023-BLG-0416L,kmt-2023-blg-0416l,Microlensing,microlensing,2024,2024,false,2020s,,3.67,13.03096469,,5900.0,266.3240417,-25.0794889
GJ 900 b,GJ 900 A,gj 900 a,Imaging,imaging,2024,2024,false,2020s,,12.4,3496.112477,,20.8065,353.7526177,1.6055211
TOI-2580 b,TOI-2580,toi-2580,Transit,transit,2024,2024,false,2020s,3.39775,17.37392009,200.23189641,2410.0,379.253,62.1992072,67.1165264
TOI-3464 b,TOI-3464,toi-3464,Transit,transit,2025,2025,false,2020s,3.6515568,13.7646283,397.28550875,1693.0,597.774,234.4830357,-44.7899772
KMT-2023-BLG-1454L b,KMT-2023-BLG-1454L,kmt-2023-blg-1454l,Microlensing,microlensing,2024,2024,false,2020s,,14.1,200.23189641,,7220.0,267.6200833,-29.62275
TOI-849 b,TOI-849,toi-849,Transit,transit,2020,2020,false,2020s,0.765548,3.64,41.8,1932.0,225.734,28.7157956,-29.4217086
HIP 39017 b,HIP 39017,hip 39017,Imaging,imaging,2024,2024,false,2020s,31000.0,12.0,7500.7504052,,66.3217,119.7665756,-4.3326006
HIP 54515 b,HIP 54515,hip 54515,Imaging,imaging,2026,2026,false,2020s,33000.0,12.2,5625.5628039,,82.8101,167.3066308,-1.3332838
HD 72659 c,HD 72659,hd 72659,Radial Velocity,radial velocity,2022,2022,false,2020s,35500.0,12.1,6165.8710958,,51.8949,128.5128072,-1.5686323
TOI-1410.01,TOI-1410,toi-1410,Transit,transit,2024,2024,false,2020s,1.21687,3.10083009,12.5,1236.7,72.7512,334.8828486,42.5603141
TOI-1846 b,TOI-1846,toi-1846,Transit,transit,2025,2025,false,2020s,3.9306737,1.792,3.87,568.1,47.2496,257.9549645,54.5278483
TOI-2345 c,TOI-2345,toi-2345,Transit,transit,2025,2025,false,2020s,21.064302,2.451,7.27,544.0,81.6541,43.884794,-34.9779745
TOI-3523 A b,TOI-3523 A,toi-3523 a,Transit,transit,2025,2025,false,2020s,2.30458952,15.9727975,435.42491759,1984.0,645.294,304.2834581,42.9065338
TOI-6041 b,TOI-6041,toi-6041,Transit,transit,2025,2025,false,2020s,26.04945,4.55,28.9,605.6,72.4731,46.0610334,43.5576668
MOA-2022-BLG-563L b,MOA-2022-BLG-563L,moa-2022-blg-563l,Microlensing,microlensing,2024,2024,false,2020s,,14.0,127.1313628,,6530.0,270.3002083,-27.8358306
KMT-2016-BLG-2321L b,KMT-2016-BLG-2321L,kmt-2016-blg-2321l,Microlensing,microlensing,2024,2024,false,2020s,,13.8,301.93698665,,3580.0,264.0579167,-25.5248806
TOI-1742 b,TOI-1742,toi-1742,Transit,transit,2024,2024,false,2020s,21.269084,2.36507598,9.7,694.09,72.8871,257.3288678,71.8766724
Gaia22dkvL b,Gaia22dkvL,gaia22dkvl,Microlensing,microlensing,2024,2024,false,2020s,,14.1,187.83658854,,1270.0,151.769,-66.1808889
TOI-2134 c,TOI-2134,toi-2134,Transit,transit,2023,2023,false,2020s,95.5,7.27,41.89,306.0,22.6202,271.9355015,39.0729269
TOI-2120 b,TOI-2120,toi-2120,Transit,transit,2024,2024,false,2020s,5.7998164,2.122,6.8,384.0,32.1755,23.507315,65.5139877
TOI-6054.01,TOI-6054,toi-6054,Transit,transit,2024,2024,false,2020s,7.501428,2.64,12.5,1360.0,79.407,56.337007,60.350917
HD 95338 b,HD 95338,hd 95338,Radial Velocity,radial velocity,2020,2020,false,2020s,55.082694,4.27174254,42.44,385.0,36.9941,164.8563364,-56.6235564
NGTS-12 b,NGTS-12,ngts-12,Transit,transit,2020,2020,false,2020s,7.532806,11.747032,66.10864,1257.0,446.442,176.2499418,-35.640563
TOI-2382 b,TOI-2382,toi-2382,Transit,transit,2025,2025,false,2020s,4.6612061,12.25141591,235.19302118,1426.0,434.92,356.3751852,-16.114124
NGTS-31 b,NGTS-31,ngts-31,Transit,transit,2025,2025,false,2020s,4.162734,18.04645893,355.96781584,1410.0,497.376,80.4212533,-38.656827
LP 890-9 c,LP 890-9,lp 890-9,Transit,transit,2022,2022,false,2020s,8.457463,1.367,25.3,272.0,32.4298,64.1309096,-28.3157909
TOI-1203.01,TOI-1203,toi-1203,Transit,transit,2021,2021,false,2020s,25.502672,2.918,7.39,743.6,64.9943,168.2267358,-34.4069371
TOI-837 b,TOI-837,toi-837,Transit,transit,2020,2020,false,2020s,8.3249113,9.16894621,120.45696625,995.3,142.488,157.0372806,-64.5052107
OGLE-2017-BLG-0448L b,OGLE-2017-BLG-0448L,ogle-2017-blg-0448l,Microlensing,microlensing,2024,2024,false,2020s,,4.08,15.6,,7530.0,268.668625,-31.0319167
TOI-1859 b,TOI-1859,toi-1859,Transit,transit,2023,2023,false,2020s,63.48347,9.75181321,68.6,615.0,224.385,279.8317644,69.5228726
TIC 4672985 b,TIC 4672985,tic 4672985,Transit,transit,2024,2024,false,2020s,69.048,11.5004142,4049.13390518,517.2,253.385,38.4706782,-10.6573827
TOI-2803 A b,TOI-2803 A,toi-2803 a,Transit,transit,2023,2023,false,2020s,1.96229325,18.11371281,309.88269682,1893.0,494.818,93.1147397,-23.4924956
TOI-132 b,TOI-132,toi-132,Transit,transit,2020,2020,false,2020s,2.1097019,3.42,22.4,1395.0,163.678,338.3996623,-43.436872
TOI-700 d,TOI-700,toi-700,Transit,transit,2020,2020,false,2020s,37.42396,1.073,1.25,268.8,31.1265,97.0957165,-65.5786149
TOI-892 b,TOI-892,toi-892,Transit,transit,2020,2020,false,2020s,10.62656,11.99363,301.9385,1397.0,340.543,86.738228,-11.2353401
TOI-1272 c,TOI-1272,toi-1272,Radial Velocity,radial velocity,2022,2022,false,2020s,8.6811,4.95,21.7,697.0,137.572,199.1962036,49.8610591
TOI-1135 b,TOI-1135,toi-1135,Transit,transit,2024,2024,false,2020s,8.0277283,9.34085,51.42,1074.28,114.048,193.3963704,85.1294952
TOI-1898 b,TOI-1898,toi-1898,Transit,transit,2024,2024,false,2020s,45.52234,9.39553231,129.0,674.54,79.6682,144.5553,23.5467464
TOI-2169 A b,TOI-2169 A,toi-2169 a,Transit,transit,2025,2025,false,2020s,8.2148282,12.50922246,329.58805806,1364.0,351.487,279.1701117,23.2586193
TOI-2407 b,TOI-2407,toi-2407,Transit,transit,2025,2025,false,2020s,2.702969,4.26,16.8,705.0,92.4366,49.746545,-46.458025
TOI-2876 b,TOI-2876,toi-2876,Transit,transit,2025,2025,false,2020s,6.2996431,9.6397234,54.03082919,929.0,225.744,110.2473528,-21.1146384
TOI-2886 b,TOI-2886,toi-2886,Transit,transit,2025,2025,false,2020s,1.60200105,18.6405349,444.9597698,1978.0,413.673,110.0076569,-10.5698414
WASP-155 b,WASP-155,wasp-155,Transit,transit,2025,2025,false,2020s,3.110413,13.45077684,276.8285425,1468.0,399.63,347.979723,33.0476125
LHS 1815 b,LHS 1815,lhs 1815,Transit,transit,2020,2020,false,2020s,3.814334,1.088,1.58,617.0,29.8424,91.0899861,-55.3115376
HD 75898 c,HD 75898,hd 75898,Radial Velocity,radial velocity,2024,2024,false,2020s,6717.0,12.6,2698.36317543,,78.0505,133.4611999,33.0566885
Kepler-963 c,Kepler-963,kepler-963,Transit,transit,2024,2024,false,2020s,0.919783,0.6,0.156,,771.494,296.7529742,45.0411049
TOI-654.01,TOI-654,toi-654,Transit,transit,2024,2024,false,2020s,1.527561,2.378,8.71,794.0,57.7553,164.7245509,-5.5475446
TOI-669 b,TOI-669,toi-669,Transit,transit,2023,2023,false,2020s,3.945152,2.58606487,10.0,1124.85,142.867,158.9007013,-5.1813735
TOI-1782.01,TOI-1782,toi-1782,Transit,transit,2024,2024,false,2020s,4.987641028,2.368,6.2,697.84,95.2649,213.0787718,74.4117909
TOI-1937 A b,TOI-1937 A,toi-1937 a,Transit,transit,2023,2023,false,2020s,0.94667944,13.97759893,638.83509807,2097.0,415.135,116.3707214,-52.3832587
Kepler-1489 c,Kepler-1489,kepler-1489,Transit,transit,2024,2024,false,2020s,0.680741,0.51,0.087,,1283.05,281.2957984,44.4654063
HD 86728 b,HD 86728,hd 86728,Radial Velocity,radial velocity,2025,2025,false,2020s,31.1515,3.03,9.43,,14.9202,150.250054,31.9218216
KMT-2022-BLG-0303L b,KMT-2022-BLG-0303L,kmt-2022-blg-0303l,Microlensing,microlensing,2024,2024,false,2020s,,14.2,163.04597279,,6570.0,268.033125,-22.6890806
TOI-5076 b,TOI-5076,toi-5076,Transit,transit,2024,2024,false,2020s,23.443162,3.48935569,16.14568308,550.0,82.857,50.5104166,17.2392094
TOI-5398 c,TOI-5398,toi-5398,Transit,transit,2023,2023,false,2020s,4.77271,3.52,11.8,1242.0,130.855,161.8795569,36.3294345
Gliese 12 b,Gliese 12,gliese 12,Transit,transit,2024,2024,false,2020s,12.761408,0.958,3.87,314.6,12.21,3.9579137,13.5576175
TOI-1899 b,TOI-1899,toi-1899,Transit,transit,2020,2020,false,2020s,29.090312,11.09689089,212.94503269,378.0,128.438,299.4268472,40.1433462
HIP 67522 b,HIP 67522,hip 67522,Transit,transit,2020,2020,false,2020s,6.9594731,9.9872018,71.4,1175.0,127.28,207.526001,-40.8358961
TOI-122 b,TOI-122,toi-122,Transit,transit,2020,2020,false,2020s,5.07803,2.72,7.85,471.0,62.118,332.9482355,-58.946085
TOI-1782.02,TOI-1782,toi-1782,Transit,transit,2024,2024,false,2020s,1.829024227,1.839,4.04,974.95,95.2649,213.0787718,74.4117909
TOI-2005 b,TOI-2005,toi-2005,Transit,transit,2025,2025,false,2020s,17.305904,11.99360935,2034.1018048,1221.39,328.475,164.031654,-43.3766967
TOI-2236 b,TOI-2236,toi-2236,Transit,transit,2022,2022,false,2020s,3.5315902,14.36991326,502.16888306,1688.0,355.59,20.1660113,-86.979965
TOI-2447 b,TOI-2447,toi-2447,Transit,transit,2024,2024,false,2020s,69.33684,9.60609646,124.90656395,414.0,148.987,70.9975864,-31.9066369
TOI-2969 b,TOI-2969,toi-2969,Transit,transit,2025,2025,false,2020s,1.8237146,12.32987877,368.68095212,1186.0,163.996,150.0626247,-47.4452436
OGLE-2016-BLG-1598L b,OGLE-2016-BLG-1598L,ogle-2016-blg-1598l,Microlensing,microlensing,2024,2024,false,2020s,,13.6,120.77479466,,5910.0,270.19075,-29.1754389
OGLE-2016-BLG-1800L b,OGLE-2016-BLG-1800L,ogle-2016-blg-1800l,Microlensing,microlensing,2024,2024,false,2020s,,13.2,823.17557413,,6480.0,269.9032083,-30.8653611
Gaia-5 b,Gaia-5,gaia-5,Astrometry,astrometry,2025,2025,false,2020s,358.62,12.1,6633.07885409,,41.1813,302.0408173,41.9415455
GJ 1289 b,GJ 1289,gj 1289,Radial Velocity,radial velocity,2024,2024,false,2020s,111.74,2.38,6.27,150.0,8.35147,355.7813464,36.5363314
TOI-1199 b,TOI-1199,toi-1199,Transit,transit,2024,2024,false,2020s,3.671463,10.5140239,75.96098927,1486.0,248.427,166.8806581,61.3525723
HD 87816 c,HD 87816,hd 87816,Radial Velocity,radial velocity,2025,2025,false,2020s,7596.0,12.4,3877.5065654,,133.233,151.5296524,-52.1878679
HD 94890 b,HD 94890,hd 94890,Radial Velocity,radial velocity,2025,2025,false,2020s,824.61,13.3,676.97450691,,61.7012,164.1797804,-37.1383035
TOI-2010 b,TOI-2010,toi-2010,Transit,transit,2023,2023,false,2020s,141.834025,11.81426566,408.7273314,400.2,109.19,292.1669417,53.4873694
HD 94890 c,HD 94890,hd 94890,Radial Velocity,radial velocity,2025,2025,false,2020s,2492.19,12.5,2831.85110637,,61.7012,164.1797804,-37.1383035
TIC 434398831 b,TIC 434398831,tic 434398831,Transit,transit,2025,2025,false,2020s,3.685504,3.51,12.1,1250.0,217.011,93.9592639,16.0238459
TIC 434398831 c,TIC 434398831,tic 434398831,Transit,transit,2025,2025,false,2020s,6.210291,5.63,27.0,1050.0,217.011,93.9592639,16.0238459
TOI-712 b,TOI-712,toi-712,Transit,transit,2022,2022,false,2020s,9.531361,2.049,4.85,650.0,58.6212,92.9361063,-65.8258386
K2-360 c,EPIC 201595106,epic 201595106,Radial Velocity,radial velocity,2024,2024,false,2020s,9.79692,4.02,15.23,912.0,232.1,183.7203635,1.9681688
EPIC 201595106 b,EPIC 201595106,epic 201595106,Transit,transit,2021,2021,false,2020s,0.87724,1.565,7.67,2038.0,232.1,183.7203635,1.9681688
TOI-2322 c,TOI-2322,toi-2322,Transit,transit,2025,2025,false,2020s,20.225528,1.874,18.1,496.8,59.861,116.9731027,-71.0019671
KMT-2017-BLG-2197L b,KMT-2017-BLG-2197L,kmt-2017-blg-2197l,Microlensing,microlensing,2025,2025,false,2020s,,12.5,2809.60311788,,7800.0,262.6113333,-30.1593111
Kepler-279 e,Kepler-279,kepler-279,Transit,transit,2025,2025,false,2020s,98.3531,4.13,56.0,552.0,1037.4,287.391295,42.194822
KMT-2022-BLG-2076L b,KMT-2022-BLG-2076L,kmt-2022-blg-2076l,Microlensing,microlensing,2025,2025,false,2020s,,13.9,279.68899816,,5570.0,268.051125,-29.0279306
LHS 1478 b,LHS 1478,lhs 1478,Transit,transit,2021,2021,false,2020s,1.9495378,1.242,2.33,595.0,18.2276,44.3388743,76.5514045
TOI-782 b,TOI-782,toi-782,Transit,transit,2024,2024,false,2020s,8.0240015,2.734,19.1,435.0,52.5122,183.9203614,-18.9103377
HIP 9618 c,HIP 9618,hip 9618,Transit,transit,2023,2023,false,2020s,52.56363,3.42855926,7.0,470.31,67.5478,30.9050061,21.2813274
KOBE-1 b,KOBE-1,kobe-1,Radial Velocity,radial velocity,2025,2025,false,2020s,8.5399,2.91,8.8,594.4,23.9718,19.1660378,25.3310358
Gl 725 A b,Gl 725 A,gl 725 a,Radial Velocity,radial velocity,2025,2025,false,2020s,11.2201,1.48,2.78,,3.5214,280.6834312,59.638109
KOBE-1 c,KOBE-1,kobe-1,Radial Velocity,radial velocity,2025,2025,false,2020s,29.671,3.56,12.4,392.5,23.9718,19.1660378,25.3310358
G 261-6 b,G 261-6,g 261-6,Radial Velocity,radial velocity,2025,2025,false,2020s,5.4536,1.1,1.37,322.3,10.6267,291.07432,75.5558405
G 192-15 b,G 192-15,g 192-15,Radial Velocity,radial velocity,2025,2025,false,2020s,2.27476,1.02,1.03,453.6,9.53114,90.6220931,49.861939
TOI-5817 b,TOI-5817,toi-5817,Transit,transit,2025,2025,false,2020s,15.61031,3.08,10.3,950.0,80.7542,322.3777987,21.474527
TOI-6324 b,TOI-6324,toi-6324,Transit,transit,2025,2025,false,2020s,0.279221,1.059,1.17,1216.0,20.5488,330.844543,67.4986773
OGLE-2016-BLG-0007L b,OGLE-2016-BLG-0007L,ogle-2016-blg-0007l,Microlensing,microlensing,2025,2025,false,2020s,14200.0,1.09,1.32,,4300.0,268.3560417,-29.64225
K2-371 b,K2-371,k2-371,Transit,transit,2022,2022,false,2020s,3.114905,13.024,,956.83,442.813,128.0670932,11.6307099
KMT-2023-BLG-0949L b,KMT-2023-BLG-0949L,kmt-2023-blg-0949l,Microlensing,microlensing,2025,2025,false,2020s,,12.8,1900.61387386,,6060.0,263.4194167,-28.0914611
NGTS-35 b,NGTS-35,ngts-35,Transit,transit,2025,2025,false,2020s,25.241192,10.9,152.0,451.0,183.078,170.276336,-26.0666162
TOI-1294 c,TOI-1294,toi-1294,Radial Velocity,radial velocity,2024,2024,false,2020s,159.9,14.3,147.0,,332.648,223.0926408,70.4765573
KMT-2023-BLG-0830L b,KMT-2023-BLG-0830L,kmt-2023-blg-0830l,Microlensing,microlensing,2025,2025,false,2020s,,4.41,17.79839079,,7250.0,271.6579583,-28.3323111
KMT-2024-BLG-1281L b,KMT-2024-BLG-1281L,kmt-2024-blg-1281l,Microlensing,microlensing,2025,2025,false,2020s,,4.59,19.06970442,,7180.0,165.169375,-32.71425
KMT-2017-BLG-0849L b,KMT-2017-BLG-0849L,kmt-2017-blg-0849l,Microlensing,microlensing,2024,2024,false,2020s,,2.41,6.39,,7220.0,265.3594583,-25.2812194
ZTF J1828+2308 b,ZTF J1828+2308,ztf j1828+2308,Transit,transit,2025,2025,false,2020s,0.1120067,11.13051784,6356.56814,,201.827,277.2031946,23.1439121
KMT-2017-BLG-2331L b,KMT-2017-BLG-2331L,kmt-2017-blg-2331l,Microlensing,microlensing,2024,2024,false,2020s,,14.2,171.0,,8030.0,264.4072083,-29.4612111
KMT-2023-BLG-1743L b,KMT-2023-BLG-1743L,kmt-2023-blg-1743l,Microlensing,microlensing,2024,2024,false,2020s,,12.1,6356.56814,,7130.0,269.16525,-28.8549194
TOI-406 c,TOI-406,toi-406,Transit,transit,2024,2024,false,2020s,3.307441,1.32,2.08,584.0,31.0597,49.2626428,-42.2441492
KMT-2019-BLG-0578L b,KMT-2019-BLG-0578L,kmt-2019-blg-0578l,Microlensing,microlensing,2025,2025,false,2020s,,13.7,381.3940884,,7300.0,269.4846667,-27.7948611
Barnard d,Barnard's star,barnard's star,Radial Velocity,radial velocity,2025,2025,false,2020s,2.3402,0.694,0.263,483.0,1.82655,269.4486144,4.7379808
MOA-2022-BLG-091L b,MOA-2022-BLG-091L,moa-2022-blg-091l,Microlensing,microlensing,2025,2025,false,2020s,,13.0,1141.00398113,,4250.0,268.9422083,-32.3414389
KMT-2024-BLG-1209L b,KMT-2024-BLG-1209L,kmt-2024-blg-1209l,Microlensing,microlensing,2025,2025,false,2020s,,13.2,839.06699448,,3930.0,261.6129583,-28.1205611
TOI-238 b,TOI-238,toi-238,Transit,transit,2024,2024,false,2020s,1.273099,1.559,3.37,1378.0,80.5407,349.2310814,-18.6066463
TOI-4562 c,TOI-4562,toi-4562,Transit Timing Variations,transit timing variations,2024,2024,false,2020s,3990.0,12.8,1833.86990839,,339.605,112.0100593,-63.5177788
BEBOP-3 b,BEBOP-3,bebop-3,Radial Velocity,radial velocity,2025,2025,false,2020s,547.0,14.2,177.34825111,,119.052,110.902655,79.1323952
TOI-1227 b,TOI-1227,toi-1227,Transit,transit,2022,2022,false,2020s,27.36397,9.57246952,66.5,243.77,100.641,186.7673635,-72.4518501
HD 207496 b,HD 207496,hd 207496,Transit,transit,2023,2023,false,2020s,6.441008,2.25,6.1,743.0,23.606,328.7181708,-77.3388025
GJ 806 b,GJ 806,gj 806,Transit,transit,2023,2023,false,2020s,0.9263237,1.331,1.9,940.0,12.0445,311.2697002,44.5002351
HD 73344 c,HD 73344,hd 73344,Radial Velocity,radial velocity,2025,2025,false,2020s,65.94,13.5,118.54999581,,35.26,129.6894456,23.6852651
GJ 463 b,GJ 463,gj 463,Radial Velocity,radial velocity,2022,2022,false,2020s,3459.0,13.1,1080.6165838,,18.3554,185.7440496,64.0324311
GJ 9773 b,GJ 9773,gj 9773,Radial Velocity,radial velocity,2025,2025,false,2020s,2965.0,14.2,172.580825,,15.9211,333.1502333,8.5503355
HD 15906 c,HD 15906,hd 15906,Transit,transit,2023,2023,false,2020s,21.583298,2.93,8.91,532.0,45.5621,38.2712534,-10.352178
HD 28471 b,HD 28471,hd 28471,Radial Velocity,radial velocity,2025,2025,false,2020s,3.1649,1.75,3.72,1377.0,43.6455,66.2875166,-64.0786861
MOA-2022-BLG-033L b,MOA-2022-BLG-033L,moa-2022-blg-033l,Microlensing,microlensing,2025,2025,false,2020s,,3.52,12.15,,1840.0,272.8756667,-25.0530806
KMT-2023-BLG-0119L b,KMT-2023-BLG-0119L,kmt-2023-blg-0119l,Microlensing,microlensing,2025,2025,false,2020s,,11.0,83.7,,5410.0,266.8150417,-34.5721889
WISPIT 2 b,WISPIT 2,wispit 2,Imaging,imaging,2025,2025,false,2020s,,17.93436912,1541.46777395,,134.907,290.8209991,-7.6820823
WISPIT 1 c,WISPIT 1,wispit 1,Imaging,imaging,2025,2025,false,2020s,,12.8,1684.4905571,,230.007,117.798555,-50.1376852
KOI-134 c,KOI-134,koi-134,Transit Timing Variations,transit timing variations,2025,2025,false,2020s,33.95,9.86,69.92224954,,1159.21,295.586598,45.3649371
TOI-4600 c,TOI-4600,toi-4600,Transit,transit,2023,2023,false,2020s,482.8191,9.42,2946.26933289,191.0,216.056,258.4503674,64.5661727
TOI-1472 c,TOI-1472,toi-1472,Radial Velocity,radial velocity,2025,2025,false,2020s,15.5381747,3.334,21.13,662.0,121.84,14.1142611,48.6375168
Kepler-495 c,Kepler-495,kepler-495,Transit,transit,2021,2021,false,2020s,5.896609783,1.21936414,1.98,1000.0,658.924,285.9307362,39.0981201
HD 224018 b,HD 224018,hd 224018,Radial Velocity,radial velocity,2025,2025,false,2020s,10.6413,0.91,4.1,968.0,105.48,358.6390056,-4.7233362
HD 93963 A b,HD 93963 A,hd 93963 a,Transit,transit,2022,2022,false,2020s,1.0376109,1.46954368,2.8,1842.23,82.3432,162.7766969,25.641065
K2-406 b,K2-406,k2-406,Transit,transit,2022,2022,false,2020s,22.549406,4.602,19.2,,85.3751,230.8872242,-25.3706149
TOI-6695 c,TOI-6695,toi-6695,Radial Velocity,radial velocity,2025,2025,false,2020s,242.4,13.6,460.85119015,415.0,282.536,129.5720221,-23.550217
Kepler-1732 b,Kepler-1732,kepler-1732,Transit,transit,2021,2021,false,2020s,32.31240082,4.09903273,15.7,699.0,1289.41,292.2910129,37.5807686
K2-341 b,K2-341,k2-341,Transit,transit,2021,2021,false,2020s,36.552551,3.21,10.4,598.0,421.408,130.4971951,19.9166357
K2-381 c,K2-381,k2-381,Transit,transit,2022,2022,false,2020s,16.034656,2.0,4.66,,145.701,288.0267612,-21.0075789
TOI-128.01,TOI-128,toi-128,Transit,transit,2024,2024,false,2020s,4.9404681,2.21898,5.56,1344.51,68.4727,79.5209381,-80.964384
K2-383 b,K2-383,k2-383,Transit,transit,2022,2022,false,2020s,1.865962,1.564,3.07,,203.788,282.008765,-18.3795798
Kepler-1713 b,Kepler-1713,kepler-1713,Transit,transit,2021,2021,false,2020s,18.01160049,1.71673535,3.59,900.0,295.293,287.3456737,43.3783894
HIP 111909 b,HIP 111909,hip 111909,Radial Velocity,radial velocity,2025,2025,false,2020s,487.08,13.7,384.57237247,,88.077,340.0304354,-49.5985391
K2-384 d,K2-384,k2-384,Transit,transit,2022,2022,false,2020s,6.679582,1.392,2.52,,82.6603,20.4998403,0.7509701
K2-385 b,K2-385,k2-385,Transit,transit,2022,2022,false,2020s,2.380867,1.539,2.98,,420.819,12.6140752,5.8712567
K2-386 b,K2-386,k2-386,Transit,transit,2022,2022,false,2020s,7.473223,2.32,5.99,,428.785,18.2999964,7.0130302
Kepler-1738 b,Kepler-1738,kepler-1738,Transit,transit,2021,2021,false,2020s,7.674630165,2.82472883,8.37,957.0,1302.87,296.1313474,47.4388098
K2-368 d,K2-368,k2-368,Transit,transit,2022,2022,false,2020s,20.201085,1.948,4.45,,206.608,332.6357627,-11.1661157
K2-384 f,K2-384,k2-384,Transit,transit,2022,2022,false,2020s,13.62749,2.222,5.57,,82.6603,20.4998403,0.7509701
TOI-178 f,TOI-178,toi-178,Transit,transit,2021,2021,false,2020s,15.23335,2.417,5.63,521.0,62.699,7.3020115,-30.4541159
K2-268 d,K2-268,k2-268,Transit,transit,2021,2021,false,2020s,4.528598,1.49,2.83,888.0,327.783,133.7094899,11.8482712
K2-268 e,K2-268,k2-268,Transit,transit,2021,2021,false,2020s,6.131243,1.33,2.33,801.0,327.783,133.7094899,11.8482712
NGTS-14 A b,NGTS-14 A,ngts-14 a,Transit,transit,2021,2021,false,2020s,3.5357173,4.976796,29.24036,1143.0,322.148,328.5174799,-38.3774193
LHS 1678 b,LHS 1678,lhs 1678,Transit,transit,2021,2021,false,2020s,0.8602325,0.685,0.35,830.44,19.8782,68.1789866,-39.7908744
KOI-984 b,KOI-984,koi-984,Transit,transit,2022,2022,false,2020s,4.2881785,4.3,17.1,1022.0,252.667,291.0489438,36.8400772
HD 110082 b,HD 110082,hd 110082,Transit,transit,2021,2021,false,2020s,10.18271,3.2,10.3,957.2,105.096,192.5892855,-88.1211107
TOI-558 b,TOI-558,toi-558,Transit,transit,2021,2021,false,2020s,14.574071,12.17295304,1147.36054927,1061.0,402.63,42.2915093,-58.0246828
K2-368 c,K2-368,k2-368,Transit,transit,2022,2022,false,2020s,9.660186,1.361,2.42,,206.608,332.6357627,-11.1661157
K2-339 b,K2-339,k2-339,Transit,transit,2021,2021,false,2020s,19.507428,1.92,4.35,508.0,360.36,130.082542,18.6929046
TOI-640 b,TOI-640,toi-640,Transit,transit,2021,2021,false,2020s,5.003777,19.2794468,181.16219199,1816.0,341.997,99.7345935,-36.64613
HATS-76 b,HATS-76,hats-76,Transit,transit,2021,2021,false,2020s,1.9416423,12.09449018,835.570882,939.8,385.689,70.3397665,-32.3204175
HATS-77 b,HATS-77,hats-77,Transit,transit,2021,2021,false,2020s,3.0876262,13.05846252,436.69623122,828.3,436.176,149.8236672,-27.3928174
K2-343 c,K2-343,k2-343,Transit,transit,2021,2021,false,2020s,7.676972,2.02,4.74,465.0,166.169,134.2021746,21.5026882
K2-352 c,K2-352,k2-352,Transit,transit,2021,2021,false,2020s,8.234885,1.92,4.35,885.0,176.051,140.4451478,18.469628
TOI-2109 b,TOI-2109,toi-2109,Transit,transit,2021,2021,false,2020s,0.67247414,15.098497,1595.49860314,3646.0,262.041,253.1862971,16.5799153
HD 206893 b,HD 206893,hd 206893,Imaging,imaging,2021,2021,false,2020s,9350.0,14.01122587,8899.195396,1429.2,40.7583,326.3416874,-12.7833522
K2-381 d,K2-381,k2-381,Transit,transit,2022,2022,false,2020s,26.803023,1.689,3.5,,145.701,288.0267612,-21.0075789
CoRoT-7 d,CoRoT-7,corot-7,Radial Velocity,radial velocity,2022,2022,false,2020s,8.966,4.31,17.142,,159.906,100.9561682,-1.0630076
TYC 2187-512-1 b,TYC 2187-512-1,tyc 2187-512-1,Radial Velocity,radial velocity,2022,2022,false,2020s,691.9,12.5,104.88337431,,15.4744,320.5266829,22.9319351
Kepler-451 c,2MASS J19383260+4603591,2mass j19383260+4603591,Eclipse Timing Variations,eclipse timing variations,2022,2022,false,2020s,1460.0,13.5,511.70373527,,396.332,294.6359173,46.0664076
CoRoT-36 b,CoRoT-36,corot-36,Transit,transit,2022,2022,false,2020s,5.616531,15.80466279,216.12331676,1567.0,925.958,277.7510149,7.1833465
TOI-561 d,TOI-561,toi-561,Transit,transit,2020,2020,false,2020s,25.71268,2.615,13.33,600.0,85.799,148.1851516,6.216103
HD 110113 b,HD 110113,hd 110113,Transit,transit,2021,2021,false,2020s,2.541,2.05,4.55,1371.0,106.307,190.0365636,-44.3120777
TOI-544 b,TOI-544,toi-544,Transit,transit,2022,2022,false,2020s,1.548352,2.018,2.89,999.0,41.1166,82.2900716,-0.3428983
HD 105779 b,HD 105779,hd 105779,Radial Velocity,radial velocity,2022,2022,false,2020s,2412.0,14.1,203.41018048,,55.2411,182.6612053,-16.9564908
HD 69123 b,HD 69123,hd 69123,Radial Velocity,radial velocity,2022,2022,false,2020s,1193.3,13.1,982.08977763,,75.116,123.55499,-35.4899246
TOI-1203 c,TOI-1203,toi-1203,Radial Velocity,radial velocity,2025,2025,false,2020s,13.0766,2.2,5.46,,64.9943,168.2267358,-34.4069371
TOI-1478 b,TOI-1478,toi-1478,Transit,transit,2021,2021,false,2020s,10.1802117,11.99360935,279.68899816,918.0,152.892,126.4337428,-13.5595485
TOI-5678 b,TOI-5678,toi-5678,Transit,transit,2023,2023,false,2020s,47.73022,4.91,20.0,513.0,165.393,47.3841872,-34.1984808
HD 23472 e,HD 23472,hd 23472,Transit,transit,2022,2022,false,2020s,7.90754,0.818,0.72,723.0,39.0341,55.4590314,-62.7672667
TOI-771 c,TOI-771,toi-771,Radial Velocity,radial velocity,2025,2025,false,2020s,7.61,1.5,2.87,365.0,25.2788,164.1138903,-72.9851736
TOI-1203 b,TOI-1203,toi-1203,Radial Velocity,radial velocity,2025,2025,false,2020s,4.1572888,1.52,3.51,1361.2,64.9943,168.2267358,-34.4069371
HIP 29442 d,TOI-469,toi-469,Radial Velocity,radial velocity,2023,2023,false,2020s,6.429575,1.538,5.14,920.0,68.192,93.0578446,-14.6493167
HD 93385 d,HD 93385,hd 93385,Radial Velocity,radial velocity,2021,2021,false,2020s,45.85,2.89,8.7,,43.3475,161.5627065,-41.464604
HD 154088 b,HD 154088,hd 154088,Radial Velocity,radial velocity,2021,2021,false,2020s,18.56,2.46,6.6,,18.2692,256.1164214,-28.5838342
TOI-4214 b,TOI-4214,toi-4214,Transit,transit,2025,2025,false,2020s,3.4913885,10.68215861,165.27077164,1642.0,346.881,110.2495104,-13.9262649
HD 19615 b,HD 19615,hd 19615,Radial Velocity,radial velocity,2022,2022,false,2020s,402.0,12.6,2701.5414595,,265.155,48.7813299,73.868015
HD 29399 b,HD 29399,hd 29399,Radial Velocity,radial velocity,2022,2022,false,2020s,892.7,13.5,498.99059899,,44.1518,68.3903471,-62.8237576
2M0437 b,2MASS J04372171+2651014,2mass j04372171+2651014,Imaging,imaging,2021,2021,false,2020s,,13.0,1271.313628,1450.0,128.484,69.3405531,26.8502997
TOI-4551 b,TOI-4551,toi-4551,Transit,transit,2023,2023,false,2020s,9.95581,11.85910158,473.56432643,1655.0,215.986,184.9787579,-25.8278531
TOI-4559 b,TOI-4559,toi-4559,Transit,transit,2024,2024,false,2020s,3.965991,1.415,2.59,554.16,31.6354,211.0135378,-30.0141252
TOI-4734 b,TOI-4734,toi-4734,Transit,transit,2025,2025,false,2020s,6.235633,10.9175472,61.65871096,1468.0,563.068,90.3581219,12.5478825
TOI-5713 b,TOI-5713,toi-5713,Transit,transit,2024,2024,false,2020s,10.441989,1.77,3.78,347.2,40.8668,208.4587323,52.6027628
K2-389 b,K2-389,k2-389,Transit,transit,2022,2022,false,2020s,8.58289,2.33,6.04,932.0,259.208,355.6304152,-9.7135814
HD 224018 c,HD 224018,hd 224018,Transit,transit,2025,2025,false,2020s,36.57669,2.42,10.4,641.0,105.48,358.6390056,-4.7233362
TOI-411 c,HD 22946,hd 22946,Transit,transit,2022,2022,false,2020s,9.573083,2.328,9.72,931.0,62.7792,54.819538,-42.7630276
TOI-3877 b,TOI-3877,toi-3877,Transit,transit,2025,2025,false,2020s,4.123596,11.67975789,99.7981198,1445.0,493.77,170.4544727,33.9913822
Barnard b,Barnard's star,barnard's star,Radial Velocity,radial velocity,2024,2024,false,2020s,3.1542,0.72,0.299,438.0,1.82655,269.4486144,4.7379808
TOI-4336 A b,TOI-4336 A,toi-4336 a,Transit,transit,2024,2024,false,2020s,16.336334,2.12,5.14,308.0,22.5455,206.1070129,-40.3373505
Kepler-158 d,Kepler-158,kepler-158,Transit,transit,2024,2024,false,2020s,0.645088,0.43,0.0472,,315.177,284.0323723,39.7815365
Kepler-1672 b,Kepler-1672,kepler-1672,Transit,transit,2020,2020,false,2020s,150.878,2.97022762,9.11,423.0,391.181,297.9400971,40.2785566
TIC 88785435 b,TIC 88785435,tic 88785435,Transit,transit,2025,2025,false,2020s,10.508843,5.03,22.3,635.0,122.386,224.2838576,-30.8800273
Kepler-1837 b,Kepler-1837,kepler-1837,Transit,transit,2021,2021,false,2020s,5.906089783,2.06673842,4.92,1012.0,1229.18,288.2076012,45.6834463
Kepler-1855 b,Kepler-1855,kepler-1855,Transit,transit,2021,2021,false,2020s,0.727330983,1.216205,1.96,849.0,,283.4018628,41.5161554
Kepler-1680 b,Kepler-1680,kepler-1680,Transit,transit,2020,2020,false,2020s,8.77424,1.35954736,2.42,771.0,310.315,297.0746571,39.9338893
Kepler-1831 b,Kepler-1831,kepler-1831,Transit,transit,2021,2021,false,2020s,5.78387022,1.97019818,4.54,1051.0,1053.49,295.3024604,49.5890456
HD 224018 d,HD 224018,hd 224018,Transit,transit,2025,2025,false,2020s,138.0731,2.4,4.2,411.0,105.48,358.6390056,-4.7233362
Kepler-1785 b,Kepler-1785,kepler-1785,Transit,transit,2021,2021,false,2020s,19.58550072,2.70422447,7.77,666.0,745.74,295.7921797,47.6000699
Kepler-1798 b,Kepler-1798,kepler-1798,Transit,transit,2021,2021,false,2020s,16.85589981,2.30911251,5.94,408.0,395.196,291.7262251,37.528968
Kepler-1716 b,Kepler-1716,kepler-1716,Transit,transit,2021,2021,false,2020s,35.58100128,2.4247685,6.46,408.0,195.439,297.2717207,43.3330644
Kepler-1823 b,Kepler-1823,kepler-1823,Transit,transit,2021,2021,false,2020s,21.10339928,2.0861268,5.0,718.0,724.971,283.754777,45.335125
Kepler-1833 b,Kepler-1833,kepler-1833,Transit,transit,2021,2021,false,2020s,6.892129898,1.30027362,2.24,1177.0,591.602,290.8714239,45.4102813
Kepler-1685 b,Kepler-1685,kepler-1685,Transit,transit,2020,2020,false,2020s,20.4905,2.57673985,7.16,625.0,1141.89,296.1882618,43.9368118
Kepler-1859 b,Kepler-1859,kepler-1859,Transit,transit,2021,2021,false,2020s,2.729599953,1.58313575,3.13,1455.0,1331.25,293.9886751,46.7179996
KOI-2513.01,KOI-2513,koi-2513,Transit,transit,2023,2023,false,2020s,19.00547,2.80224517,7310.053361,758.0,1369.87,293.6688776,46.3792321
Kepler-1876 b,Kepler-1876,kepler-1876,Transit,transit,2021,2021,false,2020s,6.99205,0.853,2.4,1299.0,259.935,299.1604859,41.1437964
Kepler-1691 b,Kepler-1691,kepler-1691,Transit,transit,2020,2020,false,2020s,3.8482,1.83470985,4.02,1283.0,1267.67,286.2543962,41.0218373
Kepler-619 d,Kepler-619,kepler-619,Transit,transit,2023,2023,false,2020s,11.67894236,4.17,16.2,830.0,900.678,290.8490899,48.4159782
KOI-134 b,KOI-134,koi-134,Transit,transit,2025,2025,false,2020s,67.1277,12.03844527,346.43296363,659.0,1159.21,295.586598,45.3649371
Kepler-1880 b,Kepler-1880,kepler-1880,Transit,transit,2021,2021,false,2020s,6.309219837,2.11686218,5.13,606.0,611.041,287.8264561,40.6965988
Kepler-1842 b,Kepler-1842,kepler-1842,Transit,transit,2021,2021,false,2020s,14.02639961,2.35388681,6.14,822.0,923.551,286.2516039,42.3784353
Kepler-1994 b,Kepler-1994,kepler-1994,Transit,transit,2023,2023,false,2020s,4.61225043,0.51,0.087,1032.0,241.991,297.1487941,46.2969247
Kepler-1829 b,Kepler-1829,kepler-1829,Transit,transit,2021,2021,false,2020s,5.186719894,2.47887001,6.71,860.0,679.921,288.664484,51.4983798
Kepler-1808 b,Kepler-1808,kepler-1808,Transit,transit,2021,2021,false,2020s,23.3404007,3.02511302,9.4,601.0,1022.01,287.2924737,39.3832039
Kepler-1682 b,Kepler-1682,kepler-1682,Transit,transit,2020,2020,false,2020s,14.8334,2.88940836,8.7,694.0,1159.85,293.9835827,39.5728474
Kepler-1811 b,Kepler-1811,kepler-1811,Transit,transit,2021,2021,false,2020s,76.42230225,3.84829873,14.1,455.0,1390.56,289.9793241,40.1427848
Kepler-1885 b,Kepler-1885,kepler-1885,Transit,transit,2021,2021,false,2020s,2.522559881,1.51110555,2.89,1205.0,818.482,288.7507112,47.4909206
Kepler-1816 b,Kepler-1816,kepler-1816,Transit,transit,2021,2021,false,2020s,91.50099945,1.9679397,4.53,310.0,437.823,296.8509823,50.6987736
Kepler-1819 b,Kepler-1819,kepler-1819,Transit,transit,2021,2021,false,2020s,16.48690033,3.90351256,14.5,760.0,1363.19,296.5600307,46.8574644
TOI-3984 A b,TOI-3984 A,toi-3984 a,Transit,transit,2023,2023,false,2020s,4.353326,7.9,44.0,563.0,108.883,226.3371468,36.7869747
TOI-4562 b,TOI-4562,toi-4562,Transit,transit,2023,2023,false,2020s,225.1064,12.53,732.0,318.0,339.605,112.0100593,-63.5177788
Kepler-100 e,Kepler-100,kepler-100,Radial Velocity,radial velocity,2023,2023,false,2020s,60.888588,5.27,24.14271827,,304.645,291.3861294,41.9901394
Kepler-1692 b,Kepler-1692,kepler-1692,Transit,transit,2020,2020,false,2020s,5.95966,1.11177184,1.42,897.0,591.019,286.9241804,47.0537092
Kepler-1678 b,Kepler-1678,kepler-1678,Transit,transit,2020,2020,false,2020s,147.974,3.30422249,10.9,329.0,847.339,292.5916297,38.3995629
HS Psc b,HS Psc,hs psc,Radial Velocity,radial velocity,2024,2024,false,2020s,3.986,13.6,464.02947422,,37.6604,24.347379,26.9528036
HIP 111909 c,HIP 111909,hip 111909,Radial Velocity,radial velocity,2025,2025,false,2020s,893.63,13.9,257.44100967,,88.077,340.0304354,-49.5985391
2MASS J11011926-7732383 b,2MASS J11011926-7732383,2mass j11011926-7732383,Imaging,imaging,2024,2024,false,2020s,,11.9,8899.195396,2677.0,,165.3295388,-77.5440912
HIP 77900 b,HIP 77900,hip 77900,Imaging,imaging,2024,2024,false,2020s,,12.1,6674.396547,2507.0,150.862,238.6253901,-27.3387434
UCAC4 328-061594 b,UCAC4 328-061594,ucac4 328-061594,Imaging,imaging,2024,2024,false,2020s,,12.1,6674.396547,,39.9089,152.6991091,-24.4532674
NGTS-30 b,NGTS-30,ngts-30,Transit,transit,2024,2024,false,2020s,98.29838,10.40193409,305.11527072,500.0,238.377,173.714867,-24.6054801
UCAC3 113-933 b,UCAC3 113-933,ucac3 113-933,Imaging,imaging,2024,2024,false,2020s,,12.1,6674.396547,,52.5829,5.2758121,-33.8031679
HD 48948 b,HD 48948,hd 48948,Radial Velocity,radial velocity,2024,2024,false,2020s,7.34013,2.06,4.88,957.0,16.9043,102.489811,60.3373133
HD 48948 d,HD 48948,hd 48948,Radial Velocity,radial velocity,2024,2024,false,2020s,151.92,3.24,10.59,349.0,16.9043,102.489811,60.3373133
TIC 241249530 b,TIC 241249530,tic 241249530,Transit,transit,2024,2024,false,2020s,165.7719,13.29385111,1582.78546686,,324.448,95.3088995,53.2950203
Gaia-4 b,Gaia-4,gaia-4,Astrometry,astrometry,2025,2025,false,2020s,571.3,12.4,3750.3752026,,73.4829,209.5063762,31.6954898
Kepler-1130 d,Kepler-1130,kepler-1130,Transit,transit,2021,2021,false,2020s,4.272250175,0.64472273,0.202,981.0,249.343,285.207421,45.384333
TOI-4443.01,TOI-4443,toi-4443,Transit,transit,2024,2024,false,2020s,1.8498567,1.7193265,3.6,1638.82,56.0739,274.2686643,21.9095459
Barnard c,Barnard's star,barnard's star,Radial Velocity,radial velocity,2025,2025,false,2020s,4.1244,0.743,0.335,400.0,1.82655,269.4486144,4.7379808
NGTS-32 b,NGTS-32,ngts-32,Transit,transit,2025,2025,false,2020s,3.31211,15.91675259,181.16219199,1750.0,837.457,223.8576228,-18.4323191
HD 23079 c,HD 23079,hd 23079,Radial Velocity,radial velocity,2025,2025,false,2020s,5.748913,2.8,8.26,,33.4591,54.9281897,-52.9162344
HD 196067 c,HD 196067,hd 196067,Radial Velocity,radial velocity,2025,2025,false,2020s,4.601088,3.21,10.4,,39.9346,310.4364195,-75.3514992
Kepler-1979 b,Kepler-1979,kepler-1979,Transit,transit,2023,2023,false,2020s,18.5084526,29.33,,683.0,1076.27,289.8429062,38.309622
Kepler-1800 b,Kepler-1800,kepler-1800,Transit,transit,2021,2021,false,2020s,4.562029839,0.99679734,0.961,1533.0,350.455,297.6513317,40.3524154
Kepler-1912 b,Kepler-1912,kepler-1912,Transit,transit,2021,2021,false,2020s,6.059219837,1.35670508,2.41,976.0,297.017,282.1178211,46.2239547
HD 190007 b,HD 190007,hd 190007,Radial Velocity,radial velocity,2020,2020,false,2020s,11.724128,4.06,15.5,,12.7141,300.6956339,3.3266992
Kepler-1895 b,Kepler-1895,kepler-1895,Transit,transit,2021,2021,false,2020s,6.070290089,2.11934728,5.14,789.0,984.187,291.6756005,48.7625419
Kepler-1909 b,Kepler-1909,kepler-1909,Transit,transit,2021,2021,false,2020s,2.391609907,1.09217411,1.33,1031.0,763.662,290.889409,42.4596251
Kepler-656 c,Kepler-656,kepler-656,Transit,transit,2023,2023,false,2020s,5.25449393,1.41,2.57,975.0,890.352,288.3278778,47.381538
Kepler-1953 b,Kepler-1953,kepler-1953,Transit,transit,2021,2021,false,2020s,6.245659828,1.28574667,2.2,731.0,605.631,287.9680995,46.4705959
TOI-663 c,TOI-663,toi-663,Transit,transit,2024,2024,false,2020s,4.6955507,2.26,3.65,553.0,64.2308,160.0658525,-8.5110827
K2-111 c,K2-111,k2-111,Radial Velocity,radial velocity,2020,2020,false,2020s,15.6805,3.33,11.08,,200.394,59.8903081,21.2985263
Kepler-1977 b,Kepler-1977,kepler-1977,Transit,transit,2023,2023,false,2020s,4.53702121,1.66,3.39,798.0,592.711,290.6178587,37.2891002
KMT-2024-BLG-2242L b,KMT-2024-BLG-2242L,kmt-2024-blg-2242l,Microlensing,microlensing,2025,2025,false,2020s,,3.82,13.98444991,,7620.0,268.415,-29.5603111
TOI-3785 b,TOI-3785,toi-3785,Transit,transit,2023,2023,false,2020s,4.6747373,5.14,14.95,582.0,79.7634,130.9002258,63.0780768
GJ 740 b,GJ 740,gj 740,Radial Velocity,radial velocity,2021,2021,false,2020s,2.37756,1.53,2.96,829.0,11.1017,284.4997178,5.902867
Kepler-1949 b,Kepler-1949,kepler-1949,Transit,transit,2021,2021,false,2020s,2.208280087,2.21964541,5.56,1709.0,2617.35,293.5422586,43.0260555
Kepler-1993 b,Kepler-1993,kepler-1993,Transit,transit,2023,2023,false,2020s,26.6565737,4.15,16.1,903.0,1031.91,293.7968548,45.1607261
Kepler-1954 b,Kepler-1954,kepler-1954,Transit,transit,2021,2021,false,2020s,5.883430004,1.80235934,3.9,949.0,1373.83,298.0029203,43.3545882
Kepler-1917 b,Kepler-1917,kepler-1917,Transit,transit,2021,2021,false,2020s,12.90240002,1.88971288,4.23,675.0,909.037,294.1038932,45.0013533
Kepler-1710 b,Kepler-1710,kepler-1710,Transit,transit,2021,2021,false,2020s,14.91110039,3.19744103,3.49494179,694.0,305.193,291.6832878,37.7514726
K2-334 b,K2-334,k2-334,Transit,transit,2021,2021,false,2020s,5.113981,5.65,27.2,1380.0,371.823,136.4894259,16.3255146
K2-348 c,K2-348,k2-348,Transit,transit,2021,2021,false,2020s,12.550171,2.67,7.61,655.0,201.856,130.8783479,24.4229559
Kepler-1749 b,Kepler-1749,kepler-1749,Transit,transit,2021,2021,false,2020s,14.53409958,1.61301783,3.23,420.0,268.2,290.2945805,45.5645196
BD+55 362 b,BD+55 362,bd+55 362,Radial Velocity,radial velocity,2021,2021,false,2020s,265.59,14.0,228.83645304,,52.5697,23.9636676,56.6982282
HD 124330 b,HD 124330,hd 124330,Radial Velocity,radial velocity,2021,2021,false,2020s,270.66,14.0,238.37130525,,60.1977,212.8207093,54.4089731
Kepler-1934 b,Kepler-1934,kepler-1934,Transit,transit,2021,2021,false,2020s,1.419759989,0.91307734,0.702,1700.0,428.514,290.9193265,37.2871677
Kepler-1965 b,Kepler-1965,kepler-1965,Transit,transit,2021,2021,false,2020s,41.86869812,1.35415138,2.4,492.0,521.791,292.5147146,38.0219872
Kepler-1696 b,Kepler-1696,kepler-1696,Transit,transit,2020,2020,false,2020s,65.9409,2.80982017,8.29,454.0,1506.36,295.5761011,42.0233639
Kepler-1660 AB b,Kepler-1660 A,kepler-1660 a,Eclipse Timing Variations,eclipse timing variations,2023,2023,false,2020s,239.5044,12.9,1586.59940774,,1188.54,290.5519537,40.2350445
HD 213472 b,HD 213472,hd 213472,Radial Velocity,radial velocity,2021,2021,false,2020s,17000.0,13.1,1112.3994245,,64.4527,337.7069969,40.7222277
HD 26161 b,HD 26161,hd 26161,Radial Velocity,radial velocity,2021,2021,false,2020s,10942.29013,11.9,9045.39646322,,40.9128,62.4122255,31.6524346
Kepler-27 d,Kepler-27,kepler-27,Transit,transit,2021,2021,false,2020s,6.546289921,2.7061946,7.78,810.0,1044.36,292.2367608,41.085871
Kepler-1935 b,Kepler-1935,kepler-1935,Transit,transit,2021,2021,false,2020s,3.951400042,2.50271696,6.82,1083.0,904.702,296.4037783,39.7227036
Kepler-1997 b,Kepler-1997,kepler-1997,Transit,transit,2023,2023,false,2020s,26.7575866,2.28,5.82,660.0,1502.34,297.4808253,46.5891373
GJ 229 A c,GJ 229,gj 229,Radial Velocity,radial velocity,2020,2020,false,2020s,121.93268,2.87,8.58136699,,5.75624,92.6435993,-21.8677233
GJ 720 A b,GJ 720 A,gj 720 a,Radial Velocity,radial velocity,2021,2021,false,2020s,19.466,3.77,13.64,401.0,15.5575,278.8294172,45.7456038
HD 152843 c,HD 152843,hd 152843,Transit,transit,2021,2021,false,2020s,19.502104,5.94,9.67,253.08,107.898,253.7848853,20.491524
Kepler-784 c,Kepler-784,kepler-784,Transit,transit,2023,2023,false,2020s,17.157236,1.55,3.02,844.0,1303.72,295.9206663,47.4486164
Kepler-58 e,Kepler-58,kepler-58,Transit,transit,2023,2023,false,2020s,4.45814897,1.61,597.796,1212.0,969.252,296.3586251,39.1152033
TOI-519 b,TOI-519,toi-519,Transit,transit,2021,2021,false,2020s,1.2652328,11.54525012,147.15455244,687.0,115.557,124.6067582,-19.6627918
GJ 1061 c,GJ 1061,gj 1061,Radial Velocity,radial velocity,2020,2020,false,2020s,6.689,1.18,1.74,,3.67278,54.0032486,-44.5143104
KIC 8121913 b,KIC 8121913,kic 8121913,Orbital Brightness Modulation,orbital brightness modulation,2021,2021,false,2020s,3.294601,13.4,667.4396547,,707.303,298.9677981,43.909378
HD 80869 b,HD 80869,hd 80869,Radial Velocity,radial velocity,2021,2021,false,2020s,1752.92067,12.8,1609.80088146,203.2,85.3951,140.7912931,33.9048294
Kepler-305 e,Kepler-305,kepler-305,Transit,transit,2020,2020,false,2020s,3.20538,1.7938153,3.87,1000.0,868.477,299.2242557,40.343167
Kepler-1669 d,Kepler-1669,kepler-1669,Transit,transit,2023,2023,false,2020s,4.72941177,1.22,1.98,669.0,543.444,297.4303826,39.8478795
Kepler-1889 b,Kepler-1889,kepler-1889,Transit,transit,2021,2021,false,2020s,37.30369949,2.94360686,8.98,493.0,1395.13,297.1992577,41.2264404
TYC 8998-760-1 b,TYC 8998-760-1,tyc 8998-760-1,Imaging,imaging,2020,2020,false,2020s,,12.3,4449.62,,94.6177,201.3001096,-64.9391566
CoRoT-30 b,CoRoT-30,corot-30,Transit,transit,2020,2020,false,2020s,9.06005,11.309881,921.707,,1032.23,277.6011767,6.8359338
CoRoT-31 b,CoRoT-31,corot-31,Transit,transit,2020,2020,false,2020s,4.62941,16.36514,266.9772,,2005.76,94.820735,-4.4222978
K2-350 b,K2-350,k2-350,Transit,transit,2021,2021,false,2020s,4.163873,1.54,2.99,1158.0,489.368,204.0355092,-14.0092516
K2-352 b,K2-352,k2-352,Transit,transit,2021,2021,false,2020s,3.665912,1.37,2.45,1160.0,176.051,140.4451478,18.469628
Kepler-865 c,Kepler-865,kepler-865,Transit,transit,2023,2023,false,2020s,6.20920207,0.89,0.64,914.0,586.137,297.7242257,43.5272796
Kepler-196 d,Kepler-196,kepler-196,Transit,transit,2021,2021,false,2020s,122.0800018,2.66065673,7.56,297.0,451.312,284.9685077,42.0791214
Kepler-1610 c,Kepler-1610,kepler-1610,Transit,transit,2023,2023,false,2020s,44.9851885,2.09,5.02,433.0,864.331,295.9049795,45.4054296
Kepler-1968 b,Kepler-1968,kepler-1968,Transit,transit,2021,2021,false,2020s,7.281099796,1.50004034,2.86,744.0,750.93,291.5080318,45.3700933
HD 164922 d,HD 164922,hd 164922,Radial Velocity,radial velocity,2020,2020,false,2020s,12.458,1.83,4.0,,22.0016,270.6304652,26.3104077
Kepler-88 d,KOI-142,koi-142,Radial Velocity,radial velocity,2020,2020,false,2020s,1403.0,13.1,965.14699656,,376.863,291.1481028,40.669413
GJ 338 B b,GJ 338 B,gj 338 b,Radial Velocity,radial velocity,2020,2020,false,2020s,24.422,3.25,10.6,391.0,6.33256,138.5916722,52.6835211
EPIC 201427007 b,EPIC 201427007,epic 201427007,Transit,transit,2021,2021,false,2020s,0.72091,1.5,2.86,,706.391,184.6021322,-0.5512886
EPIC 212624936 b,EPIC 212624936,epic 212624936,Transit,transit,2021,2021,false,2020s,0.578657,1.2,1.87,,561.929,210.6376171,-10.0236852
Kepler-160 d,Kepler-160,kepler-160,Transit Timing Variations,transit timing variations,2020,2020,false,2020s,30.0,,100.0,,937.013,287.773573,42.8692755
HD 39194 c,HD 39194,hd 39194,Radial Velocity,radial velocity,2021,2021,false,2020s,14.03,2.39,6.3,,26.4131,86.129071,-70.1382377
TOI-2567 b,TOI-2567,toi-2567,Transit,transit,2022,2022,false,2020s,5.983944,10.92875618,63.88350981,1352.0,504.775,288.4656683,66.3479375
Kepler-616 d,Kepler-616,kepler-616,Transit,transit,2021,2021,false,2020s,51.06740189,2.653,7.52,499.0,945.775,294.989137,46.8383058
Kepler-1705 b,Kepler-1705,kepler-1705,Transit,transit,2021,2021,false,2020s,9.03502,2.03,4.47,789.0,1633.49,301.5785316,44.3121639
Kepler-1488 c,Kepler-1488,kepler-1488,Transit,transit,2021,2021,false,2020s,6.158269882,1.65156749,3.37,1212.0,905.825,286.6464265,49.9377735
TYC 8998-760-1 c,TYC 8998-760-1,tyc 8998-760-1,Imaging,imaging,2020,2020,false,2020s,,12.3299,1906.98,1240.0,94.6177,201.3001096,-64.9391566
BD-11 4672 c,BD-11 4672,bd-11 4672,Radial Velocity,radial velocity,2020,2020,false,2020s,74.2,4.04,15.37,,27.1665,278.3688659,-11.6370481
K2-315 b,K2-315,k2-315,Transit,transit,2020,2020,false,2020s,3.1443189,0.95,0.809,460.0,56.9686,228.0210932,-20.1081634
TOI-561 b,TOI-561,toi-561,Transit,transit,2020,2020,false,2020s,0.4465697,1.397,2.02,2319.0,85.799,148.1851516,6.216103
Kepler-352 d,Kepler-352,kepler-352,Transit,transit,2021,2021,false,2020s,6.887279987,0.80628032,0.449,788.0,252.733,299.8966237,46.0519022
HIP 4845 b,HIP 4845,hip 4845,Radial Velocity,radial velocity,2020,2020,false,2020s,34.15,3.89,14.4,,21.0974,15.5881733,-10.4246208
K2-316 b,K2-316,k2-316,Transit,transit,2020,2020,false,2020s,1.133,1.33,2.33,841.0,112.486,233.6247336,-23.2594663
Kepler-1962 b,Kepler-1962,kepler-1962,Transit,transit,2021,2021,false,2020s,7.991459846,1.21463929,1.95,901.0,866.826,289.5483989,40.1641457
K2-320 b,K2-320,k2-320,Transit,transit,2020,2020,false,2020s,1.995,2.62,7.37,698.0,108.74,163.2519122,5.3064776
K2-323 b,K2-323,k2-323,Transit,transit,2020,2020,false,2020s,24.93,2.1,5.06,318.0,118.318,159.4209874,6.2858689
K2-318 b,K2-318,k2-318,Transit,transit,2020,2020,false,2020s,7.01,1.66,3.39,456.0,147.866,232.4461375,-17.557463
TOI-784 b,HD 307842,hd 307842,Transit,transit,2023,2023,false,2020s,2.7970365,1.93,9.67,1256.0,64.5997,159.3412205,-63.6556923
Kepler-1915 b,Kepler-1915,kepler-1915,Transit,transit,2021,2021,false,2020s,13.83539963,3.21798413,10.4,809.0,1514.66,301.2786852,44.2505116
TOI-1450 A b,TOI-1450 A,toi-1450 a,Transit,transit,2024,2024,false,2020s,2.0439274,1.13,1.258,722.0,22.4467,286.8540627,59.0866254
EPIC 201170410.02,EPIC 201170410,epic 201170410,Transit,transit,2020,2020,false,2020s,6.7987,1.047,1.15,,134.0,170.1408561,-4.8070039
Kepler-1699 b,Kepler-1699,kepler-1699,Transit,transit,2020,2020,false,2020s,3.49082,1.56671124,3.08,1010.0,818.759,292.1373281,48.9171579
Kepler-2001 b,Kepler-2001,kepler-2001,Transit,transit,2023,2023,false,2020s,1.090011003,1.04,1.12,1402.0,776.55,291.6594558,50.5838585
Kepler-1928 b,Kepler-1928,kepler-1928,Transit,transit,2021,2021,false,2020s,19.57783,1.992,4.63,621.0,326.362,290.4406294,38.5235721
Kepler-1801 c,Kepler-1801,kepler-1801,Transit,transit,2023,2023,false,2020s,116.583183,2.91,8.8,371.0,839.332,295.1640095,39.2014024
HIP 18606 b,HIP 18606,hip 18606,Radial Velocity,radial velocity,2025,2025,false,2020s,674.94,14.0,244.72787339,,47.0288,59.7181058,-5.4706979
HD 86065 b,HD 86065,hd 86065,Radial Velocity,radial velocity,2022,2022,false,2020s,25775.78859,12.5,2877.30056857,,40.3661,148.9256674,-18.1069385
HD 115404 A c,HD 115404 A,hd 115404 a,Radial Velocity,radial velocity,2022,2022,false,2020s,15319.22517,12.5,3279.67133183,,10.9816,199.2155793,17.0160384
K2-411 b,K2-411,k2-411,Transit,transit,2022,2022,false,2020s,3.2141,0.9898,0.937,,298.219,58.003631,19.3909877
K2-412 b,K2-412,k2-412,Transit,transit,2022,2022,false,2020s,5.9382,2.116,5.13,,654.085,76.2621295,21.580162
GJ 1002 b,GJ 1002,gj 1002,Radial Velocity,radial velocity,2022,2022,false,2020s,10.3465,1.03,1.08,230.9,4.84867,1.6764641,-7.5462123
HD 5278 c,HD 5278,hd 5278,Radial Velocity,radial velocity,2021,2021,false,2020s,40.87,4.49,18.4,,57.5846,12.5467785,-83.7437671
PZ Tel b,PZ Tel,pz tel,Imaging,imaging,2023,2023,false,2020s,44000.0,11.9,8581.366989,,47.0648,283.2745823,-50.1808952
GJ 1151 c,GJ 1151,gj 1151,Radial Velocity,radial velocity,2023,2023,false,2020s,389.7,3.25,10.62,,8.03625,177.7304866,48.3732334
HIP 99770 b,HIP 99770,hip 99770,Imaging,imaging,2023,2023,false,2020s,18600.0,12.2,5117.0373527,,40.0765,303.6338344,36.8066046
HD 167677 b,HD 167677,hd 167677,Radial Velocity,radial velocity,2023,2023,false,2020s,1820.0,13.2,905.81095995,,54.3258,274.2067844,-11.4067857
HD 94771 b,HD 94771,hd 94771,Radial Velocity,radial velocity,2023,2023,false,2020s,2164.0,14.2,169.0,,57.7807,163.9746776,-35.1145225
Kepler-1760 b,Kepler-1760,kepler-1760,Transit,transit,2021,2021,false,2020s,38.3260994,2.28995546,5.86,480.0,,284.1326058,48.8251452
TOI-220 b,TOI-220,toi-220,Transit,transit,2021,2021,false,2020s,10.695264,3.03,13.8,805.0,90.7402,91.7996988,-61.9972098
MWC 758 c,MWC 758,mwc 758,Imaging,imaging,2023,2023,false,2020s,,,,500.0,159.537,82.6147199,25.3324076
HD 135625 b,HD 135625,hd 135625,Radial Velocity,radial velocity,2023,2023,false,2020s,4055.0,13.3,731.0053361,,56.518,229.4511514,-45.9225871
HD 185283 b,HD 185283,hd 185283,Radial Velocity,radial velocity,2023,2023,false,2020s,4060.0,13.6,413.1769291,,31.395,295.3233609,-56.3221096
Kepler-1978 b,Kepler-1978,kepler-1978,Transit,transit,2023,2023,false,2020s,10.84969477,2.67,7.61,676.0,865.512,286.0067312,38.0095407
Kepler-1773 b,Kepler-1773,kepler-1773,Transit,transit,2021,2021,false,2020s,40.80970001,3.50469499,12.1,623.0,681.255,286.2232284,38.2581676
TOI-5789 d,TOI-5789,toi-5789,Radial Velocity,radial velocity,2026,2026,false,2020s,29.65,1.91,4.29,545.0,20.4581,302.7734475,16.1897138
Kepler-1677 b,Kepler-1677,kepler-1677,Transit,transit,2020,2020,false,2020s,22.064,2.70216183,7.76,712.0,735.369,298.493273,47.0130566
KOI-1783.01,KOI-1783,koi-1783,Transit,transit,2020,2020,false,2020s,134.4628,8.86,71.0,412.0,865.73,289.3414629,46.988155
HD 109988 b,HD 109988,hd 109988,Radial Velocity,radial velocity,2022,2022,false,2020s,17132.15854,12.1,6935.33366915,,42.5279,189.8154662,-32.7263607
HD 11112 b,HD 11112,hd 11112,Radial Velocity,radial velocity,2022,2022,false,2020s,17244.90764,12.6,2598.56505563,,44.3804,27.0881399,-41.4944106
HD 11505 b,HD 11505,hd 11505,Radial Velocity,radial velocity,2022,2022,false,2020s,32669.22247,12.6,2510.52658689,,38.9679,28.2750265,-1.3284416
HD 122562 c,HD 122562,hd 122562,Radial Velocity,radial velocity,2022,2022,false,2020s,84.96276,10.1,73.10053361,,53.2528,210.5886904,20.8810286
HD 135872 b,HD 135872,hd 135872,Radial Velocity,radial velocity,2022,2022,false,2020s,2422.32597,12.8,1744.56012602,,82.4251,229.4213643,-5.2024735
HD 113337 c,HD 113337,hd 113337,Radial Velocity,radial velocity,2020,2020,false,2020s,5429.93477,12.1,6299.67685515,,36.18,195.4438496,63.610328
HD 151450 c,HD 151450,hd 151450,Radial Velocity,radial velocity,2022,2022,false,2020s,18144.76236,12.8,1636.18063924,,43.6002,252.0080127,-15.964345
HD 188641 b,HD 188641,hd 188641,Radial Velocity,radial velocity,2022,2022,false,2020s,14583.81038,11.9,9333.03117155,,64.3399,299.4048303,-37.7448845
HD 13724 c,HD 13724,hd 13724,Radial Velocity,radial velocity,2022,2022,false,2020s,142.22895,8.18,50.85254512,,43.465,33.0859626,-46.8166738
HD 28185 c,HD 28185,hd 28185,Radial Velocity,radial velocity,2022,2022,false,2020s,17417.92079,12.1,6241.83208507,,39.3809,66.6100461,-10.5510754
HD 205158 b,HD 205158,hd 205158,Radial Velocity,radial velocity,2022,2022,false,2020s,25.33798,13.9,124.58873554,,86.6159,323.9186227,-59.6933144
KMT-2018-BLG-0247L b,KMT-2018-BLG-0247L,kmt-2018-blg-0247l,Microlensing,microlensing,2022,2022,false,2020s,,13.4,670.61793877,,6760.0,264.5600417,-27.1504111
KMT-2021-BLG-1372L b,KMT-2021-BLG-1372L,kmt-2021-blg-1372l,Microlensing,microlensing,2022,2022,false,2020s,,9.12,61.27,,5970.0,264.4885417,-28.1483889
EPIC 212587672 c,EPIC 212587672,epic 212587672,Transit,transit,2021,2021,false,2020s,23.228555,2.32,5.99,658.0,320.07,205.4445125,-10.8625468
KMT-2021-BLG-1105L b,KMT-2021-BLG-1105L,kmt-2021-blg-1105l,Microlensing,microlensing,2023,2023,false,2020s,,13.6,413.1769291,,4540.0,265.73225,-25.5089111
KMT-2021-BLG-0712L b,KMT-2021-BLG-0712L,kmt-2021-blg-0712l,Microlensing,microlensing,2023,2023,false,2020s,,6.91,38.19,,3090.0,269.2856667,-31.1844694
Kepler-1729 b,Kepler-1729,kepler-1729,Transit,transit,2021,2021,false,2020s,4.220970154,3.89404186,14.4,595.0,576.181,296.6939428,42.6261145
KMT-2018-BLG-1996L b,KMT-2018-BLG-1996L,kmt-2018-blg-1996l,Microlensing,microlensing,2021,2021,false,2020s,,13.7,346.43296363,,5910.0,268.6785,-22.8204111
OGLE-2018-BLG-1647L b,OGLE-2018-BLG-1647L,ogle-2018-blg-1647l,Microlensing,microlensing,2022,2022,false,2020s,,13.8,308.29355479,,7880.0,268.962375,-31.817
HD 22946 d,HD 22946,hd 22946,Transit,transit,2023,2023,false,2020s,47.42489,2.607,26.57,546.0,62.7792,54.819538,-42.7630276
K2-377 b,K2-377,k2-377,Transit,transit,2022,2022,false,2020s,12.832235,1.693,3.51,,195.149,202.897887,-12.0951142
KMT-2018-BLG-1743L b,KMT-2018-BLG-1743L,kmt-2018-blg-1743l,Microlensing,microlensing,2021,2021,false,2020s,,10.5,77.86795971,,6483.0,274.283375,-26.3596389
KMT-2019-BLG-2783L b,KMT-2019-BLG-2783L,kmt-2019-blg-2783l,Microlensing,microlensing,2023,2023,false,2020s,,13.7,368.68095212,,5910.0,269.2919167,-33.7885194
TOI-2196 b,TOI-2196,toi-2196,Transit,transit,2022,2022,false,2020s,1.1947268,3.51,26.0,1860.0,259.947,312.3400744,-70.4850723
Kepler-1730 b,Kepler-1730,kepler-1730,Transit,transit,2021,2021,false,2020s,13.81019974,4.48524519,18.4,833.0,1427.08,281.9605834,43.7030386
OGLE-2019-BLG-0304L b,OGLE-2019-BLG-0304L,ogle-2019-blg-0304l,Microlensing,microlensing,2021,2021,false,2020s,,14.2,162.09248757,,6980.0,264.0267083,-26.1459889
OGLE-2019-BLG-0679L b,OGLE-2019-BLG-0679L,ogle-2019-blg-0679l,Microlensing,microlensing,2023,2023,false,2020s,,13.1,1061.54687938,,5630.0,265.7404167,-27.7728806
KMT-2021-BLG-1547L b,KMT-2021-BLG-1547L,kmt-2021-blg-1547l,Microlensing,microlensing,2023,2023,false,2020s,,13.6,467.20775829,,5070.0,272.3995833,-29.0839389
MOA-2020-BLG-208L b,MOA-2020-BLG-208L,moa-2020-blg-208l,Microlensing,microlensing,2023,2023,false,2020s,,7.71,46.0,,7490.0,268.4325,-32.5893111
Kepler-1669 c,Kepler-1669,kepler-1669,Transit,transit,2021,2021,false,2020s,1.609320045,1.90120972,4.27,958.0,543.444,297.4303826,39.8478795
Kepler-1668 b,Kepler-1668,kepler-1668,Transit,transit,2020,2020,false,2020s,15.434,4.34764405,17.4,721.0,1335.64,297.3523076,46.0959309
Kepler-347 d,Kepler-347,kepler-347,Transit,transit,2023,2023,false,2020s,85.517344,3.04,9.48,482.0,1298.88,289.1995995,49.3056404
Kepler-1518 c,Kepler-1518,kepler-1518,Transit,transit,2023,2023,false,2020s,9.6310258,2.9,8.75,1094.0,903.51,300.3323404,44.9861065
KMT-2019-BLG-0297L b,KMT-2019-BLG-0297L,kmt-2019-blg-0297l,Microlensing,microlensing,2023,2023,false,2020s,,12.1,6038.739733,,3090.0,270.0632917,-28.9652806
OGLE-2019-BLG-1180L b,OGLE-2019-BLG-1180L,ogle-2019-blg-1180l,Microlensing,microlensing,2023,2023,false,2020s,,13.5,555.24622703,,6070.0,269.2465417,-27.9754444
Kepler-1726 b,Kepler-1726,kepler-1726,Transit,transit,2021,2021,false,2020s,18.39629936,2.50861954,6.84,582.0,390.552,284.3861498,45.7197342
KMT-2023-BLG-0735L b,KMT-2023-BLG-0735L,kmt-2023-blg-0735l,Microlensing,microlensing,2024,2024,false,2020s,,6.97,38.77506565,,6390.0,267.5759583,-29.2029194
KMT-2023-BLG-1431L b,KMT-2023-BLG-1431L,kmt-2023-blg-1431l,Microlensing,microlensing,2024,2024,false,2020s,,3.76,13.6,,6800.0,271.1835417,-29.7439194
OGLE-2019-BLG-1470L AB c,OGLE-2019-BLG-1470L A,ogle-2019-blg-1470l a,Microlensing,microlensing,2022,2022,false,2020s,,13.3,699.2224954,,5900.0,271.9492083,-27.0335556
Kepler-1758 b,Kepler-1758,kepler-1758,Transit,transit,2021,2021,false,2020s,9.977210045,2.57059831,7.13,1028.0,1588.41,297.7968197,39.9213378
KOI-7368 b,KOI-7368,koi-7368,Transit,transit,2022,2022,false,2020s,6.8430344,2.22,5.56,805.0,264.995,293.9476365,48.0652589
KMT-2023-BLG-1866L b,KMT-2023-BLG-1866L,kmt-2023-blg-1866l,Microlensing,microlensing,2024,2024,false,2020s,,1.43,2.63,,6210.0,273.48225,-28.4473889
KMT-2021-BLG-0119L b,KMT-2021-BLG-0119L,kmt-2021-blg-0119l,Microlensing,microlensing,2022,2022,false,2020s,,12.8,1754.41280664,,3130.0,274.0005417,-29.7438889
KMT-2017-BLG-0673L b,KMT-2017-BLG-0673L,kmt-2017-blg-0673l,Microlensing,microlensing,2022,2022,false,2020s,,13.0,1166.43025369,,5080.0,264.7570417,-33.8080278
KMT-2022-BLG-2286L b,KMT-2022-BLG-2286L,kmt-2022-blg-2286l,Microlensing,microlensing,2024,2024,false,2020s,,12.1,6038.739733,,7320.0,269.16525,-28.8549194
KMT-2023-BLG-2209L b,KMT-2023-BLG-2209L,kmt-2023-blg-2209l,Microlensing,microlensing,2025,2025,false,2020s,,13.9,254.2627256,,5570.0,268.9942083,-29.3056694
K2-367 b,K2-367,k2-367,Transit,transit,2022,2022,false,2020s,20.645099,2.413,6.41,,176.965,337.8588454,-13.2644554
KMT-2018-BLG-0029L b,KMT-2018-BLG-0029L,kmt-2018-blg-0029l,Microlensing,microlensing,2020,2020,false,2020s,,2.67,7.59,,3380.0,264.469458,-27.9847
KMT-2019-BLG-1806L b,KMT-2019-BLG-1806L,kmt-2019-blg-1806l,Microlensing,microlensing,2023,2023,false,2020s,,2.0,4.67,,6640.0,270.5375417,-29.4148889
KMT-2018-BLG-1292L b,KMT-2018-BLG-1292L,kmt-2018-blg-1292l,Microlensing,microlensing,2020,2020,false,2020s,,12.9,1400.0,,3460.0,263.427583,-33.5206694
KMT-2019-BLG-1953L b,KMT-2019-BLG-1953L,kmt-2019-blg-1953l,Microlensing,microlensing,2020,2020,false,2020s,,14.1,200.0,,7040.0,269.11625,-28.2011111
OGLE-2018-BLG-0516L b,OGLE-2018-BLG-0516L,ogle-2018-blg-0516l,Microlensing,microlensing,2022,2022,false,2020s,,4.73,20.1,,7000.0,269.640125,-31.2623889
KMT-2016-BLG-1105L b,KMT-2016-BLG-1105L,kmt-2016-blg-1105l,Microlensing,microlensing,2023,2023,false,2020s,,1.33,2.32,,5080.0,266.44725,-26.2663694
BD+42 2315 b,BD+42 2315,bd+42 2315,Radial Velocity,radial velocity,2023,2023,false,2020s,123.05,14.2,174.80562385,,610.715,187.5887597,41.2695674
OGLE-2016-BLG-1093L b,OGLE-2016-BLG-1093L,ogle-2016-blg-1093l,Microlensing,microlensing,2022,2022,false,2020s,,14.0,225.65816897,,8120.0,269.0042917,-32.7134722
KMT-2019-BLG-0953L b,KMT-2019-BLG-0953L,kmt-2019-blg-0953l,Microlensing,microlensing,2022,2022,false,2020s,,4.06,15.5,,7200.0,269.3385833,-28.6746389
NGTS-18 b,NGTS-18,ngts-18,Transit,transit,2021,2021,false,2020s,3.05125,13.56286665,129.99181846,1381.0,1096.19,180.5462193,-35.5486091
HD 143811 AB b,HD 143811 A,hd 143811 a,Imaging,imaging,2025,2025,false,2020s,117000.0,15.69257298,1938.7532827,1042.0,136.608,240.8891972,-30.1371574
KMT-2024-BLG-1005L b,KMT-2024-BLG-1005L,kmt-2024-blg-1005l,Microlensing,microlensing,2025,2025,false,2020s,,12.1,6674.396547,,6950.0,269.8055833,-28.7557806
NGTS-34 b,NGTS-34,ngts-34,Transit,transit,2025,2025,false,2020s,43.12655,3.65,19.1,624.0,120.475,162.4997176,-44.5478575
